--
-- Table structure for table `categories`
--

DROP TABLE IF EXISTS `categories`;
/*!40101 SET @saved_cs_client     = @@character_set_client */;
/*!50503 SET character_set_client = utf8mb4 */;
CREATE TABLE `categories` (
  `id` bigint(20) unsigned NOT NULL AUTO_INCREMENT,
  `name` varchar(191) COLLATE utf8mb4_unicode_ci NOT NULL,
  `parent_id` int(11) DEFAULT NULL,
  `is_active` tinyint(4) NOT NULL DEFAULT '1',
  `created_at` datetime NOT NULL DEFAULT CURRENT_TIMESTAMP,
  `deleted_at` timestamp NULL DEFAULT NULL,
  PRIMARY KEY (`id`),
  UNIQUE KEY `categories_name_unique` (`name`)
) ENGINE=InnoDB AUTO_INCREMENT=15 DEFAULT CHARSET=utf8mb4 COLLATE=utf8mb4_unicode_ci;
/*!40101 SET character_set_client = @saved_cs_client */;

--
-- Dumping data for table `categories`
--

LOCK TABLES `categories` WRITE;
/*!40000 ALTER TABLE `categories` DISABLE KEYS */;
INSERT INTO `categories` VALUES (1,'Bières',NULL,1,'2020-09-03 22:06:28',NULL),(2,'Boissons Gazeuses',NULL,1,'2020-09-03 22:07:23',NULL),(3,'Top',NULL,1,'2020-09-03 22:07:34','2020-09-03 22:08:11'),(4,'Alcools mix',NULL,1,'2020-09-03 22:07:46',NULL),(5,'Eaux',NULL,1,'2020-09-03 22:08:19',NULL),(6,'Whisky',NULL,1,'2020-09-03 22:49:20',NULL),(7,'Champagnes',NULL,1,'2020-09-03 22:49:35',NULL),(8,'Cocktails',NULL,1,'2020-09-03 22:50:47',NULL),(9,'Stout Beer',NULL,1,'2020-09-04 12:55:05',NULL),(10,'Lager Beer',NULL,1,'2020-09-04 12:55:44',NULL),(11,'Ready To Drink',NULL,1,'2020-09-04 12:56:40',NULL),(12,'Malt',NULL,1,'2020-09-04 12:57:06',NULL),(13,'Vins',NULL,1,'2020-09-08 15:58:05',NULL),(14,'Nourritures',NULL,1,'2020-10-31 19:08:15',NULL);
/*!40000 ALTER TABLE `categories` ENABLE KEYS */;
UNLOCK TABLES;


LOCK TABLES `products` WRITE;
/*!40000 ALTER TABLE `products` DISABLE KEYS */;
INSERT INTO `products` VALUES (1,1,1,'Beaufort Tango 50cl','5f554c62e1805',NULL,'Brasseries',NULL,NULL,'template/assets/static/products/Snack Bar/Bières/Beaufort Tango 50cl.png',1,'2020-09-03 22:10:17',NULL),(2,1,1,'Isenbeck fut 30 litres','5f554c7dc4115',NULL,'Brasseries',NULL,NULL,'template/assets/static/products/Snack Bar/Bières/Isenbeck fut 30 litres.png',1,'2020-09-03 22:11:10',NULL),(3,1,1,'Isenbeck 33cl','5f5543a56e0b8',NULL,'Brasseries',NULL,NULL,'template/assets/static/products/Snack Bar/Bières/Isenbeck 33cl.png',1,'2020-09-03 22:12:01','2020-11-04 19:25:21'),(4,1,3,'Isenbeck 50cl','5f5545d12de97',NULL,'Brasseries',NULL,NULL,'template/assets/static/products/Snack Bar/Bières/Isenbeck 50cl.png',1,'2020-09-03 22:13:16',NULL),(5,1,1,'Isenbeck 65cl','5f5545facf9c4',NULL,'Brasseries',NULL,NULL,'template/assets/static/products/Snack Bar/Bières/Isenbeck 65cl.png',1,'2020-09-03 22:15:34','2020-11-06 17:59:17'),(6,1,1,'33 Export 33cl','5f5548dc24f81',NULL,'Brasseries',NULL,NULL,'template/assets/static/products/Snack Bar/Bières/33 Export 33cl.png',1,'2020-09-03 22:15:34','2020-11-04 19:25:33'),(7,1,1,'33 Export 50cl','5f5548f8313c6',NULL,'Brasseries',NULL,NULL,'template/assets/static/products/Snack Bar/Bières/33 Export 50cl.png',1,'2020-09-03 22:17:32',NULL),(8,1,1,'33 Export 65cl','5f554918aa531',NULL,'Brasseries',NULL,NULL,'template/assets/static/products/Snack Bar/Bières/33 Export 65cl.png',1,'2020-09-03 22:17:33',NULL),(9,1,1,'Beaufort Lager 50cl','5f626c722bfd0',NULL,'Brasseries',NULL,NULL,'template/assets/static/products/Snack Bar/Bières/Beaufort Lager 50cl.png',1,'2020-09-03 22:18:34',NULL),(10,1,1,'Beaufort Light 50cl','5f554a57acc51',NULL,'Brasseries',NULL,NULL,'template/assets/static/products/Snack Bar/Bières/Beaufort Light 50cl.png',1,'2020-09-03 22:25:55',NULL),(11,1,1,'Castel fut de 30 litres','5f554a7ec062d',NULL,'Brasseries',NULL,NULL,'template/assets/static/products/Snack Bar/Bières/Castel fut de 30 litres.png',1,'2020-09-03 22:29:09',NULL),(12,1,1,'Castel 33cl','5f569ea72a252',NULL,'Brasseries',NULL,NULL,'template/assets/static/products/Snack Bar/Bières/Castel 33cl.png',1,'2020-09-03 22:30:00',NULL),(13,1,1,'Castel 50cl','5f569ec58fe53',NULL,'Brasseries',NULL,NULL,'template/assets/static/products/Snack Bar/Bières/Castel 50cl.png',1,'2020-09-03 22:31:26',NULL),(14,1,1,'Castel 65cl','5f569ed5bd546',NULL,'Brasseries',NULL,NULL,'template/assets/static/products/Snack Bar/Bières/Castel 65cl.png',1,'2020-09-03 22:32:02',NULL),(15,1,1,'Manyan 65cl','5f569eee8a0d3',NULL,'Brasseries',NULL,NULL,'template/assets/static/products/Snack Bar/Bières/Manyan 65cl.png',1,'2020-09-03 22:33:51',NULL),(16,1,1,'Doppel Munich 33cl','5f569f02cd4a7',NULL,'Brasseries',NULL,NULL,'template/assets/static/products/Snack Bar/Bières/Doppel Munich 33cl.png',1,'2020-09-03 22:36:14',NULL),(17,1,1,'Doppel Munich 50cl','5f569f1a12e80',NULL,'Brasseries',NULL,NULL,'template/assets/static/products/Snack Bar/Bières/Doppel Munich 50cl.png',1,'2020-09-03 22:37:00',NULL),(18,1,1,'Doppel Munich 65cl','5f569f323f4bd',NULL,'Brasseries',NULL,NULL,'template/assets/static/products/Snack Bar/Bières/Doppel Munich 65cl.png',1,'2020-09-03 22:37:34',NULL),(19,1,1,'Pelforth Extra Stout 33cl','5f569f4947b77',NULL,'Brasseries',NULL,NULL,'template/assets/static/products/Snack Bar/Bières/Pelforth Extra Stout 33cl.png',1,'2020-09-03 22:39:07',NULL),(20,1,1,'Pelforth Extra Stout 65cl','5f5170be8546d',NULL,'Brasseries',NULL,NULL,'template/assets/static/products/Snack Bar/Bières/Pelforth Extra Stout 65cl.png',1,'2020-09-03 22:39:58',NULL),(21,1,1,'Amstel 65cl','5f569f8431f38',NULL,'Brasseries',NULL,NULL,'template/assets/static/products/Snack Bar/Bières/Amstel 65cl.png',1,'2020-09-03 22:41:21',NULL),(22,1,1,'Heineken 33cl','5f51728466fd3',NULL,'Brasseries',NULL,NULL,'template/assets/static/products/Snack Bar/Bières/Heineken 33cl.png',1,'2020-09-03 22:47:32',NULL),(23,1,3,'Heineken 50cl','5f5172c8d53f2',NULL,'Brasseries',NULL,NULL,'template/assets/static/products/Snack Bar/Bières/Heineken 50cl.png',1,'2020-09-03 22:48:41',NULL),(24,1,1,'Mutzig 33cl','5f52140f87099','','Brasseries',NULL,NULL,'template/assets/static/products/Snack Bar/Bières/Mutzig 33cl.png',1,'2020-09-04 10:16:47',NULL),(25,1,1,'Mutzig 50cl','5f52153cc5d61','','Brasseries',NULL,NULL,'template/assets/static/products/Snack Bar/Bières/Mutzig 50cl.png',1,'2020-09-04 10:21:49',NULL),(26,1,1,'Mutzig 65cl','5f52153d23d36','','Brasseries',NULL,NULL,'template/assets/static/products/Snack Bar/Bières/Mutzig 65cl.png',1,'2020-09-04 10:21:49',NULL),(27,1,1,'Mutzig 50cl','5f5215416e4c5','','Brasseries',NULL,NULL,'template/assets/static/products/Snack Bar/Bières/Mutzig 50cl.png',1,'2020-09-04 10:21:53',NULL),(28,1,1,'Mutzig 65cl','5f521541cb4b4','','Brasseries',NULL,NULL,'template/assets/static/products/Snack Bar/Bières/Mutzig 65cl.png',1,'2020-09-04 10:21:53',NULL),(29,1,1,'Castle Milk Stout 50cl','5f521584e8fb0',NULL,'Brasseries',NULL,NULL,'template/assets/static/products/Snack Bar/Bières/Castle Milk Stout 50cl.png',1,'2020-09-04 10:23:01',NULL),(30,2,1,'D\'jino C-Fruits  Pet 100cl','5f569fa30eaba',NULL,'Brasseries',NULL,NULL,'template/assets/static/products/Snack Bar/Boissons Gazeuses/D\'jino C-Fruits  Pet 100cl.png',1,'2020-09-04 10:26:13',NULL),(31,2,1,'D\'jino C-Fruits  Pet 200cl','5f569fd20b589',NULL,'Brasseries',NULL,NULL,'template/assets/static/products/Snack Bar/Boissons Gazeuses/D\'jino C-Fruits  Pet 200cl.png',1,'2020-09-04 10:26:13',NULL),(32,2,1,'D\'jino C-Fruits  Pet 35cl','5f569fef60cd8',NULL,'Brasseries',NULL,NULL,'template/assets/static/products/Snack Bar/Boissons Gazeuses/D\'jino C-Fruits  Pet 35cl.png',1,'2020-09-04 10:28:37',NULL),(33,2,1,'D\'jino C-Fruits  Pet 60cl','5f56a015b849a',NULL,'Brasseries',NULL,NULL,'template/assets/static/products/Snack Bar/Boissons Gazeuses/D\'jino C-Fruits  Pet 60cl.png',1,'2020-09-04 10:28:38',NULL),(34,2,1,'XXL 30cl','5f5218dcbcd93','1','Brasseries',NULL,NULL,'template/assets/static/products/Snack Bar/Boissons Gazeuses/XXL 30cl.png',1,'2020-09-04 10:37:16',NULL),(35,2,1,'XXL 33cl ','5f5218dd26bfd','1','Brasseries',NULL,NULL,'template/assets/static/products/Snack Bar/Boissons Gazeuses/XXL 33cl .png',1,'2020-09-04 10:37:17',NULL),(36,2,1,'XXL 35cl ','5f5218dd714c7','1','Brasseries',NULL,NULL,'template/assets/static/products/Snack Bar/Boissons Gazeuses/XXL 35cl .png',1,'2020-09-04 10:37:17',NULL),(37,2,1,'Sirop Grenadine 50cl','5f647338001d3',NULL,'Brasseries',NULL,NULL,'template/assets/static/products/Snack Bar/Boissons Gazeuses/Sirop Grenadine 50cl.png',1,'2020-09-04 10:52:01',NULL),(38,2,1,'Sirop Menthe 50cl','5f56a05789dab',NULL,'Brasseries',NULL,NULL,'template/assets/static/products/Snack Bar/Boissons Gazeuses/Sirop Menthe 50cl.png',1,'2020-09-04 10:52:01',NULL),(39,2,3,'Top Ananas Pet 100 CL','5f64707680d1e',NULL,'Brasseries',NULL,NULL,'template/assets/static/products/Snack Bar/Boissons Gazeuses/Top Ananas Pet 100 CL.png',1,'2020-09-04 10:52:01',NULL),(40,2,3,'Top Ananas Pet 200cl','5f64709e063bf',NULL,'Brasseries',NULL,NULL,'template/assets/static/products/Snack Bar/Boissons Gazeuses/Top Ananas Pet 200cl.png',1,'2020-09-04 11:00:21',NULL),(41,2,3,'Top Ananas 30cl','5f6470cc29d93',NULL,'Brasseries',NULL,NULL,'template/assets/static/products/Snack Bar/Boissons Gazeuses/Top Ananas 30cl.png',1,'2020-09-04 11:09:28',NULL),(42,2,3,'Top Anana Pet 35cl','5f69e23d8597e',NULL,'Brasseries',NULL,NULL,'template/assets/static/products/Snack Bar/Boissons Gazeuses/Top Anana Pet 35cl.png',1,'2020-09-04 11:10:57',NULL),(43,2,3,'Top Ananas 60cl','5f6470cbf0a69',NULL,'Brasseries',NULL,NULL,'template/assets/static/products/Snack Bar/Boissons Gazeuses/Top Ananas 60cl.png',1,'2020-09-04 11:21:39',NULL),(44,2,3,'Coca-Cola Pet 100cl','5f52251b889db',NULL,'Brasseries',NULL,NULL,'template/assets/static/products/Snack Bar/Boissons Gazeuses/Coca-Cola Pet 100cl.png',1,'2020-09-04 11:24:20',NULL),(45,2,3,'Coca-Cola Pet 200cl','5f5224d3191c3',NULL,'Brasseries',NULL,NULL,'template/assets/static/products/Snack Bar/Boissons Gazeuses/Coca-Cola Pet 200cl.png',1,'2020-09-04 11:28:19',NULL),(46,2,3,'Coca-Cola 30cl','5f5226fd8d8e1',NULL,'Brasseries',NULL,NULL,'template/assets/static/products/Snack Bar/Boissons Gazeuses/Coca-Cola 30cl.png',1,'2020-09-04 11:37:33',NULL),(47,2,3,'Coca-Cola33 CL','5f69e25f90d45',NULL,'Brasseries',NULL,NULL,'template/assets/static/products/Snack Bar/Boissons Gazeuses/Coca-Cola33 CL.png',1,'2020-09-04 11:42:36',NULL),(48,2,1,'Coca-Cola Pet 35cl','5f5229336199f',NULL,'Brasseries',NULL,NULL,'template/assets/static/products/Snack Bar/Boissons Gazeuses/Coca-Cola Pet 35cl.png',1,'2020-09-04 11:46:59',NULL),(49,12,1,'Malta Guinness 33 CL','5f625da16cb5a',NULL,'Guinness',NULL,NULL,'template/assets/static/products/Snack Bar/Malt/Malta Guinness 33 CL.png',1,'2020-09-04 12:52:45',NULL),(50,12,1,'MALTA GUINNESS 33 CL','5f554db1488ca',NULL,'Guinness',NULL,NULL,'template/assets/static/products/Snack Bar/Bières/MALTA GUINNESS 33 CL.png',1,'2020-09-04 12:52:45','2020-09-06 21:01:10'),(51,1,1,'MALTA GUINNESS 33 CL','5f52389dd0143','1','1',NULL,NULL,'template/assets/static/products/Snack Bar/Bières/MALTA GUINNESS 33 CL.png',1,'2020-09-04 12:52:46','2020-09-04 14:19:07'),(52,1,1,'HARP 60CL','5f52389dbcbda','1','1',NULL,NULL,'template/assets/static/products/Snack Bar/Bières/HARP 60CL.png',1,'2020-09-04 12:52:46','2020-09-04 14:18:55'),(53,1,1,'HARP 60CL','5f52389e892b7','1','1',NULL,NULL,'template/assets/static/products/Snack Bar/Bières/HARP 60CL.png',1,'2020-09-04 12:52:46','2020-09-04 14:19:00'),(54,12,1,'MALTA GUINNESS 33 CL','5f524cb48a566','1','1',NULL,NULL,'template/assets/static/products/Snack Bar/Bières/MALTA GUINNESS 33 CL.png',1,'2020-09-04 12:52:47','2020-09-06 21:01:26'),(55,1,1,'MALTA GUINNESS 33 CL','5f52389f73728','1','1',NULL,NULL,'template/assets/static/products/Snack Bar/Bières/MALTA GUINNESS 33 CL.png',1,'2020-09-04 12:52:47','2020-09-04 14:18:19'),(56,1,1,'MALTA GUINNESS 33 CL','5f52389fabc44','1','1',NULL,NULL,'template/assets/static/products/Snack Bar/Bières/MALTA GUINNESS 33 CL.png',1,'2020-09-04 12:52:48','2020-09-04 14:16:54'),(57,10,1,'HARP 60CL','5f554e5deebd0',NULL,'Guinness',NULL,NULL,'template/assets/static/products/Snack Bar/Bières/HARP 60CL.png',1,'2020-09-04 12:52:48',NULL),(58,10,1,'HARP 30CL','5f554e70189fb',NULL,'Guinness',NULL,NULL,'template/assets/static/products/Snack Bar/Bières/HARP 60CL.png',1,'2020-09-04 12:52:48',NULL),(59,1,1,'MALTA GUINNESS 33 CL','5f5238a106a70','1','1',NULL,NULL,'template/assets/static/products/Snack Bar/Bières/MALTA GUINNESS 33 CL.png',1,'2020-09-04 12:52:49','2020-09-04 12:54:01'),(60,1,1,'HARP 60CL','5f5238a14ccf8','1','1',NULL,NULL,'template/assets/static/products/Snack Bar/Bières/HARP 60CL.png',1,'2020-09-04 12:52:49','2020-09-04 13:03:44'),(61,7,1,'Henri Abelé','5f57a68642716',NULL,'Henri Abelé',NULL,NULL,'template/assets/static/products/Snack Bar/Champagnes/Henri Abelé.png',1,'2020-09-04 14:15:07',NULL),(62,7,1,'Lanson','5f5550c51bf6d',NULL,'Lanson-BCC',NULL,NULL,'template/assets/static/products/Snack Bar/Champagnes/CHAMPAGNE LANSON.png',1,'2020-09-04 14:15:07',NULL),(63,7,1,'Laurent Perrier','5f55513430363',NULL,'Laurent Perrier',NULL,NULL,'template/assets/static/products/Snack Bar/Champagnes/LAURENT PERRIER.png',1,'2020-09-04 14:15:07',NULL),(64,7,1,'HENRI ABELÉ','5f524bebd6a6f','1','1',NULL,NULL,'template/assets/static/products/Snack Bar/Champagnes/HENRI ABELÉ.png',1,'2020-09-04 14:15:08','2020-09-06 21:03:06'),(65,7,1,'Mercier','5f5553687a15a',NULL,'LVMH',NULL,NULL,'template/assets/static/products/Snack Bar/Champagnes/MERCIER.png',1,'2020-09-04 14:15:08',NULL),(66,7,1,'CHAMPAGNE LANSON','5f524bec2b3f5','1','1',NULL,NULL,'template/assets/static/products/Snack Bar/Champagnes/CHAMPAGNE LANSON.png',1,'2020-09-04 14:15:08','2020-09-06 21:22:38'),(67,7,1,'Moet Et Chandon','5f5553c52562f',NULL,'LVMH',NULL,NULL,'template/assets/static/products/Snack Bar/Champagnes/MOET ET CHANDON.png',1,'2020-09-04 14:15:08',NULL),(68,7,1,'LAURENT PERRIER','5f524bec70767','1','1',NULL,NULL,'template/assets/static/products/Snack Bar/Champagnes/LAURENT PERRIER.png',1,'2020-09-04 14:15:08','2020-09-06 21:24:06'),(69,7,1,'Gh Mumm&cie','5f55553a2e223',NULL,'Pernod Ricard',NULL,NULL,'template/assets/static/products/Snack Bar/Champagnes/MUMM.png',1,'2020-09-04 14:15:09',NULL),(70,7,1,'MERCIER','5f524beceece1','1','1',NULL,NULL,'template/assets/static/products/Snack Bar/Champagnes/MERCIER.png',1,'2020-09-04 14:15:09','2020-09-06 21:14:49'),(71,7,1,'Nicolas  Feuillatte','5f5555ae77549',NULL,'Nicolas  Feuillatte',NULL,NULL,'template/assets/static/products/Snack Bar/Champagnes/NICOLAS FEUILLATTE.png',1,'2020-09-04 14:15:09',NULL),(72,7,1,'MOET ET CHANDON','5f524bed3fd34','1','1',NULL,NULL,'template/assets/static/products/Snack Bar/Champagnes/MOET ET CHANDON.png',1,'2020-09-04 14:15:09','2020-09-06 21:29:11'),(73,7,1,'HENRI ABELÉ','5f524bed50c87','1','1',NULL,NULL,'template/assets/static/products/Snack Bar/Champagnes/HENRI ABELÉ.png',1,'2020-09-04 14:15:09','2020-09-06 21:29:00'),(74,7,1,'Piper-Heidsieck','5f625e2e35f4b','1','Piper-Heidsieck',NULL,NULL,'template/assets/static/products/Snack Bar/Bières/PIPER HEIDSIECK.png',1,'2020-09-04 14:15:09',NULL),(75,7,1,'MUMM','5f524beda102d','1','1',NULL,NULL,'template/assets/static/products/Snack Bar/Champagnes/MUMM.png',1,'2020-09-04 14:15:09','2020-09-06 21:30:46'),(76,7,1,'CHAMPAGNE LANSON','5f524beda55fe','1','1',NULL,NULL,'template/assets/static/products/Snack Bar/Champagnes/CHAMPAGNE LANSON.png',1,'2020-09-04 14:15:09','2020-09-06 21:30:54'),(77,7,1,'Pommery','5f625e8799cfd','1','Vranken - Pommery Monopole',NULL,NULL,'template/assets/static/products/Snack Bar/Bières/POMMERY.png',1,'2020-09-04 14:15:09','2020-11-06 17:29:03'),(78,7,1,'NICOLAS FEUILLATTE','5f524bede6af5','1','1',NULL,NULL,'template/assets/static/products/Snack Bar/Champagnes/NICOLAS FEUILLATTE.png',1,'2020-09-04 14:15:10','2020-09-16 18:52:38'),(79,7,1,'LAURENT PERRIER','5f524bedef093','1','1',NULL,NULL,'template/assets/static/products/Snack Bar/Champagnes/LAURENT PERRIER.png',1,'2020-09-04 14:15:10','2020-09-06 21:31:00'),(80,7,1,'Ruinart','5f62607d242cb','1','LVMH',NULL,NULL,'template/assets/static/products/Snack Bar/Bières/RUINART.png',1,'2020-09-04 14:15:10',NULL),(81,1,1,'PIPER HEIDSIECK','5f524bee34e03','1','1',NULL,NULL,'template/assets/static/products/Snack Bar/Bières/PIPER HEIDSIECK.png',1,'2020-09-04 14:15:10','2020-09-16 18:53:03'),(82,7,1,'MERCIER','5f524bee4ac36','1','1',NULL,NULL,'template/assets/static/products/Snack Bar/Champagnes/MERCIER.png',1,'2020-09-04 14:15:10','2020-09-06 21:31:08'),(83,7,1,'Taittinger','5f6260d523abe','1','Taittinger',NULL,NULL,'template/assets/static/products/Snack Bar/Bières/TAITTINGER.png',1,'2020-09-04 14:15:10',NULL),(84,1,1,'POMMERY','5f524bee971e3','1','1',NULL,NULL,'template/assets/static/products/Snack Bar/Bières/POMMERY.png',1,'2020-09-04 14:15:10','2020-09-16 18:52:57'),(85,7,1,'MOET ET CHANDON','5f524bee9bfb5','1','1',NULL,NULL,'template/assets/static/products/Snack Bar/Champagnes/MOET ET CHANDON.png',1,'2020-09-04 14:15:10','2020-09-06 21:44:38'),(86,7,1,'Veuve Clicquot','5f6261180ba56','1','LVMH',NULL,NULL,'template/assets/static/products/Snack Bar/Bières/VEUVE_CLICQUOT.png',1,'2020-09-04 14:15:10',NULL),(87,1,1,'RUINART','5f524beedfb10','1','1',NULL,NULL,'template/assets/static/products/Snack Bar/Bières/RUINART.png',1,'2020-09-04 14:15:11','2020-09-06 21:44:50'),(88,7,1,'MUMM','5f524beee92b2','1','1',NULL,NULL,'template/assets/static/products/Snack Bar/Champagnes/MUMM.png',1,'2020-09-04 14:15:11','2020-09-06 21:44:22'),(89,1,1,'TAITTINGER','5f524bef30e54','1','1',NULL,NULL,'template/assets/static/products/Snack Bar/Bières/TAITTINGER.png',1,'2020-09-04 14:15:11','2020-09-06 21:44:30'),(90,7,1,'NICOLAS FEUILLATTE','5f524bef350a5','1','1',NULL,NULL,'template/assets/static/products/Snack Bar/Champagnes/NICOLAS FEUILLATTE.png',1,'2020-09-04 14:15:11','2020-09-16 18:52:50'),(91,1,1,'VEUVE_CLICQUOT','5f524bef86234','1','1',NULL,NULL,'template/assets/static/products/Snack Bar/Bières/VEUVE_CLICQUOT.png',1,'2020-09-04 14:15:11','2020-09-16 18:53:26'),(92,1,1,'PIPER HEIDSIECK','5f524bef8cf27','1','1',NULL,NULL,'template/assets/static/products/Snack Bar/Bières/PIPER HEIDSIECK.png',1,'2020-09-04 14:15:11','2020-09-16 18:53:18'),(93,1,1,'POMMERY','5f524befd5bf3','1','1',NULL,NULL,'template/assets/static/products/Snack Bar/Bières/POMMERY.png',1,'2020-09-04 14:15:12','2020-09-16 18:53:11'),(94,1,1,'RUINART','5f524bf02ce85','1','1',NULL,NULL,'template/assets/static/products/Snack Bar/Bières/RUINART.png',1,'2020-09-04 14:15:12','2020-09-16 19:02:10'),(95,1,1,'TAITTINGER','5f524bf09237b','1','1',NULL,NULL,'template/assets/static/products/Snack Bar/Bières/TAITTINGER.png',1,'2020-09-04 14:15:12','2020-09-16 19:02:16'),(96,1,1,'VEUVE_CLICQUOT','5f524bf0d5e72','1','1',NULL,NULL,'template/assets/static/products/Snack Bar/Bières/VEUVE_CLICQUOT.png',1,'2020-09-04 14:15:13','2020-09-16 19:02:22'),(97,2,2,'Coca-Cola Zero Pet 50cl','5f5546b753114',NULL,'Brasseries',NULL,NULL,'template/assets/static/products/Snack Bar/Boissons Gazeuses/Coca-Cola Zero Pet 50cl.png',1,'2020-09-06 20:29:43',NULL),(98,2,3,'Coca-Cola Zero Pet 100cl','5f5547b984609','','Brasseries',NULL,NULL,'template/assets/static/products/Snack Bar/Boissons Gazeuses/Coca-Cola Zero Pet 100cl.png',1,'2020-09-06 20:34:01',NULL),(99,2,2,'Coca-Cola Zero Pet 30cl','5f5547b9c9663','','Brasseries',NULL,NULL,'template/assets/static/products/Snack Bar/Boissons Gazeuses/Coca-Cola Zero Pet 30cl.png',1,'2020-09-06 20:34:01',NULL),(100,2,3,'Coca-Cola Zero Pet 35cl','5f5547ba141f0','','Brasseries',NULL,NULL,'template/assets/static/products/Snack Bar/Boissons Gazeuses/Coca-Cola Zero Pet 35cl.png',1,'2020-09-06 20:34:02',NULL),(101,2,2,'Coca-Cola Zero Pet 60cl','5f5547ba6c898','','Brasseries',NULL,NULL,'template/assets/static/products/Snack Bar/Boissons Gazeuses/Coca-Cola Zero Pet 60cl.png',1,'2020-09-06 20:34:02',NULL),(102,2,1,'Fanta Apple Pet 100cl','5f5549e8c80dc','','Brasseries',NULL,NULL,'template/assets/static/products/Snack Bar/Boissons Gazeuses/Fanta Apple Pet 100cl.png',1,'2020-09-06 20:43:20',NULL),(103,2,1,'Fanta Apple Pet 30cl','5f5549e91a997','','Brasseries',NULL,NULL,'template/assets/static/products/Snack Bar/Boissons Gazeuses/Fanta Apple Pet 30cl.png',1,'2020-09-06 20:43:21',NULL),(104,2,1,'Fanta Apple Pet 35cl','5f5549e95a542','','Brasseries',NULL,NULL,'template/assets/static/products/Snack Bar/Boissons Gazeuses/Fanta Apple Pet 35cl.png',1,'2020-09-06 20:43:21',NULL),(105,2,1,'Fanta Apple Pet 60cl','5f5549e995ff5','','Brasseries',NULL,NULL,'template/assets/static/products/Snack Bar/Boissons Gazeuses/Fanta Apple Pet 60cl.png',1,'2020-09-06 20:43:21',NULL),(106,2,1,'Fanta Orange Pet 100cl','5f554b46885bf','','Brasseries',NULL,NULL,'template/assets/static/products/Snack Bar/Boissons Gazeuses/Fanta Orange Pet 100cl.png',1,'2020-09-06 20:49:10',NULL),(107,2,1,'Fanta Orange Pet 30cl','5f554b46c9f42','','Brasseries',NULL,NULL,'template/assets/static/products/Snack Bar/Boissons Gazeuses/Fanta Orange Pet 30cl.png',1,'2020-09-06 20:49:10',NULL),(108,2,1,'Fanta Orange Pet 33cl','5f554b4713a85','','Brasseries',NULL,NULL,'template/assets/static/products/Snack Bar/Boissons Gazeuses/Fanta Orange Pet 33cl.png',1,'2020-09-06 20:49:11',NULL),(109,2,1,'Fanta Orange Pet 35cl','5f554b4751c90','','Brasseries',NULL,NULL,'template/assets/static/products/Snack Bar/Boissons Gazeuses/Fanta Orange Pet 35cl.png',1,'2020-09-06 20:49:11',NULL),(110,2,1,'Fanta Orange Pet 60cl','5f554b4795794','','Brasseries',NULL,NULL,'template/assets/static/products/Snack Bar/Boissons Gazeuses/Fanta Orange Pet 60cl.png',1,'2020-09-06 20:49:11',NULL),(111,2,1,'Sprite 100cl','5f554fe9ed909','','Brasseries',NULL,NULL,'template/assets/static/products/Snack Bar/Boissons Gazeuses/Sprite 100cl.png',1,'2020-09-06 21:08:58',NULL),(112,2,1,'Sprite 30cl','5f554fea55320','','Brasseries',NULL,NULL,'template/assets/static/products/Snack Bar/Boissons Gazeuses/Sprite 30cl.png',1,'2020-09-06 21:08:58',NULL),(113,2,1,'Sprite 33cl','5f554fea8cd04','','Brasseries',NULL,NULL,'template/assets/static/products/Snack Bar/Boissons Gazeuses/Sprite 33cl.png',1,'2020-09-06 21:08:58',NULL),(114,2,1,'Sprite 35cl','5f554feac23ea','','Brasseries',NULL,NULL,'template/assets/static/products/Snack Bar/Boissons Gazeuses/Sprite 35cl.png',1,'2020-09-06 21:08:58',NULL),(115,2,1,'Sprite 60cl','5f554feb05425','','Brasseries',NULL,NULL,'template/assets/static/products/Snack Bar/Boissons Gazeuses/Sprite 60cl.png',1,'2020-09-06 21:08:59',NULL),(116,2,1,'Schweppes Agrumes','5f5551a41fa48',NULL,'Brasseries',NULL,NULL,'template/assets/static/products/Snack Bar/Boissons Gazeuses/Schweppes Agrumes.png',1,'2020-09-06 21:16:20',NULL),(117,2,1,'Schweppes Agrumes','5f5551a42d651',NULL,'Brasseries',NULL,NULL,'template/assets/static/products/Snack Bar/Boissons Gazeuses/Schweppes Agrumes.png',1,'2020-09-06 21:16:20','2020-09-06 21:20:50'),(118,2,1,'Vimto Pet 100cl','5f55527a59f68','','Brasseries',NULL,NULL,'template/assets/static/products/Snack Bar/Boissons Gazeuses/Vimto Pet 100cl.png',1,'2020-09-06 21:19:54',NULL),(119,2,1,'Vimto Pet 33cl','5f55527aa1eca','','Brasseries',NULL,NULL,'template/assets/static/products/Snack Bar/Boissons Gazeuses/Vimto Pet 33cl.png',1,'2020-09-06 21:19:54',NULL),(120,2,1,'Vimto Pet 35cl','5f55527af34ee','','Brasseries',NULL,NULL,'template/assets/static/products/Snack Bar/Boissons Gazeuses/Vimto Pet 35cl.png',1,'2020-09-06 21:19:55',NULL),(121,2,1,'Vimto Pet 60cl','5f55527b4d538','','Brasseries',NULL,NULL,'template/assets/static/products/Snack Bar/Boissons Gazeuses/Vimto Pet 60cl.png',1,'2020-09-06 21:19:55',NULL),(122,2,1,'Orangina 100cl ','5f555472d1333','','Brasseries',NULL,NULL,'template/assets/static/products/Snack Bar/Boissons Gazeuses/Orangina 100cl .png',1,'2020-09-06 21:28:19',NULL),(123,2,1,'Orangina 30CL','5f55569c16b27',NULL,'Brasseries',NULL,NULL,'template/assets/static/products/Snack Bar/Boissons Gazeuses/ORANGINA 30CL .png',1,'2020-09-06 21:28:19',NULL),(124,2,1,'Orangina 35CL','5f5556ab2986c',NULL,'Brasseries',NULL,NULL,'template/assets/static/products/Snack Bar/Boissons Gazeuses/ORANGINA 35CL .png',1,'2020-09-06 21:28:19',NULL),(125,2,1,'Orangina 60CL','5f5556b972559',NULL,'Brasseries',NULL,NULL,'template/assets/static/products/Snack Bar/Boissons Gazeuses/ORANGINA 60CL .png',1,'2020-09-06 21:28:19',NULL),(126,4,1,'Booster Gin Tonic 50cl','5f64775b03871',NULL,'Brasseries',NULL,NULL,'template/assets/static/products/Snack Bar/Alcools mix/Booster Gin Tonic 50cl.png',1,'2020-09-06 21:35:30',NULL),(127,5,1,'Aquabelle 150cl','5f56a13dc6085',NULL,'Brasseries',NULL,NULL,'template/assets/static/products/Snack Bar/Eaux/Aquabelle 150cl.png',1,'2020-09-07 21:08:13',NULL),(128,13,1,'Chateau De Cheverny','5f62626018c3b',NULL,'Cheverny',NULL,NULL,'template/assets/static/products/Snack Bar/Champagnes/CHATEAU DE CHEVERNY.png',1,'2020-09-08 15:57:11',NULL),(129,13,1,'Chateau D\'Issan','5f6262f094cd5',NULL,'Chateau D\'Issan',NULL,NULL,'template/assets/static/products/Snack Bar/Champagnes/CHATEAU D\'ISSAN.png',1,'2020-09-08 15:57:12',NULL),(130,13,1,'CAVEALLIEE','5f626374670e6',NULL,'CAVEALLIEE',NULL,NULL,'template/assets/static/products/Snack Bar/Champagnes/CAVEALLIEE.png',1,'2020-09-08 15:57:12',NULL),(131,7,1,'CHATEAU DE CHEVERNY','5f57a9d8b22f3','','',NULL,NULL,'template/assets/static/products/Snack Bar/Champagnes/CHATEAU DE CHEVERNY.png',1,'2020-09-08 15:57:13','2020-09-16 19:07:30'),(132,13,1,'Casanova','5f62638ed3da2',NULL,'Sofavinc',NULL,NULL,'template/assets/static/products/Snack Bar/Champagnes/CASANOVA.png',1,'2020-09-08 15:57:13',NULL),(133,7,1,'CHATEAU DE CHEVERNY','5f57a9d93fd0e','','',NULL,NULL,'template/assets/static/products/Snack Bar/Champagnes/CHATEAU DE CHEVERNY.png',1,'2020-09-08 15:57:13','2020-09-16 19:07:36'),(134,7,1,'CHATEAU D\'ISSAN','5f57a9d986bda','','',NULL,NULL,'template/assets/static/products/Snack Bar/Champagnes/CHATEAU D\'ISSAN.png',1,'2020-09-08 15:57:13','2020-09-16 19:07:42'),(135,7,1,'CHATEAU D\'ISSAN','5f57a9d99fb99','','',NULL,NULL,'template/assets/static/products/Snack Bar/Champagnes/CHATEAU D\'ISSAN.png',1,'2020-09-08 15:57:13','2020-09-16 19:13:19'),(136,13,1,'Cadillac','5f626575b691a',NULL,'Cadillac',NULL,NULL,'template/assets/static/products/Snack Bar/Champagnes/CADILLAC.png',1,'2020-09-08 15:57:13',NULL),(137,7,1,'CAVEALLIEE','5f57a9d9befb0','','',NULL,NULL,'template/assets/static/products/Snack Bar/Champagnes/CAVEALLIEE.png',1,'2020-09-08 15:57:13','2020-09-16 19:13:26'),(138,7,1,'CAVEALLIEE','5f57a9d9dd33e','','',NULL,NULL,'template/assets/static/products/Snack Bar/Champagnes/CAVEALLIEE.png',1,'2020-09-08 15:57:14','2020-09-16 19:20:47'),(139,7,1,'CASANOVA','5f57a9da0181f','','',NULL,NULL,'template/assets/static/products/Snack Bar/Champagnes/CASANOVA.png',1,'2020-09-08 15:57:14','2020-09-16 19:20:55'),(140,13,1,'Chateau De Fesles','5f6265f7e9c52',NULL,'Fesles THOUARCE',NULL,NULL,'template/assets/static/products/Snack Bar/Champagnes/CHATEAU DE FESLES.png',1,'2020-09-08 15:57:14',NULL),(141,7,1,'CADILLAC','5f57a9daadbd0','','',NULL,NULL,'template/assets/static/products/Snack Bar/Champagnes/CADILLAC.png',1,'2020-09-08 15:57:15','2020-09-16 19:21:03'),(142,13,1,'Chateau De Parenchere','5f62676894059',NULL,'Parenchere',NULL,NULL,'template/assets/static/products/Snack Bar/Champagnes/CHATEAU DE PARENCHERE.png',1,'2020-09-08 15:57:15',NULL),(143,7,1,'CHATEAU DE FESLES','5f57a9db29e5f','','',NULL,NULL,'template/assets/static/products/Snack Bar/Champagnes/CHATEAU DE FESLES.png',1,'2020-09-08 15:57:15','2020-09-16 19:22:42'),(144,13,1,'Chateau Giscours','5f62686cd66ec',NULL,'Giscours',NULL,NULL,'template/assets/static/products/Snack Bar/Bières/CHATEAU GISCOURS.png',1,'2020-09-08 15:57:15',NULL),(145,7,1,'CHATEAU DE PARENCHERE','5f57a9dbc4b12','','',NULL,NULL,'template/assets/static/products/Snack Bar/Champagnes/CHATEAU DE PARENCHERE.png',1,'2020-09-08 15:57:16','2020-09-16 19:28:53'),(146,13,1,'Vins de Bordeaux','5f62697b44334',NULL,'Bordeaux',NULL,NULL,'template/assets/static/products/Snack Bar/Bières/BORDEAUX.png',1,'2020-09-08 15:57:16',NULL),(147,1,1,'CHATEAU GISCOURS','5f57a9dc361d3','','',NULL,NULL,'template/assets/static/products/Snack Bar/Bières/CHATEAU GISCOURS.png',1,'2020-09-08 15:57:16','2020-09-16 19:29:00'),(148,13,1,'Domaine Comte Peraldi','5f626a0fc428b',NULL,'Peraldi',NULL,NULL,'template/assets/static/products/Snack Bar/Bières/DOMAINE COMTE PERALDI.png',1,'2020-09-08 15:57:16',NULL),(149,13,1,'JP Chenet','5f626a3a4b9d8',NULL,'Chenet',NULL,NULL,'template/assets/static/products/Snack Bar/Bières/JP CHENET.png',1,'2020-09-08 15:57:17','2020-09-16 19:42:02'),(150,1,1,'BORDEAUX','5f57a9dc9dc70','','',NULL,NULL,'template/assets/static/products/Snack Bar/Bières/BORDEAUX.png',1,'2020-09-08 15:57:17','2020-09-16 19:39:06'),(151,7,1,'CHATEAU DE CHEVERNY','5f57a9dcd6d46','','',NULL,NULL,'template/assets/static/products/Snack Bar/Champagnes/CHATEAU DE CHEVERNY.png',1,'2020-09-08 15:57:17','2020-09-16 19:37:51'),(152,1,1,'DOMAINE COMTE PERALDI','5f57a9dd410bc','','',NULL,NULL,'template/assets/static/products/Snack Bar/Bières/DOMAINE COMTE PERALDI.png',1,'2020-09-08 15:57:17','2020-09-16 19:38:59'),(153,7,1,'CHATEAU D\'ISSAN','5f57a9dd60fd0','','',NULL,NULL,'template/assets/static/products/Snack Bar/Champagnes/CHATEAU D\'ISSAN.png',1,'2020-09-08 15:57:17','2020-09-16 19:38:53'),(154,7,1,'CHATEAU DE CHEVERNY','5f57a9dd753de','','',NULL,NULL,'template/assets/static/products/Snack Bar/Champagnes/CHATEAU DE CHEVERNY.png',1,'2020-09-08 15:57:17','2020-09-16 19:38:27'),(155,1,1,'JP CHENET','5f57a9ddbec30','','',NULL,NULL,'template/assets/static/products/Snack Bar/Bières/JP CHENET.png',1,'2020-09-08 15:57:17','2020-09-16 19:38:34'),(156,7,1,'CHATEAU D\'ISSAN','5f57a9dde4bce','','',NULL,NULL,'template/assets/static/products/Snack Bar/Champagnes/CHATEAU D\'ISSAN.png',1,'2020-09-08 15:57:18','2020-09-16 19:38:40'),(157,7,1,'CAVEALLIEE','5f57a9ddea696','','',NULL,NULL,'template/assets/static/products/Snack Bar/Champagnes/CAVEALLIEE.png',1,'2020-09-08 15:57:18','2020-09-16 19:38:47'),(158,7,1,'CAVEALLIEE','5f57a9de4a4a8','','',NULL,NULL,'template/assets/static/products/Snack Bar/Champagnes/CAVEALLIEE.png',1,'2020-09-08 15:57:18','2020-09-16 19:41:52'),(159,7,1,'CASANOVA','5f57a9de6dbbf','','',NULL,NULL,'template/assets/static/products/Snack Bar/Champagnes/CASANOVA.png',1,'2020-09-08 15:57:18','2020-09-16 19:41:56'),(160,7,1,'CASANOVA','5f57a9debbe55','','',NULL,NULL,'template/assets/static/products/Snack Bar/Champagnes/CASANOVA.png',1,'2020-09-08 15:57:18','2020-09-16 19:42:07'),(161,7,1,'CADILLAC','5f57a9dede2de','','',NULL,NULL,'template/assets/static/products/Snack Bar/Champagnes/CADILLAC.png',1,'2020-09-08 15:57:19','2020-09-16 19:42:14'),(162,7,1,'CHATEAU DE CHEVERNY','5f57a9def129d','','',NULL,NULL,'template/assets/static/products/Snack Bar/Champagnes/CHATEAU DE CHEVERNY.png',1,'2020-09-08 15:57:19','2020-09-16 19:42:18'),(163,7,1,'CADILLAC','5f57a9df27cee','','',NULL,NULL,'template/assets/static/products/Snack Bar/Champagnes/CADILLAC.png',1,'2020-09-08 15:57:19','2020-09-16 19:42:23'),(164,7,1,'CHATEAU DE CHEVERNY','5f57a9df3ad48','','',NULL,NULL,'template/assets/static/products/Snack Bar/Champagnes/CHATEAU DE CHEVERNY.png',1,'2020-09-08 15:57:19','2020-09-16 19:42:36'),(165,7,1,'CHATEAU DE FESLES','5f57a9df67d36','','',NULL,NULL,'template/assets/static/products/Snack Bar/Champagnes/CHATEAU DE FESLES.png',1,'2020-09-08 15:57:19','2020-09-16 19:42:41'),(166,7,1,'CHATEAU D\'ISSAN','5f57a9df73f91','','',NULL,NULL,'template/assets/static/products/Snack Bar/Champagnes/CHATEAU D\'ISSAN.png',1,'2020-09-08 15:57:19','2020-09-16 19:42:46'),(167,7,1,'CHATEAU DE FESLES','5f57a9df94b39','','',NULL,NULL,'template/assets/static/products/Snack Bar/Champagnes/CHATEAU DE FESLES.png',1,'2020-09-08 15:57:19','2020-09-16 19:42:53'),(168,7,1,'CHATEAU D\'ISSAN','5f57a9dfa3b2f','','',NULL,NULL,'template/assets/static/products/Snack Bar/Champagnes/CHATEAU D\'ISSAN.png',1,'2020-09-08 15:57:19','2020-09-16 19:43:00'),(169,7,1,'CHATEAU DE PARENCHERE','5f57a9dfc3291','','',NULL,NULL,'template/assets/static/products/Snack Bar/Champagnes/CHATEAU DE PARENCHERE.png',1,'2020-09-08 15:57:19','2020-09-16 19:43:05'),(170,7,1,'CAVEALLIEE','5f57a9dfc6527','','',NULL,NULL,'template/assets/static/products/Snack Bar/Champagnes/CAVEALLIEE.png',1,'2020-09-08 15:57:19','2020-09-16 19:43:12'),(171,7,1,'CHATEAU DE PARENCHERE','5f57a9dfce78e','','',NULL,NULL,'template/assets/static/products/Snack Bar/Champagnes/CHATEAU DE PARENCHERE.png',1,'2020-09-08 15:57:20','2020-09-16 19:43:16'),(172,7,1,'CAVEALLIEE','5f57a9dfeae23','','',NULL,NULL,'template/assets/static/products/Snack Bar/Champagnes/CAVEALLIEE.png',1,'2020-09-08 15:57:20','2020-09-16 19:43:21'),(173,1,1,'CHATEAU GISCOURS','5f57a9e016af6','','',NULL,NULL,'template/assets/static/products/Snack Bar/Bières/CHATEAU GISCOURS.png',1,'2020-09-08 15:57:20','2020-09-16 19:43:28'),(174,7,1,'CASANOVA','5f57a9e01af6b','','',NULL,NULL,'template/assets/static/products/Snack Bar/Champagnes/CASANOVA.png',1,'2020-09-08 15:57:20','2020-09-16 19:43:40'),(175,13,1,'CHATEAU GISCOURS','5f626b3fc5d4e',NULL,NULL,NULL,NULL,'template/assets/static/products/Snack Bar/Bières/CHATEAU GISCOURS.png',1,'2020-09-08 15:57:20','2020-09-16 19:45:10'),(176,13,1,'CASANOVA','5f57aad01a668',NULL,NULL,NULL,NULL,'template/assets/static/products/Snack Bar/Champagnes/CASANOVA.png',1,'2020-09-08 15:57:20','2020-09-16 19:45:14'),(177,13,1,'BORDEAUX','5f57aadb9de47',NULL,NULL,NULL,NULL,'template/assets/static/products/Snack Bar/Bières/BORDEAUX.png',1,'2020-09-08 15:57:20','2020-09-16 19:45:19'),(178,13,1,'CADILLAC','5f57aae7d6a44',NULL,NULL,NULL,NULL,'template/assets/static/products/Snack Bar/Champagnes/CADILLAC.png',1,'2020-09-08 15:57:20','2020-09-16 19:45:25'),(179,7,1,'CADILLAC','5f57a9e09c52c','','',NULL,NULL,'template/assets/static/products/Snack Bar/Champagnes/CADILLAC.png',1,'2020-09-08 15:57:20','2020-09-08 16:02:02'),(180,13,1,'BORDEAUX','5f57ab026d153',NULL,NULL,NULL,NULL,'template/assets/static/products/Snack Bar/Bières/BORDEAUX.png',1,'2020-09-08 15:57:20','2020-09-16 19:45:44'),(181,13,1,'DOMAINE COMTE PERALDI','5f57ab171ad15',NULL,NULL,NULL,NULL,'template/assets/static/products/Snack Bar/Bières/DOMAINE COMTE PERALDI.png',1,'2020-09-08 15:57:21','2020-09-08 16:06:49'),(182,13,1,'CHATEAU DE FESLES','5f57ab1fd1a26',NULL,NULL,NULL,NULL,'template/assets/static/products/Snack Bar/Champagnes/CHATEAU DE FESLES.png',1,'2020-09-08 15:57:21','2020-09-08 16:06:39'),(183,13,1,'CHATEAU DE FESLES','5f57ab2c1e4f6',NULL,NULL,NULL,NULL,'template/assets/static/products/Snack Bar/Champagnes/CHATEAU DE FESLES.png',1,'2020-09-08 15:57:21','2020-09-16 19:45:49'),(184,13,1,'DOMAINE COMTE PERALDI','5f57ab376d111',NULL,NULL,NULL,NULL,'template/assets/static/products/Snack Bar/Bières/DOMAINE COMTE PERALDI.png',1,'2020-09-08 15:57:21','2020-09-16 19:45:56'),(185,13,1,'CHATEAU DE PARENCHERE','5f57ab477bcaa',NULL,NULL,NULL,NULL,'template/assets/static/products/Snack Bar/Champagnes/CHATEAU DE PARENCHERE.png',1,'2020-09-08 15:57:21','2020-09-16 19:46:05'),(186,13,1,'JP CHENET','5f57ab556ad7e',NULL,NULL,NULL,NULL,'template/assets/static/products/Snack Bar/Bières/JP CHENET.png',1,'2020-09-08 15:57:21','2020-09-08 16:07:00'),(187,13,1,'CHATEAU DE PARENCHERE','5f57ab63cc554',NULL,NULL,NULL,NULL,'template/assets/static/products/Snack Bar/Champagnes/CHATEAU DE PARENCHERE.png',1,'2020-09-08 15:57:21','2020-09-16 19:46:11'),(188,13,1,'JP CHENET','5f57ab89142ad',NULL,NULL,NULL,NULL,'template/assets/static/products/Snack Bar/Bières/JP CHENET.png',1,'2020-09-08 15:57:21','2020-09-16 19:46:17'),(189,13,1,'CHATEAU GISCOURS','5f57ab968d6d8',NULL,NULL,NULL,NULL,'template/assets/static/products/Snack Bar/Bières/CHATEAU GISCOURS.png',1,'2020-09-08 15:57:22','2020-09-16 19:46:22'),(190,1,1,'CHATEAU GISCOURS','5f57a9e1b0023','','',NULL,NULL,'template/assets/static/products/Snack Bar/Bières/CHATEAU GISCOURS.png',1,'2020-09-08 15:57:22','2020-09-08 16:04:51'),(191,13,1,'BORDEAUX','5f57abab3f2b6',NULL,NULL,NULL,NULL,'template/assets/static/products/Snack Bar/Bières/BORDEAUX.png',1,'2020-09-08 15:57:22','2020-09-08 16:07:24'),(192,1,1,'BORDEAUX','5f57a9e2334c6','','',NULL,NULL,'template/assets/static/products/Snack Bar/Bières/BORDEAUX.png',1,'2020-09-08 15:57:22','2020-09-08 16:05:10'),(193,1,1,'DOMAINE COMTE PERALDI','5f57a9e28647a','','',NULL,NULL,'template/assets/static/products/Snack Bar/Bières/DOMAINE COMTE PERALDI.png',1,'2020-09-08 15:57:22','2020-09-08 16:05:17'),(194,13,1,'DOMAINE COMTE PERALDI','5f57abd4e7144',NULL,NULL,NULL,NULL,'template/assets/static/products/Snack Bar/Bières/DOMAINE COMTE PERALDI.png',1,'2020-09-08 15:57:22','2020-09-08 16:07:08'),(195,13,1,'JP CHENET','5f57aa9348a0b',NULL,NULL,NULL,NULL,'template/assets/static/products/Snack Bar/Bières/JP CHENET.png',1,'2020-09-08 15:57:22','2020-09-08 16:05:31'),(196,13,1,'JP CHENET','5f57aa522c846',NULL,NULL,NULL,NULL,'template/assets/static/products/Snack Bar/Bières/JP CHENET.png',1,'2020-09-08 15:57:23','2020-09-08 16:05:26'),(197,5,1,'Tangui Pet 50cl','5f62522fd0ef4',NULL,'Brasseries',NULL,NULL,'template/assets/static/products/Snack Bar/Eaux/Tangui Pet 50cl.png',1,'2020-09-16 17:58:08',NULL),(198,5,1,'Tangui Pet 100cl','5f62527a42d73',NULL,'Brasseries',NULL,NULL,'template/assets/static/products/Snack Bar/Eaux/Tangui Pet 100cl.png',1,'2020-09-16 17:59:22',NULL),(199,5,1,'Tangui Pet 150cl','5f6252bcc9140',NULL,'Brasseries',NULL,NULL,'template/assets/static/products/Snack Bar/Eaux/Tangui Pet 150cl.png',1,'2020-09-16 18:00:28',NULL),(200,5,1,'Tangui Pet 33cl','5f625338c36d1',NULL,'Brasseries',NULL,NULL,'template/assets/static/products/Snack Bar/Eaux/Tangui Pet 33cl.png',1,'2020-09-16 18:02:32',NULL),(201,5,1,'Bidon Eau Vitale 10l','5f6253c6ab8b1',NULL,'Brasseries',NULL,NULL,'template/assets/static/products/Snack Bar/Eaux/Bidon Eau Vitale 10l.png',1,'2020-09-16 18:04:54',NULL),(202,5,1,'Eau Vitale 150cl','5f625447c650e',NULL,'Brasseries',NULL,NULL,'template/assets/static/products/Snack Bar/Eaux/Eau Vitale 150cl.png',1,'2020-09-16 18:07:04',NULL),(203,5,1,'Eau Vitale 0,5l','5f6257f571332',NULL,'Brasseries',NULL,NULL,'template/assets/static/products/Snack Bar/Eaux/Eau Vitale 0,5l.png',1,'2020-09-16 18:22:45',NULL),(204,9,1,'Guinness Fes 33cl','5f625a5c8ee5c',NULL,'Guinness',NULL,NULL,'template/assets/static/products/Snack Bar/STOUT BEER/Guinness Fes 33cl.png',1,'2020-09-16 18:33:00',NULL),(205,9,1,'Guinness Fes 65cl','5f625afceee14',NULL,'Guinness',NULL,NULL,'template/assets/static/products/Snack Bar/Stout Beer/Guinness Fes 65cl.png',1,'2020-09-16 18:35:41',NULL),(206,9,1,'Guinness Smooth','5f625b7cb822a',NULL,'Guinness',NULL,NULL,'template/assets/static/products/Snack Bar/Stout Beer/Guinness Smooth.png',1,'2020-09-16 18:37:48',NULL),(207,11,1,'Orijin 60cl','5f625cc71ad16',NULL,'Guinness',NULL,NULL,'template/assets/static/products/Snack Bar/Bières/Orijin 60cl.png',1,'2020-09-16 18:41:09',NULL),(208,11,1,'Orijin 30cl','5f625d28739f5',NULL,'Guinness',NULL,NULL,'template/assets/static/products/Snack Bar/Ready To Drink/Orijin 30cl.png',1,'2020-09-16 18:44:56',NULL),(209,1,1,'Satzenbrau','5f626dad9cd57',NULL,'Brasseries',NULL,NULL,'template/assets/static/products/Snack Bar/Bières/Satzenbrau.png',1,'2020-09-16 19:55:25',NULL),(210,12,1,'Malta Tonic','5f62705ebc2bf',NULL,'Guinness',NULL,NULL,'template/assets/static/products/Snack Bar/Bières/Malta Tonic.png',1,'2020-09-16 20:06:19',NULL),(211,11,1,'Smirnoff Ice Black','5f627104128db',NULL,'Guinness',NULL,NULL,'template/assets/static/products/Snack Bar/Ready To Drink/Smirnoff Ice Black.png',1,'2020-09-16 20:09:40',NULL),(212,11,1,'Smirnoff Ice','5f62713ce1700',NULL,'Guinness',NULL,NULL,'template/assets/static/products/Snack Bar/Ready To Drink/Smirnoff Ice.png',1,'2020-09-16 20:10:37',NULL),(213,11,1,'Smirnoff Ice Red','5f6271461cff1',NULL,'Guinness',NULL,NULL,'template/assets/static/products/Snack Bar/Ready To Drink/Smirnoff Ice Red.png',1,'2020-09-16 20:10:46','2020-09-16 20:12:36'),(214,11,1,'Smirnoff Ice Red','5f62714627777',NULL,'Guinness',NULL,NULL,'template/assets/static/products/Snack Bar/Ready To Drink/Smirnoff Ice Red.png',1,'2020-09-16 20:10:46','2020-09-16 20:12:48'),(215,6,1,'Black&White','5f62726cecbfc',NULL,'Guinness',NULL,NULL,'template/assets/static/products/Snack Bar/Whisky/Black&White.png',1,'2020-09-16 20:15:41',NULL),(216,6,1,'Black Label','5f6273c8cd8d1',NULL,'Guinness',NULL,NULL,'template/assets/static/products/Snack Bar/Whisky/Black Label.png',1,'2020-09-16 20:21:29',NULL),(217,6,1,'Black Label','5f6273c8c9335',NULL,'Guinness',NULL,NULL,'template/assets/static/products/Snack Bar/Whisky/Black Label.png',1,'2020-09-16 20:21:29','2020-09-22 11:41:05'),(218,6,1,'Blue Label','5f62741939683',NULL,'Guinness',NULL,NULL,'template/assets/static/products/Snack Bar/Whisky/Blue Label.png',1,'2020-09-16 20:22:49',NULL),(219,13,1,'Domaine Bastille Blanche','5f627a96cb260',NULL,'Domaine  Bastille Blanche',NULL,NULL,'template/assets/static/products/Snack Bar/Vins/Domaine Rose Bastille Blanche.png',1,'2020-09-16 20:33:55',NULL),(220,13,1,'Chateau Bertrand','5f627aa44e209',NULL,'Chateau Bertrand',NULL,NULL,'template/assets/static/products/Snack Bar/Vins/Rose Chateau Bertrand.png',1,'2020-09-16 20:36:57',NULL),(221,13,1,'Chateau Du Seuil','5f627ab50c2fb',NULL,'Chateau Du Seuil',NULL,NULL,'template/assets/static/products/Snack Bar/Vins/Rose Chateau Du Seuil.png',1,'2020-09-16 20:44:59',NULL),(222,13,1,'Chateau Peigros','5f627ac40c048',NULL,'Chateau Peigros',NULL,NULL,'template/assets/static/products/Snack Bar/Vins/Rose Chateau Peigros.png',1,'2020-09-16 20:48:14',NULL),(223,13,1,'Domaine de la Font Des Peres','5f627b10be81a',NULL,'Domaine de la Font Des Peres',NULL,NULL,'template/assets/static/products/Snack Bar/Vins/Domaine de la Font Des Peres.png',1,'2020-09-16 20:52:32',NULL),(224,13,1,'Luc Belaire','5f627b75322e5',NULL,'Luc Belaire',NULL,NULL,'template/assets/static/products/Snack Bar/Vins/Luc Belaire.png',1,'2020-09-16 20:54:13',NULL),(225,6,1,'Glenfiddich','5f627bc7c92eb',NULL,'Glenfiddich',NULL,NULL,'template/assets/static/products/Snack Bar/Whisky/Glenfiddich.png',1,'2020-09-16 20:55:35',NULL),(226,6,1,'The Glenlivet','5f627c1d1c601',NULL,'The Glenlivet',NULL,NULL,'template/assets/static/products/Snack Bar/Whisky/The Glenlivet.png',1,'2020-09-16 20:57:01',NULL),(227,6,1,'Grant\'s','5f627c6cbdc32',NULL,'Grant\'s',NULL,NULL,'template/assets/static/products/Snack Bar/Whisky/Grant\'s.png',1,'2020-09-16 20:58:20',NULL),(228,6,1,'Hennessy','5f627cee068a1',NULL,'Hennessy',NULL,NULL,'template/assets/static/products/Snack Bar/Whisky/Hennessy.png',1,'2020-09-16 21:00:30',NULL),(229,6,1,'J&B','5f627d37c1872',NULL,'J&B',NULL,NULL,'template/assets/static/products/Snack Bar/Whisky/J&B.png',1,'2020-09-16 21:01:43',NULL),(230,6,1,'Jack Daniel\'s','5f627d89c40d8',NULL,'Jack Daniel\'s',NULL,NULL,'template/assets/static/products/Snack Bar/Whisky/Jack Daniel\'s.png',1,'2020-09-16 21:03:05',NULL),(231,6,1,'Johnnie Walker','5f627de7a66b5',NULL,'Jack Daniel\'s',NULL,NULL,'template/assets/static/products/Snack Bar/Whisky/Johnnie Walker.png',1,'2020-09-16 21:04:39',NULL),(232,6,1,'The Singleton','5f627e395325a',NULL,'The Singleton',NULL,NULL,'template/assets/static/products/Snack Bar/Whisky/The Singleton.png',1,'2020-09-16 21:06:01',NULL),(233,6,1,'Ballantines','5f627ea6c4067',NULL,'Ballantines',NULL,NULL,'template/assets/static/products/Snack Bar/Whisky/Ballantines.png',1,'2020-09-16 21:07:50',NULL),(234,6,1,'Chivas','5f627ef10f740',NULL,'Chivas',NULL,NULL,'template/assets/static/products/Snack Bar/Whisky/Chivas.png',1,'2020-09-16 21:09:05',NULL),(235,6,1,'Clan Campbell','5f627f60edd21',NULL,'Clan Campbell',NULL,NULL,'template/assets/static/products/Snack Bar/Whisky/Clan Campbell.png',1,'2020-09-16 21:10:57',NULL),(236,2,1,'Grenadine Pet 100cl','5f6472ae45e3e',NULL,'Brasseries',NULL,NULL,'template/assets/static/products/Snack Bar/Boissons Gazeuses/Grenadine Pet 100cl.png',1,'2020-09-18 08:41:18',NULL),(237,2,1,'Grenadine Pet 100cl','5f6472aff0098','','Brasseries',NULL,NULL,'template/assets/static/products/Snack Bar/Boissons Gazeuses/Grenadine Pet 100cl.png',1,'2020-09-18 08:41:20','2020-09-18 08:42:50'),(238,2,1,'Grenadine Pet 200cl','5f6472b03d86a','','Brasseries',NULL,NULL,'template/assets/static/products/Snack Bar/Boissons Gazeuses/Grenadine Pet 200cl.png',1,'2020-09-18 08:41:20',NULL),(239,2,1,'Grenadine Pet 30cl','5f6472b08145b','','Brasseries',NULL,NULL,'template/assets/static/products/Snack Bar/Boissons Gazeuses/Grenadine Pet 30cl.png',1,'2020-09-18 08:41:20',NULL),(240,2,1,'Grenadine Pet 35cl','5f6472b0c7ba5','','Brasseries',NULL,NULL,'template/assets/static/products/Snack Bar/Boissons Gazeuses/Grenadine Pet 35cl.png',1,'2020-09-18 08:41:20',NULL),(241,2,1,'Grenadine Pet 60cl','5f6472b11c147','','Brasseries',NULL,NULL,'template/assets/static/products/Snack Bar/Boissons Gazeuses/Grenadine Pet 60cl.png',1,'2020-09-18 08:41:21',NULL),(242,2,1,'Top Orange Pet 100cl','5f6473ec72cb5',NULL,'Brasseries',NULL,NULL,'template/assets/static/products/Snack Bar/Boissons Gazeuses/Top Orange Pet 100cl.png',1,'2020-09-18 08:46:36',NULL),(243,2,1,'Top Orange Pet 30cl','5f6474302e2b5',NULL,'Brasseries',NULL,NULL,'template/assets/static/products/Snack Bar/Boissons Gazeuses/Top Orange Pet 30cl.png',1,'2020-09-18 08:47:44',NULL),(244,2,1,'Top Orange Pet 35cl','5f6474723b359',NULL,'Brasseries',NULL,NULL,'template/assets/static/products/Snack Bar/Boissons Gazeuses/Top Orange Pet 35cl.png',1,'2020-09-18 08:48:50',NULL),(245,2,1,'Top Orange Pet 60cl','5f6474b49f226',NULL,'Brasseries',NULL,NULL,'template/assets/static/products/Snack Bar/Boissons Gazeuses/Top Orange Pet 60cl.png',1,'2020-09-18 08:49:56',NULL),(246,2,1,'Pamplemousse Pet 100cl','5f647507c8efc',NULL,'Brasseries',NULL,NULL,'template/assets/static/products/Snack Bar/Boissons Gazeuses/Pamplemousse Pet 100cl.png',1,'2020-09-18 08:51:19',NULL),(247,2,1,'Pamplemousse Pet 150cl','5f64753f25aca',NULL,'Brasseries',NULL,NULL,'template/assets/static/products/Snack Bar/Boissons Gazeuses/Pamplemousse Pet 150cl.png',1,'2020-09-18 08:52:15',NULL),(248,2,1,'Pamplemousse Pet 200cl','5f6475b4eb5a1',NULL,'Brasseries',NULL,NULL,'template/assets/static/products/Snack Bar/Boissons Gazeuses/Pamplemousse Pet 200cl.png',1,'2020-09-18 08:54:13',NULL),(249,2,1,'Pamplemousse Pet 30cl','5f6476022bd21',NULL,'Brasseries',NULL,NULL,'template/assets/static/products/Snack Bar/Boissons Gazeuses/Pamplemousse Pet 30cl.png',1,'2020-09-18 08:55:30',NULL),(250,2,1,'Pamplemousse Pet 35cl','5f64763adf5e1',NULL,'Brasseries',NULL,NULL,'template/assets/static/products/Snack Bar/Boissons Gazeuses/Pamplemousse Pet 35cl.png',1,'2020-09-18 08:56:27',NULL),(251,2,1,'Pamplemousse Pet 60cl','5f6476741e39a',NULL,'Brasseries',NULL,NULL,'template/assets/static/products/Snack Bar/Boissons Gazeuses/Pamplemousse Pet 60cl.png',1,'2020-09-18 08:57:24',NULL),(252,5,1,'Madiba','5f69e32fb6030',NULL,'UCB',NULL,NULL,'template/assets/static/products/Snack Bar/Eaux/MADIBA.png',1,'2020-09-20 21:18:29',NULL),(253,1,1,'K44','5f67c725a7f0a','','UCB',NULL,NULL,'template/assets/static/products/Snack Bar/Bières/K44.png',1,'2020-09-20 21:18:29',NULL),(254,1,1,'Kadji','5f69e352c28af',NULL,'UCB',NULL,NULL,'template/assets/static/products/Snack Bar/Bières/KADJI.png',1,'2020-09-20 21:18:30',NULL),(255,1,1,'King','5f69e367149cd',NULL,'UCB',NULL,NULL,'template/assets/static/products/Snack Bar/Bières/KING.png',1,'2020-09-20 21:18:30',NULL),(256,2,1,'Special Pamplemousse','5f69e387b369e',NULL,'UCB',NULL,NULL,'template/assets/static/products/Snack Bar/Cocktails/SPECIAL_DRINKS.png',1,'2020-09-20 21:18:30',NULL),(257,5,1,'MADIBA','5f67c726a67bb','','UCB',NULL,NULL,'template/assets/static/products/Snack Bar/Eaux/MADIBA.png',1,'2020-09-20 21:18:31','2020-09-22 11:44:33'),(258,8,1,'PAMPLEMOUSSE','5f67c7271e1c6','','UCB',NULL,NULL,'template/assets/static/products/Snack Bar/Cocktails/PAMPLEMOUSSE.png',1,'2020-09-20 21:18:31','2020-09-22 11:45:13'),(259,1,1,'K44','5f67c7273869c','','UCB',NULL,NULL,'template/assets/static/products/Snack Bar/Bières/K44.png',1,'2020-09-20 21:18:31','2020-09-22 11:45:19'),(260,1,1,'KADJI','5f67c7279c1a3','','UCB',NULL,NULL,'template/assets/static/products/Snack Bar/Bières/KADJI.png',1,'2020-09-20 21:18:31','2020-09-22 11:45:24'),(261,1,1,'KING','5f67c727df9e2','','UCB',NULL,NULL,'template/assets/static/products/Snack Bar/Bières/KING.png',1,'2020-09-20 21:18:32','2020-09-22 11:45:34'),(262,8,1,'SPECIAL_DRINKS','5f67c7284c777','','',NULL,NULL,'template/assets/static/products/Snack Bar/Cocktails/SPECIAL_DRINKS.png',1,'2020-09-20 21:18:32','2020-09-22 11:45:39'),(263,5,1,'MADIBA','5f67c728b8aeb','','UCB',NULL,NULL,'template/assets/static/products/Snack Bar/Eaux/MADIBA.png',1,'2020-09-20 21:18:32','2020-09-22 11:45:44'),(264,8,1,'PAMPLEMOUSSE','5f67c728d02f7','','UCB',NULL,NULL,'template/assets/static/products/Snack Bar/Cocktails/PAMPLEMOUSSE.png',1,'2020-09-20 21:18:33','2020-09-22 11:45:53'),(265,1,1,'K44','5f67c7292c3c9','','UCB',NULL,NULL,'template/assets/static/products/Snack Bar/Bières/K44.png',1,'2020-09-20 21:18:33','2020-09-22 11:46:08'),(266,1,1,'KADJI','5f67c7297e390','','UCB',NULL,NULL,'template/assets/static/products/Snack Bar/Bières/KADJI.png',1,'2020-09-20 21:18:33','2020-09-22 12:05:50'),(267,1,1,'KING','5f67c729c0361','','UCB',NULL,NULL,'template/assets/static/products/Snack Bar/Bières/KING.png',1,'2020-09-20 21:18:33','2020-09-22 12:04:37'),(268,8,1,'SPECIAL_DRINKS','5f67c72a1515a','','',NULL,NULL,'template/assets/static/products/Snack Bar/Cocktails/SPECIAL_DRINKS.png',1,'2020-09-20 21:18:34','2020-09-22 12:04:43'),(269,8,1,'PAMPLEMOUSSE','5f67c72a6ef70','','UCB',NULL,NULL,'template/assets/static/products/Snack Bar/Cocktails/PAMPLEMOUSSE.png',1,'2020-09-20 21:18:34','2020-09-22 12:04:48'),(270,5,1,'MADIBA','5f67c72adbe37','','UCB',NULL,NULL,'template/assets/static/products/Snack Bar/Eaux/MADIBA.png',1,'2020-09-20 21:18:35','2020-09-22 12:04:54'),(271,1,1,'K44','5f67c72b3373a','','UCB',NULL,NULL,'template/assets/static/products/Snack Bar/Bières/K44.png',1,'2020-09-20 21:18:35','2020-09-22 12:05:03'),(272,1,1,'KADJI','5f67c72b90bcf','','UCB',NULL,NULL,'template/assets/static/products/Snack Bar/Bières/KADJI.png',1,'2020-09-20 21:18:35','2020-09-22 12:05:09'),(273,5,1,'MADIBA','5f67c72c0c301','','UCB',NULL,NULL,'template/assets/static/products/Snack Bar/Eaux/MADIBA.png',1,'2020-09-20 21:18:36','2020-09-20 21:25:25'),(274,1,1,'KING','5f67c72c0df2a','','UCB',NULL,NULL,'template/assets/static/products/Snack Bar/Bières/KING.png',1,'2020-09-20 21:18:36','2020-09-20 21:24:55'),(275,2,1,'SPECIAL_DRINKS','5f67c844b1b48',NULL,'UCB',NULL,NULL,'template/assets/static/products/Snack Bar/Cocktails/SPECIAL_DRINKS.png',1,'2020-09-20 21:18:36','2020-09-20 21:24:47'),(276,5,1,'MADIBA','5f67c72c5cb8b','','UCB',NULL,NULL,'template/assets/static/products/Snack Bar/Eaux/MADIBA.png',1,'2020-09-20 21:18:36','2020-09-22 12:05:14'),(277,1,1,'K44','5f67c72c5d573','','UCB',NULL,NULL,'template/assets/static/products/Snack Bar/Bières/K44.png',1,'2020-09-20 21:18:36','2020-09-20 21:24:42'),(278,8,1,'PAMPLEMOUSSE','5f67c72cadd25','','UCB',NULL,NULL,'template/assets/static/products/Snack Bar/Cocktails/PAMPLEMOUSSE.png',1,'2020-09-20 21:18:36','2020-09-20 21:24:04'),(279,1,1,'K44','5f67c72cb36ab','','UCB',NULL,NULL,'template/assets/static/products/Snack Bar/Bières/K44.png',1,'2020-09-20 21:18:36','2020-09-22 12:05:20'),(280,1,1,'KADJI','5f67c72cce623','','UCB',NULL,NULL,'template/assets/static/products/Snack Bar/Bières/KADJI.png',1,'2020-09-20 21:18:36','2020-09-20 21:23:55'),(281,1,1,'KADJI','5f67c72d14344','','UCB',NULL,NULL,'template/assets/static/products/Snack Bar/Bières/KADJI.png',1,'2020-09-20 21:18:37','2020-09-22 12:05:25'),(282,1,1,'KING','5f67c72d30156','','UCB',NULL,NULL,'template/assets/static/products/Snack Bar/Bières/KING.png',1,'2020-09-20 21:18:37','2020-09-22 12:05:31'),(283,1,1,'KING','5f67c72d68da8','','UCB',NULL,NULL,'template/assets/static/products/Snack Bar/Bières/KING.png',1,'2020-09-20 21:18:37','2020-09-20 21:23:51'),(284,8,1,'SPECIAL_DRINKS','5f67c72d76f97','','',NULL,NULL,'template/assets/static/products/Snack Bar/Cocktails/SPECIAL_DRINKS.png',1,'2020-09-20 21:18:37','2020-09-20 21:23:47'),(285,2,1,'SPECIAL_DRINKS','5f67c89270848',NULL,'UCB',NULL,NULL,'template/assets/static/products/Snack Bar/Cocktails/SPECIAL_DRINKS.png',1,'2020-09-20 21:18:37','2020-09-22 12:04:25'),(286,2,1,'PAMPLEMOUSSE','5f67c87ccea63',NULL,'UCB',NULL,NULL,'template/assets/static/products/Snack Bar/Cocktails/PAMPLEMOUSSE.png',1,'2020-09-20 21:18:37','2020-09-22 12:04:10'),(287,8,1,'PAMPLEMOUSSE','5f67c72e0689d','','UCB',NULL,NULL,'template/assets/static/products/Snack Bar/Cocktails/PAMPLEMOUSSE.png',1,'2020-09-20 21:18:38','2020-09-20 21:23:42'),(288,4,1,'Booster Caramel 30cl','5f69ea8a19c10',NULL,'Brasseries',NULL,NULL,'template/assets/static/products/Snack Bar/Alcools mix/Booster Caramel 30cl.png',1,'2020-09-22 12:14:02',NULL),(289,4,1,'Booster Rhum Ginger 50cl','5f69ebda40535',NULL,'Brasseries',NULL,NULL,'template/assets/static/products/Snack Bar/Alcools mix/Booster Rhum Ginger 50cl.png',1,'2020-09-22 12:19:38',NULL),(290,4,1,'Booster Whisky Cola 30cl','5f69ec34535dc',NULL,'Brasseries',NULL,NULL,'template/assets/static/products/Snack Bar/Alcools mix/Booster Whisky Cola 30cl.png',1,'2020-09-22 12:21:08',NULL),(291,4,1,'Booster Whisky Cola 50cl','5f69ec725c287',NULL,'Brasseries',NULL,NULL,'template/assets/static/products/Snack Bar/Alcools mix/Booster Whisky Cola 50cl.png',1,'2020-09-22 12:22:10',NULL),(292,5,1,'Supermont 1,5l','5f69f1eec93f9',NULL,'Source du Pays',NULL,NULL,'template/assets/static/products/Snack Bar/Eaux/Supermont 1,5l.png',1,'2020-09-22 12:45:34',NULL);
/*!40000 ALTER TABLE `products` ENABLE KEYS */;
UNLOCK TABLES;


--
-- Table structure for table `activities`
--

DROP TABLE IF EXISTS `activities`;
/*!40101 SET @saved_cs_client     = @@character_set_client */;
/*!50503 SET character_set_client = utf8mb4 */;
CREATE TABLE `activities` (
  `id` int(10) unsigned NOT NULL AUTO_INCREMENT,
  `code` varchar(191) COLLATE utf8mb4_unicode_ci NOT NULL,
  `name` varchar(191) COLLATE utf8mb4_unicode_ci NOT NULL,
  `is_active` tinyint(4) NOT NULL DEFAULT '1',
  `created_at` datetime NOT NULL DEFAULT CURRENT_TIMESTAMP,
  `deleted_at` timestamp NULL DEFAULT NULL,
  PRIMARY KEY (`id`),
  UNIQUE KEY `activities_code_unique` (`code`)
) ENGINE=InnoDB AUTO_INCREMENT=6 DEFAULT CHARSET=utf8mb4 COLLATE=utf8mb4_unicode_ci;
/*!40101 SET character_set_client = @saved_cs_client */;

--
-- Dumping data for table `activities`
--

LOCK TABLES `activities` WRITE;
/*!40000 ALTER TABLE `activities` DISABLE KEYS */;
INSERT INTO `activities` VALUES (1,'snack','Snack Bar',1,'2020-09-03 21:56:33',NULL),(2,'bar','Bar',1,'2020-09-03 21:56:33',NULL),(3,'longe','Snack Bar Longe',1,'2020-09-03 21:56:33',NULL),(4,'restaurant','Restaurant',1,'2020-09-03 21:56:33',NULL),(5,'restaurant-bar','Bar - Restaurant',1,'2020-09-03 21:56:33',NULL);
/*!40000 ALTER TABLE `activities` ENABLE KEYS */;
UNLOCK TABLES;

--
-- Table structure for table `activity_product`
--

DROP TABLE IF EXISTS `activity_product`;
/*!40101 SET @saved_cs_client     = @@character_set_client */;
/*!50503 SET character_set_client = utf8mb4 */;
CREATE TABLE `activity_product` (
  `product_id` int(10) unsigned NOT NULL,
  `activity_id` int(10) unsigned NOT NULL,
  PRIMARY KEY (`product_id`),
  KEY `activity_product_activity_id_foreign` (`activity_id`),
  CONSTRAINT `activity_product_activity_id_foreign` FOREIGN KEY (`activity_id`) REFERENCES `activities` (`id`) ON DELETE CASCADE,
  CONSTRAINT `activity_product_product_id_foreign` FOREIGN KEY (`product_id`) REFERENCES `products` (`id`) ON DELETE CASCADE
) ENGINE=InnoDB DEFAULT CHARSET=utf8mb4 COLLATE=utf8mb4_unicode_ci;
/*!40101 SET character_set_client = @saved_cs_client */;

--
-- Dumping data for table `activity_product`
--

LOCK TABLES `activity_product` WRITE;
/*!40000 ALTER TABLE `activity_product` DISABLE KEYS */;
INSERT INTO `activity_product` VALUES (1,1),(2,1),(3,1),(4,1),(5,1),(6,1),(7,1),(8,1),(9,1),(10,1),(11,1),(12,1),(13,1),(14,1),(15,1),(16,1),(17,1),(18,1),(19,1),(20,1),(21,1),(22,1),(23,1),(24,1),(25,1),(26,1),(27,1),(28,1),(29,1),(30,1),(31,1),(32,1),(33,1),(34,1),(35,1),(36,1),(37,1),(38,1),(39,1),(40,1),(41,1),(42,1),(43,1),(44,1),(45,1),(46,1),(47,1),(48,1),(49,1),(50,1),(51,1),(52,1),(53,1),(54,1),(55,1),(56,1),(57,1),(58,1),(59,1),(60,1),(61,1),(62,1),(63,1),(64,1),(65,1),(66,1),(67,1),(68,1),(69,1),(70,1),(71,1),(72,1),(73,1),(74,1),(75,1),(76,1),(77,1),(78,1),(79,1),(80,1),(81,1),(82,1),(83,1),(84,1),(85,1),(86,1),(87,1),(88,1),(89,1),(90,1),(91,1),(92,1),(93,1),(94,1),(95,1),(96,1),(97,1),(98,1),(99,1),(100,1),(101,1),(102,1),(103,1),(104,1),(105,1),(106,1),(107,1),(108,1),(109,1),(110,1),(111,1),(112,1),(113,1),(114,1),(115,1),(116,1),(117,1),(118,1),(119,1),(120,1),(121,1),(122,1),(123,1),(124,1),(125,1),(126,1),(127,1),(128,1),(129,1),(130,1),(131,1),(132,1),(133,1),(134,1),(135,1),(136,1),(137,1),(138,1),(139,1),(140,1),(141,1),(142,1),(143,1),(144,1),(145,1),(146,1),(147,1),(148,1),(149,1),(150,1),(151,1),(152,1),(153,1),(154,1),(155,1),(156,1),(157,1),(158,1),(159,1),(160,1),(161,1),(162,1),(163,1),(164,1),(165,1),(166,1),(167,1),(168,1),(169,1),(170,1),(171,1),(172,1),(173,1),(174,1),(175,1),(176,1),(177,1),(178,1),(179,1),(180,1),(181,1),(182,1),(183,1),(184,1),(185,1),(186,1),(187,1),(188,1),(189,1),(190,1),(191,1),(192,1),(193,1),(194,1),(195,1),(196,1),(197,1),(198,1),(199,1),(200,1),(201,1),(202,1),(203,1),(204,1),(205,1),(206,1),(207,1),(208,1),(209,1),(210,1),(211,1),(212,1),(213,1),(214,1),(215,1),(216,1),(217,1),(218,1),(219,1),(220,1),(221,1),(222,1),(223,1),(224,1),(225,1),(226,1),(227,1),(228,1),(229,1),(230,1),(231,1),(232,1),(233,1),(234,1),(235,1),(236,1),(237,1),(238,1),(239,1),(240,1),(241,1),(242,1),(243,1),(244,1),(245,1),(246,1),(247,1),(248,1),(249,1),(250,1),(251,1),(252,1),(253,1),(254,1),(255,1),(256,1),(257,1),(258,1),(259,1),(260,1),(261,1),(262,1),(263,1),(264,1),(265,1),(266,1),(267,1),(268,1),(269,1),(270,1),(271,1),(272,1),(273,1),(274,1),(275,1),(276,1),(277,1),(278,1),(279,1),(280,1),(281,1),(282,1),(283,1),(284,1),(285,1),(286,1),(287,1),(288,1),(289,1),(290,1),(291,1),(292,1);
/*!40000 ALTER TABLE `activity_product` ENABLE KEYS */;
UNLOCK TABLES;

