CREATE DATABASE  IF NOT EXISTS `easytrackdatabase` /*!40100 DEFAULT CHARACTER SET utf8 */;
USE `easytrackdatabase`;
-- MySQL dump 10.13  Distrib 8.0.20, for macos10.15 (x86_64)
--
-- Host: easytrackmysqlserver.mysql.database.azure.com    Database: easytrackdatabase
-- ------------------------------------------------------
-- Server version	5.6.47.0

/*!40101 SET @OLD_CHARACTER_SET_CLIENT=@@CHARACTER_SET_CLIENT */;
/*!40101 SET @OLD_CHARACTER_SET_RESULTS=@@CHARACTER_SET_RESULTS */;
/*!40101 SET @OLD_COLLATION_CONNECTION=@@COLLATION_CONNECTION */;
/*!50503 SET NAMES utf8 */;
/*!40103 SET @OLD_TIME_ZONE=@@TIME_ZONE */;
/*!40103 SET TIME_ZONE='+00:00' */;
/*!40014 SET @OLD_UNIQUE_CHECKS=@@UNIQUE_CHECKS, UNIQUE_CHECKS=0 */;
/*!40014 SET @OLD_FOREIGN_KEY_CHECKS=@@FOREIGN_KEY_CHECKS, FOREIGN_KEY_CHECKS=0 */;
/*!40101 SET @OLD_SQL_MODE=@@SQL_MODE, SQL_MODE='NO_AUTO_VALUE_ON_ZERO' */;
/*!40111 SET @OLD_SQL_NOTES=@@SQL_NOTES, SQL_NOTES=0 */;

--
-- Table structure for table `actions`
--

DROP TABLE IF EXISTS `actions`;
/*!40101 SET @saved_cs_client     = @@character_set_client */;
/*!50503 SET character_set_client = utf8mb4 */;
CREATE TABLE `actions` (
  `id` int(10) unsigned NOT NULL AUTO_INCREMENT,
  `company_id` int(11) DEFAULT NULL,
  `site_id` int(11) DEFAULT NULL,
  `initiator_id` int(11) NOT NULL,
  `target` varchar(191) COLLATE utf8mb4_unicode_ci NOT NULL,
  `target_id` int(11) NOT NULL,
  `level` int(11) NOT NULL,
  `type` varchar(191) COLLATE utf8mb4_unicode_ci NOT NULL,
  `action` text COLLATE utf8mb4_unicode_ci NOT NULL,
  `link` text COLLATE utf8mb4_unicode_ci,
  `created_at` datetime NOT NULL DEFAULT CURRENT_TIMESTAMP,
  `deleted_at` timestamp NULL DEFAULT NULL,
  PRIMARY KEY (`id`)
) ENGINE=InnoDB AUTO_INCREMENT=303 DEFAULT CHARSET=utf8mb4 COLLATE=utf8mb4_unicode_ci;
/*!40101 SET character_set_client = @saved_cs_client */;

--
-- Dumping data for table `actions`
--

LOCK TABLES `actions` WRITE;
/*!40000 ALTER TABLE `actions` DISABLE KEYS */;
INSERT INTO `actions` VALUES (1,7,NULL,49,'Employee',41,2,'create','Création du Caissier Alger Marceline',NULL,'2020-09-04 12:50:04',NULL),(2,7,NULL,49,'Employee',42,2,'create','Création du Serveur Alger Daisy',NULL,'2020-09-04 12:52:58',NULL),(3,7,NULL,49,'Employee',43,2,'create','Création du Serveur Diana Alger',NULL,'2020-09-04 12:55:05',NULL),(4,7,NULL,49,'Employee',44,2,'create','Création du Directeur Ahmed sylla',NULL,'2020-09-04 12:57:09',NULL),(5,7,NULL,49,'Sale',1,2,'create','Initiation de la commande client SO-1455403',NULL,'2020-09-04 13:09:03',NULL),(6,7,36,50,'Sale',1,1,'validate','Validation de la commande client SO-1455403',NULL,'2020-09-04 13:15:20',NULL),(7,7,NULL,49,'Sale',5,2,'create','Initiation de la commande client SO-7375249',NULL,'2020-09-07 11:37:32',NULL),(8,7,NULL,49,'Sale',6,2,'create','Initiation de la commande client SO-4945321',NULL,'2020-09-07 11:37:32',NULL),(9,7,NULL,49,'Sale',6,2,'validate','Validation de la commande client SO-4945321',NULL,'2020-09-07 11:38:44',NULL),(10,7,NULL,49,'Sale',7,2,'create','Initiation de la commande client SO-6410031',NULL,'2020-09-07 11:46:08',NULL),(11,7,NULL,49,'Sale',7,2,'validate','Validation de la commande client SO-6410031',NULL,'2020-09-07 11:46:49',NULL),(12,7,36,51,'Sale',8,1,'create','Initiation de la commande client SO-5702834',NULL,'2020-09-07 17:47:27',NULL),(13,7,36,51,'Sale',9,1,'create','Initiation de la commande client SO-8247509',NULL,'2020-09-07 17:48:12',NULL),(14,7,36,50,'Sale',9,1,'validate','Validation de la commande client SO-8247509',NULL,'2020-09-07 17:50:18',NULL),(15,7,36,50,'Sale',8,1,'validate','Validation de la commande client SO-5702834',NULL,'2020-09-07 17:50:30',NULL),(16,7,36,50,'Sale',5,1,'validate','Validation de la commande client SO-7375249',NULL,'2020-09-07 17:50:38',NULL),(17,7,NULL,49,'Sale',6,2,'invalidate','Invalidation de la commande client SO-4945321',NULL,'2020-09-08 18:01:54',NULL),(18,7,NULL,49,'Purchase',1,2,'create','Initiation de la commande fournisseur PO-2419652',NULL,'2020-09-08 18:06:38',NULL),(19,7,36,52,'Sale',10,1,'create','Initiation de la commande client SO-3379963',NULL,'2020-09-09 11:55:06',NULL),(20,7,36,50,'Sale',10,1,'validate','Validation de la commande client SO-3379963',NULL,'2020-09-09 12:14:28',NULL),(21,7,36,51,'Sale',11,1,'create','Initiation de la commande client SO-3469016',NULL,'2020-09-10 19:55:52',NULL),(22,7,NULL,49,'Sale',12,2,'create','Initiation de la commande client SO-7510661',NULL,'2020-09-10 19:57:40',NULL),(23,7,NULL,49,'Sale',13,2,'create','Initiation de la commande client SO-9859623',NULL,'2020-09-10 20:04:12',NULL),(24,7,36,50,'Sale',12,1,'validate','Validation de la commande client SO-7510661',NULL,'2020-09-10 20:11:41',NULL),(25,7,NULL,49,'Sale',14,2,'create','Initiation de la commande client SO-7640065',NULL,'2020-09-10 20:21:10',NULL),(26,7,NULL,49,'Sale',15,2,'create','Initiation de la commande client SO-7303694',NULL,'2020-09-10 20:25:53',NULL),(27,7,36,51,'Sale',13,1,'update','Mise à jour de la commande client SO-9859623',NULL,'2020-09-10 20:26:18',NULL),(28,7,36,52,'Sale',16,1,'create','Initiation de la commande client SO-8974866',NULL,'2020-09-10 20:26:51',NULL),(29,7,NULL,49,'Sale',17,2,'create','Initiation de la commande client SO-7174267',NULL,'2020-09-10 20:26:55',NULL),(30,7,36,53,'Sale',18,1,'create','Initiation de la commande client SO-7528186',NULL,'2020-09-10 20:27:19',NULL),(31,7,36,53,'Sale',19,1,'create','Initiation de la commande client SO-8106212',NULL,'2020-09-10 20:27:47',NULL),(32,7,NULL,49,'Sale',20,2,'create','Initiation de la commande client SO-7560685',NULL,'2020-09-10 20:28:06',NULL),(33,7,NULL,49,'Sale',21,2,'create','Initiation de la commande client SO-5291688',NULL,'2020-09-10 20:28:51',NULL),(34,7,36,53,'Sale',22,1,'create','Initiation de la commande client SO-9987716',NULL,'2020-09-10 20:30:03',NULL),(35,7,36,50,'Sale',22,1,'validate','Validation de la commande client SO-9987716',NULL,'2020-09-10 20:35:26',NULL),(36,7,36,52,'Sale',23,1,'create','Initiation de la commande client SO-5663326',NULL,'2020-09-10 20:35:43',NULL),(37,7,36,50,'Sale',21,1,'validate','Validation de la commande client SO-5291688',NULL,'2020-09-10 20:37:03',NULL),(38,7,36,50,'Sale',23,1,'validate','Validation de la commande client SO-5663326',NULL,'2020-09-10 20:37:43',NULL),(39,7,36,50,'Sale',19,1,'validate','Validation de la commande client SO-8106212',NULL,'2020-09-10 20:43:19',NULL),(40,7,NULL,49,'Sale',24,2,'create','Initiation de la commande client SO-1069582',NULL,'2020-09-10 20:56:08',NULL),(41,7,36,51,'Sale',25,1,'create','Initiation de la commande client SO-9358217',NULL,'2020-09-10 21:00:44',NULL),(42,7,36,50,'Sale',24,1,'validate','Validation de la commande client SO-1069582',NULL,'2020-09-10 21:00:58',NULL),(43,7,36,50,'Sale',25,1,'validate','Validation de la commande client SO-9358217',NULL,'2020-09-10 21:01:53',NULL),(44,7,NULL,49,'Sale',26,2,'create','Initiation de la commande client SO-6770163',NULL,'2020-09-10 21:04:34',NULL),(45,7,36,53,'Sale',27,1,'create','Initiation de la commande client SO-9858855',NULL,'2020-09-10 21:05:09',NULL),(46,7,NULL,49,'Purchase',2,2,'create','Initiation de la commande fournisseur PO-4397845',NULL,'2020-09-10 21:10:16',NULL),(47,7,NULL,49,'Purchase',2,2,'validate','validation de la commande fournisseur PO-4397845',NULL,'2020-09-10 21:10:29',NULL),(48,7,NULL,49,'Purchase',1,2,'validate','validation de la commande fournisseur PO-2419652',NULL,'2020-09-10 21:10:35',NULL),(49,7,NULL,49,'Employee',45,2,'create','Création du Serveur Samuel Misse',NULL,'2020-09-14 16:04:56',NULL),(50,7,NULL,49,'Sale',28,2,'create','Initiation de la commande client SO-5853681',NULL,'2020-09-17 10:39:14',NULL),(51,7,NULL,49,'Sale',29,2,'create','Initiation de la commande client SO-1772380',NULL,'2020-09-17 12:17:28',NULL),(52,7,NULL,49,'Sale',29,2,'validate','Validation de la commande client SO-1772380',NULL,'2020-09-17 12:18:05',NULL),(53,7,NULL,49,'Sale',30,2,'create','Initiation de la commande client SO-6436796',NULL,'2020-09-17 12:18:41',NULL),(54,7,NULL,49,'Sale',30,2,'validate','Validation de la commande client SO-6436796',NULL,'2020-09-17 12:22:48',NULL),(55,7,NULL,49,'Sale',31,2,'create','Initiation de la commande client SO-6344281',NULL,'2020-09-17 15:59:52',NULL),(56,7,36,51,'Sale',32,1,'create','Initiation de la commande client SO-2798156',NULL,'2020-09-17 16:02:19',NULL),(57,11,NULL,58,'Employee',46,2,'create','Création du Serveur Estelle Belinga',NULL,'2020-09-24 17:55:00',NULL),(58,11,NULL,58,'Employee',47,2,'create','Création du Serveur Denise',NULL,'2020-09-24 18:04:07',NULL),(59,11,NULL,58,'Employee',48,2,'create','Création du Caissier Dylan junior',NULL,'2020-09-24 18:06:05',NULL),(60,11,NULL,58,'Sale',34,2,'create','Initiation de la commande client SO-2433038',NULL,'2020-09-24 18:21:25',NULL),(61,11,NULL,58,'Sale',34,2,'validate','Validation de la commande client SO-2433038',NULL,'2020-09-24 18:24:52',NULL),(62,11,40,60,'Sale',35,1,'create','Initiation de la commande client SO-9356023',NULL,'2020-09-24 18:48:19',NULL),(63,11,40,59,'Sale',36,1,'create','Initiation de la commande client SO-3137278',NULL,'2020-09-24 18:49:14',NULL),(64,11,40,59,'Sale',36,1,'update','Mise à jour de la commande client SO-3137278',NULL,'2020-09-24 18:58:31',NULL),(65,11,40,61,'Sale',36,1,'validate','Validation de la commande client SO-3137278',NULL,'2020-09-24 19:00:22',NULL),(66,11,40,60,'Sale',37,1,'create','Initiation de la commande client SO-9889091',NULL,'2020-09-24 19:00:38',NULL),(67,11,40,59,'Sale',38,1,'create','Initiation de la commande client SO-8003752',NULL,'2020-09-25 10:55:13',NULL),(68,11,40,61,'Sale',38,1,'validate','Validation de la commande client SO-8003752',NULL,'2020-09-25 10:57:29',NULL),(69,6,NULL,8,'Purchase',3,2,'create','Initiation de la commande fournisseur PO-9307332',NULL,'2020-10-09 09:33:46',NULL),(70,7,NULL,49,'Sale',30,2,'invalidate','Invalidation de la commande client SO-6436796',NULL,'2020-10-09 09:57:51',NULL),(71,7,NULL,49,'Employee',49,2,'create','Création du Caissier test',NULL,'2020-10-09 09:59:32',NULL),(72,7,NULL,49,'Employee',50,2,'create','Création du Caissier test2',NULL,'2020-10-09 10:12:38',NULL),(73,7,NULL,49,'Employee',51,2,'create','Création du Gérant ngiongboung andre',NULL,'2020-10-09 10:22:10',NULL),(74,7,36,64,'Sale',30,1,'validate','Validation de la commande client SO-6436796',NULL,'2020-10-09 10:33:00',NULL),(75,7,36,64,'Purchase',1,1,'update','Mise à jour de la commande fournisseur PO-2419652',NULL,'2020-10-09 10:34:43',NULL),(76,7,NULL,49,'Sale',39,2,'create','Initiation de la commande client SO-8719741',NULL,'2020-10-09 14:17:04',NULL),(77,7,NULL,49,'Sale',39,2,'validate','Validation de la commande client SO-8719741',NULL,'2020-10-09 14:18:18',NULL),(78,7,36,51,'Sale',40,1,'create','Initiation de la commande client SO-6744620',NULL,'2020-10-09 14:23:11',NULL),(79,7,NULL,49,'Sale',41,2,'create','Initiation de la commande client SO-3907587',NULL,'2020-10-09 21:51:59',NULL),(80,7,NULL,49,'Purchase',4,2,'create','Initiation de la commande fournisseur PO-9987426',NULL,'2020-10-10 16:26:24',NULL),(81,7,NULL,49,'Purchase',4,2,'validate','validation de la commande fournisseur PO-9987426',NULL,'2020-10-10 16:35:38',NULL),(82,7,NULL,49,'Purchase',4,2,'update','Mise à jour de la commande fournisseur PO-9987426',NULL,'2020-10-10 16:50:34',NULL),(83,7,NULL,49,'Purchase',4,2,'update','Mise à jour de la commande fournisseur PO-9987426',NULL,'2020-10-10 16:51:29',NULL),(84,7,NULL,49,'Purchase',4,2,'invalidate','Invalidation de la commande fournisseur PO-9987426',NULL,'2020-10-10 16:52:04',NULL),(85,7,NULL,49,'Sale',42,2,'create','Initiation de la commande client SO-2888706',NULL,'2020-10-10 17:44:11',NULL),(86,12,NULL,65,'Employee',52,2,'create','Création du Caissier Frédérica alger',NULL,'2020-10-10 22:48:05',NULL),(87,7,NULL,49,'Employee',51,2,'update','Mise à jour du Caissier ngiongboung andre nloutsiri',NULL,'2020-10-11 17:30:13',NULL),(88,7,NULL,49,'Employee',51,2,'update','Mise à jour du Caissier ngiongboung andre nloutsiri',NULL,'2020-10-11 17:30:23',NULL),(89,7,NULL,49,'Employee',51,2,'update','Mise à jour du Caissier ngiongboung andre nloutsiri',NULL,'2020-10-11 17:30:24',NULL),(90,13,NULL,67,'Purchase',5,2,'create','Initiation de la commande fournisseur PO-2007022',NULL,'2020-10-11 17:35:26',NULL),(91,13,NULL,67,'Sale',43,2,'create','Initiation de la commande client SO-2305769',NULL,'2020-10-11 17:39:32',NULL),(92,13,NULL,67,'Sale',44,2,'create','Initiation de la commande client SO-5024279',NULL,'2020-10-11 17:40:30',NULL),(93,13,NULL,67,'Sale',44,2,'validate','Validation de la commande client SO-5024279',NULL,'2020-10-11 17:40:55',NULL),(94,13,NULL,67,'Sale',45,2,'create','Initiation de la commande client SO-2678401',NULL,'2020-10-11 17:41:31',NULL),(95,7,36,51,'Sale',50,1,'create','Initiation de la commande client SO-6953634',NULL,'2020-10-12 06:44:27',NULL),(96,7,NULL,49,'Purchase',4,2,'validate','validation de la commande fournisseur PO-9987426',NULL,'2020-10-12 07:00:09',NULL),(97,7,NULL,49,'Sale',51,2,'create','Initiation de la commande client SO-4693467',NULL,'2020-10-12 07:00:48',NULL),(98,7,NULL,49,'Sale',51,2,'validate','Validation de la commande client SO-4693467',NULL,'2020-10-12 07:01:42',NULL),(99,7,NULL,49,'Sale',51,2,'invalidate','Invalidation de la commande client SO-4693467',NULL,'2020-10-12 07:02:19',NULL),(100,6,NULL,8,'Sale',53,2,'validate','Validation de la commande client SO-5249003',NULL,'2020-10-12 09:47:16',NULL),(101,6,NULL,8,'Sale',54,2,'create','Initiation de la commande client SO-9057668',NULL,'2020-10-12 12:38:07',NULL),(102,6,NULL,8,'Sale',3,2,'validate','Validation de la commande client SO-4410001',NULL,'2020-10-12 12:38:57',NULL),(103,7,NULL,49,'Sale',42,2,'validate','Validation de la commande client SO-2888706',NULL,'2020-10-12 17:00:29',NULL),(104,7,NULL,49,'Sale',56,2,'create','Initiation de la commande client SO-7241329',NULL,'2020-10-13 17:28:25',NULL),(105,14,NULL,70,'Employee',55,2,'create','Création du Caissier 123456',NULL,'2020-11-02 17:25:18',NULL),(106,14,NULL,70,'Employee',56,2,'create','Création du Caissier ALICE',NULL,'2020-11-02 17:33:25',NULL),(107,14,NULL,70,'Employee',57,2,'create','Création du Caissier Estelle',NULL,'2020-11-02 18:07:08',NULL),(108,14,NULL,70,'Employee',55,2,'update','Mise à jour du Magasinier 123456',NULL,'2020-11-02 18:19:33',NULL),(109,14,NULL,70,'Employee',57,2,'update','Mise à jour du Caissier Estelle',NULL,'2020-11-02 19:07:54',NULL),(110,14,NULL,70,'Employee',58,2,'create','Création du Serveur Levis',NULL,'2020-11-02 19:10:36',NULL),(111,14,NULL,70,'Employee',59,2,'create','Création du Magasinier Ludo',NULL,'2020-11-02 19:34:02',NULL),(112,14,NULL,70,'Employee',60,2,'create','Création du Gérant Eko',NULL,'2020-11-02 19:38:58',NULL),(113,14,NULL,70,'Employee',61,2,'create','Création du Serveur Raissa',NULL,'2020-11-02 19:56:03',NULL),(114,7,NULL,49,'Sale',59,2,'create','Initiation de la commande client SO-3771203',NULL,'2020-11-03 10:26:50',NULL),(115,7,NULL,49,'Sale',59,2,'validate','Validation de la commande client SO-3771203',NULL,'2020-11-03 10:27:25',NULL),(116,7,NULL,49,'Sale',60,2,'create','Initiation de la commande client SO-9893366',NULL,'2020-11-03 10:28:00',NULL),(117,7,NULL,49,'Sale',61,2,'create','Initiation de la commande client SO-9425976',NULL,'2020-11-03 10:29:00',NULL),(118,7,NULL,49,'Sale',60,2,'validate','Validation de la commande client SO-9893366',NULL,'2020-11-03 10:29:32',NULL),(119,6,NULL,8,'Employee',35,2,'destroy','Suppression du Gérant employee 34',NULL,'2020-11-03 16:35:41',NULL),(120,14,NULL,70,'Employee',62,2,'create','Création du Caissier Armel',NULL,'2020-11-03 16:57:14',NULL),(121,14,NULL,70,'Employee',55,2,'destroy','Suppression du Magasinier 123456',NULL,'2020-11-03 16:57:37',NULL),(122,14,NULL,70,'Employee',59,2,'update','Mise à jour du Caissier Ludo',NULL,'2020-11-03 17:07:37',NULL),(123,14,NULL,70,'Employee',59,2,'update','Mise à jour du Caissier Ludo',NULL,'2020-11-03 17:08:11',NULL),(124,14,NULL,70,'Employee',56,2,'update','Mise à jour du Magasinier ALICE',NULL,'2020-11-03 17:17:47',NULL),(125,6,NULL,8,'Sale',62,2,'create','Initiation de la commande client SO-6448319',NULL,'2020-11-03 17:31:33',NULL),(126,14,NULL,70,'Employee',63,2,'create','Création du Gérant kesnel davy',NULL,'2020-11-03 18:24:22',NULL),(127,14,NULL,70,'Sale',63,2,'create','Initiation de la commande client SO-7322140',NULL,'2020-11-03 18:36:37',NULL),(128,14,NULL,70,'Purchase',6,2,'create','Initiation de la commande fournisseur PO-9287378',NULL,'2020-11-03 18:39:58',NULL),(129,14,NULL,70,'Sale',64,2,'create','Initiation de la commande client SO-6177420',NULL,'2020-11-03 18:43:26',NULL),(130,14,NULL,70,'Purchase',7,2,'create','Initiation de la commande fournisseur PO-4752616',NULL,'2020-11-03 18:45:16',NULL),(131,14,NULL,70,'Purchase',8,2,'create','Initiation de la commande fournisseur PO-3662590',NULL,'2020-11-03 18:46:07',NULL),(132,14,NULL,70,'Purchase',6,2,'validate','validation de la commande fournisseur PO-9287378',NULL,'2020-11-03 18:47:51',NULL),(133,14,NULL,70,'Employee',63,2,'destroy','Suppression du Gérant kesnel davy',NULL,'2020-11-03 18:59:24',NULL),(134,14,NULL,70,'Purchase',8,2,'update','Mise à jour de la commande fournisseur PO-3662590',NULL,'2020-11-03 18:59:41',NULL),(135,14,NULL,70,'Purchase',8,2,'update','Mise à jour de la commande fournisseur PO-3662590',NULL,'2020-11-03 19:00:40',NULL),(136,14,NULL,70,'Employee',58,2,'update','Mise à jour du Serveur Levis',NULL,'2020-11-03 19:03:57',NULL),(137,14,NULL,70,'Employee',58,2,'update','Mise à jour du Serveur Levis',NULL,'2020-11-03 19:03:59',NULL),(138,14,NULL,70,'Sale',65,2,'create','Initiation de la commande client SO-2551328',NULL,'2020-11-03 19:06:52',NULL),(139,14,NULL,70,'Sale',66,2,'create','Initiation de la commande client SO-6301514',NULL,'2020-11-03 19:10:14',NULL),(140,14,NULL,70,'Sale',66,2,'validate','Validation de la commande client SO-6301514',NULL,'2020-11-03 19:11:33',NULL),(141,6,NULL,8,'Sale',67,2,'create','Initiation de la commande client SO-6733665',NULL,'2020-11-03 19:29:51',NULL),(142,6,NULL,8,'Sale',68,2,'create','Initiation de la commande client SO-6999860',NULL,'2020-11-03 20:00:12',NULL),(143,14,NULL,70,'Purchase',7,2,'validate','validation de la commande fournisseur PO-4752616',NULL,'2020-11-03 20:16:58',NULL),(144,6,NULL,8,'Sale',54,2,'validate','Validation de la commande client SO-9057668',NULL,'2020-11-03 21:30:00',NULL),(145,6,NULL,8,'Sale',67,2,'update','Mise à jour de la commande client SO-6733665',NULL,'2020-11-03 21:44:40',NULL),(146,6,NULL,8,'Sale',4,2,'validate','Validation de la commande client SO-8459316',NULL,'2020-11-03 21:45:23',NULL),(147,6,NULL,8,'Sale',69,2,'create','Initiation de la commande client SO-4906898',NULL,'2020-11-03 21:49:13',NULL),(148,7,NULL,49,'Sale',70,2,'create','Initiation de la commande client SO-7581724',NULL,'2020-11-04 06:27:42',NULL),(149,7,NULL,49,'Sale',71,2,'create','Initiation de la commande client SO-4036969',NULL,'2020-11-04 07:33:25',NULL),(150,14,NULL,70,'Employee',56,2,'update','Mise à jour du Caissier ALICE',NULL,'2020-11-04 17:00:58',NULL),(151,14,46,79,'Sale',64,1,'validate','Validation de la commande client SO-6177420',NULL,'2020-11-04 18:12:52',NULL),(152,5,35,31,'Purchase',9,1,'create','Initiation de la commande fournisseur PO-7323526',NULL,'2020-11-04 20:22:51',NULL),(153,5,35,31,'Purchase',9,1,'validate','Validation de la commande fournisseur PO-7323526',NULL,'2020-11-04 20:23:06',NULL),(154,6,33,19,'Purchase',10,1,'create','Initiation de la commande fournisseur PO-4852305',NULL,'2020-11-04 20:26:44',NULL),(155,6,33,19,'Purchase',10,1,'validate','Validation de la commande fournisseur PO-4852305',NULL,'2020-11-04 20:27:04',NULL),(156,6,NULL,8,'Employee',11,2,'destroy','Suppression du Gérant employee 10',NULL,'2020-11-04 20:27:44',NULL),(157,7,NULL,49,'Sale',72,2,'create','Initiation de la commande client SO-9972014',NULL,'2020-11-05 16:50:46',NULL),(158,7,NULL,49,'Sale',72,2,'validate','Validation de la commande client SO-9972014',NULL,'2020-11-05 16:51:12',NULL),(159,7,NULL,49,'Sale',70,2,'validate','Validation de la commande client SO-7581724',NULL,'2020-11-05 17:03:59',NULL),(160,14,NULL,70,'Sale',73,2,'create','Initiation de la commande client SO-5118189',NULL,'2020-11-05 17:31:52',NULL),(161,14,NULL,70,'Sale',74,2,'create','Initiation de la commande client SO-5129301',NULL,'2020-11-05 17:35:04',NULL),(162,14,NULL,70,'Sale',75,2,'create','Initiation de la commande client SO-4067020',NULL,'2020-11-05 17:36:01',NULL),(163,14,NULL,70,'Sale',75,2,'validate','Validation de la commande client SO-4067020',NULL,'2020-11-05 17:38:24',NULL),(164,14,NULL,70,'Sale',76,2,'create','Initiation de la commande client SO-1500264',NULL,'2020-11-05 17:55:11',NULL),(165,14,NULL,70,'Sale',76,2,'update','Mise à jour de la commande client SO-1500264',NULL,'2020-11-05 17:57:41',NULL),(166,14,NULL,70,'Sale',74,2,'validate','Validation de la commande client SO-5129301',NULL,'2020-11-05 17:57:50',NULL),(167,14,NULL,70,'Sale',76,2,'validate','Validation de la commande client SO-1500264',NULL,'2020-11-05 18:38:03',NULL),(168,14,NULL,70,'Sale',77,2,'create','Initiation de la commande client SO-5812255',NULL,'2020-11-05 18:40:56',NULL),(169,14,NULL,70,'Sale',78,2,'create','Initiation de la commande client SO-5927672',NULL,'2020-11-05 18:42:07',NULL),(170,14,NULL,70,'Sale',78,2,'validate','Validation de la commande client SO-5927672',NULL,'2020-11-05 19:20:09',NULL),(171,14,NULL,70,'Sale',79,2,'create','Initiation de la commande client SO-7354598',NULL,'2020-11-05 19:38:14',NULL),(172,14,NULL,70,'Sale',79,2,'update','Mise à jour de la commande client SO-7354598',NULL,'2020-11-05 19:38:37',NULL),(173,14,NULL,70,'Sale',80,2,'create','Initiation de la commande client SO-6055112',NULL,'2020-11-06 16:48:26',NULL),(174,14,NULL,70,'Employee',64,2,'create','Création du Caissier Raissa',NULL,'2020-11-06 17:33:35',NULL),(175,14,NULL,70,'Employee',65,2,'create','Création du Serveur Kadal',NULL,'2020-11-06 17:39:44',NULL),(176,14,NULL,70,'Employee',66,2,'create','Création du Magasinier Christiana',NULL,'2020-11-06 17:41:35',NULL),(177,14,NULL,70,'Employee',65,2,'destroy','Suppression du Serveur Kadal',NULL,'2020-11-06 17:55:04',NULL),(178,14,NULL,70,'Employee',67,2,'create','Création du Magasinier zeeeee',NULL,'2020-11-06 17:55:43',NULL),(179,14,NULL,70,'Sale',78,2,'invalidate','Invalidation de la commande client SO-5927672',NULL,'2020-11-06 18:28:29',NULL),(180,14,NULL,70,'Sale',81,2,'create','Initiation de la commande client SO-5709434',NULL,'2020-11-06 18:36:12',NULL),(181,14,NULL,70,'Purchase',11,2,'create','Initiation de la commande fournisseur PO-8305837',NULL,'2020-11-06 18:40:41',NULL),(182,14,NULL,70,'Employee',68,2,'create','Création du Serveur raissah',NULL,'2020-11-06 19:12:35',NULL),(183,7,NULL,49,'Purchase',12,2,'create','Initiation de la commande fournisseur PO-8512337',NULL,'2020-11-06 20:00:32',NULL),(184,14,NULL,70,'Sale',82,2,'create','Initiation de la commande client SO-9298736',NULL,'2020-11-08 19:45:34',NULL),(185,14,NULL,70,'Sale',83,2,'create','Initiation de la commande client SO-5049797',NULL,'2020-11-08 19:46:28',NULL),(186,6,NULL,8,'Sale',84,2,'create','Initiation de la commande client SO-4131512',NULL,'2020-11-08 20:07:50',NULL),(187,6,NULL,8,'Sale',33,2,'update','Mise à jour de la commande client SO-3872192',NULL,'2020-11-08 20:08:14',NULL),(188,6,NULL,8,'Sale',62,2,'validate','Validation de la commande client SO-6448319',NULL,'2020-11-08 20:08:44',NULL),(189,14,NULL,70,'Employee',67,2,'destroy','Suppression du Magasinier zeeeee',NULL,'2020-11-09 16:31:49',NULL),(190,14,NULL,70,'Employee',69,2,'create','Création du Serveur sopking',NULL,'2020-11-09 16:38:25',NULL),(191,14,NULL,70,'Employee',70,2,'create','Création du Gérant TOTO',NULL,'2020-11-09 16:38:56',NULL),(192,14,NULL,70,'Sale',79,2,'destroy','Suppression de la commande client SO-7354598',NULL,'2020-11-09 16:43:12',NULL),(193,14,NULL,70,'Employee',71,2,'create','Création du Gérant kevie',NULL,'2020-11-09 16:51:07',NULL),(194,7,NULL,49,'Sale',85,2,'create','Initiation de la commande client SO-6590083',NULL,'2020-11-09 17:14:24',NULL),(195,14,NULL,70,'Employee',72,2,'create','Création du Caissier armel',NULL,'2020-11-09 17:15:58',NULL),(196,7,NULL,49,'Sale',86,2,'create','Initiation de la commande client SO-7898404',NULL,'2020-11-09 17:17:35',NULL),(197,14,NULL,70,'Employee',73,2,'create','Création du Serveur KESNEL',NULL,'2020-11-09 17:27:39',NULL),(198,14,NULL,70,'Sale',80,2,'update','Mise à jour de la commande client SO-6055112',NULL,'2020-11-09 18:08:12',NULL),(199,14,NULL,70,'Sale',81,2,'update','Mise à jour de la commande client SO-5709434',NULL,'2020-11-09 18:10:17',NULL),(200,7,NULL,49,'Sale',87,2,'create','Initiation de la commande client SO-8137064',NULL,'2020-11-10 14:56:04',NULL),(201,7,NULL,49,'Sale',88,2,'create','Initiation de la commande client SO-7860485',NULL,'2020-11-10 15:03:34',NULL),(202,14,NULL,70,'Sale',89,2,'create','Initiation de la commande client SO-5668779',NULL,'2020-11-10 17:11:33',NULL),(203,14,NULL,70,'Employee',74,2,'create','Création du Caissier POP',NULL,'2020-11-10 18:12:18',NULL),(204,14,NULL,70,'Employee',75,2,'create','Création du Caissier popi',NULL,'2020-11-10 18:15:44',NULL),(205,6,NULL,8,'Sale',33,2,'validate','Validation de la commande client SO-3872192',NULL,'2020-11-11 08:29:32',NULL),(206,6,NULL,8,'Sale',62,2,'validate','Validation de la commande client SO-6448319',NULL,'2020-11-11 08:41:28',NULL),(207,14,NULL,70,'Employee',64,2,'destroy','Suppression du Caissier Raissa',NULL,'2020-11-11 17:08:32',NULL),(208,14,NULL,70,'Employee',72,2,'destroy','Suppression du Caissier armel',NULL,'2020-11-11 17:09:15',NULL),(209,14,NULL,70,'Employee',76,2,'create','Création du Serveur RAISSA',NULL,'2020-11-11 17:13:36',NULL),(210,14,NULL,70,'Employee',77,2,'create','Création du Caissier DOMINIQUE',NULL,'2020-11-11 17:15:33',NULL),(211,14,NULL,70,'Employee',78,2,'create','Création du Gérant ARMEL',NULL,'2020-11-11 17:16:56',NULL),(212,14,NULL,70,'Employee',79,2,'create','Création du Magasinier ALICE',NULL,'2020-11-11 17:18:18',NULL),(213,14,NULL,70,'Sale',90,2,'create','Initiation de la commande client SO-2847544',NULL,'2020-11-11 17:34:58',NULL),(214,14,NULL,70,'Sale',91,2,'create','Initiation de la commande client SO-3070271',NULL,'2020-11-11 17:36:40',NULL),(215,14,52,99,'Sale',92,1,'create','Initiation de la commande client SO-8572729',NULL,'2020-11-11 17:53:31',NULL),(216,14,52,99,'Sale',93,1,'create','Initiation de la commande client SO-3384104',NULL,'2020-11-11 17:53:32',NULL),(217,14,52,99,'Sale',94,1,'create','Initiation de la commande client SO-9042357',NULL,'2020-11-11 17:53:32',NULL),(218,14,52,99,'Sale',73,1,'validate','Validation de la commande client SO-5118189',NULL,'2020-11-11 18:00:16',NULL),(219,14,52,98,'Sale',95,1,'create','Initiation de la commande client SO-6823561',NULL,'2020-11-11 18:04:18',NULL),(220,14,52,99,'Purchase',13,1,'create','Initiation de la commande fournisseur PO-9289205',NULL,'2020-11-11 18:06:49',NULL),(221,14,52,99,'Purchase',13,1,'validate','Validation de la commande fournisseur PO-9289205',NULL,'2020-11-11 18:07:42',NULL),(222,14,52,99,'Purchase',13,1,'update','Mise à jour de la commande fournisseur PO-9289205',NULL,'2020-11-11 18:08:31',NULL),(223,14,52,99,'Purchase',13,1,'invalidate','Invalidation de la commande fournisseur PO-9289205',NULL,'2020-11-11 18:08:46',NULL),(224,14,52,99,'Purchase',14,1,'create','Initiation de la commande fournisseur PO-2761249',NULL,'2020-11-11 18:09:25',NULL),(225,14,52,99,'Sale',94,1,'validate','Validation de la commande client SO-9042357',NULL,'2020-11-11 18:11:52',NULL),(226,14,52,99,'Sale',94,1,'invalidate','Invalidation de la commande client SO-9042357',NULL,'2020-11-11 18:12:19',NULL),(227,14,52,97,'Sale',96,1,'create','Initiation de la commande client SO-1769977',NULL,'2020-11-11 18:20:53',NULL),(228,14,52,99,'Employee',66,1,'destroy','Suppression du Magasinier Christiana',NULL,'2020-11-11 18:30:51',NULL),(229,14,NULL,70,'Sale',91,2,'validate','Validation de la commande client SO-3070271',NULL,'2020-11-12 16:40:18',NULL),(230,14,NULL,70,'Sale',89,2,'validate','Validation de la commande client SO-5668779',NULL,'2020-11-12 16:40:29',NULL),(231,14,NULL,70,'Sale',97,2,'create','Initiation de la commande client SO-5314043',NULL,'2020-11-12 16:51:32',NULL),(232,14,NULL,70,'Sale',97,2,'destroy','Suppression de la commande client SO-5314043',NULL,'2020-11-12 18:39:08',NULL),(233,14,NULL,70,'Employee',77,2,'update','Mise à jour du Serveur DOMINIQUE',NULL,'2020-11-12 19:04:54',NULL),(234,14,NULL,70,'Employee',76,2,'update','Mise à jour du Serveur RAISSA',NULL,'2020-11-12 19:30:17',NULL),(235,7,NULL,49,'Sale',98,2,'create','Initiation de la commande client SO-4222689',NULL,'2020-11-12 22:03:57',NULL),(236,6,NULL,8,'Employee',1,2,'update','Mise à jour du Serveur employee 0',NULL,'2020-11-13 03:51:17',NULL),(237,6,33,21,'Purchase',15,1,'create','Initiation de la commande fournisseur PO-5670392',NULL,'2020-11-13 04:38:22',NULL),(238,6,33,21,'Purchase',15,1,'destroy','Suppression de la commande fournisseur PO-5670392',NULL,'2020-11-13 09:19:40',NULL),(239,7,NULL,49,'Employee',80,2,'create','Création du Serveur EBENYE Vanessa',NULL,'2020-11-13 12:21:17',NULL),(240,7,NULL,49,'Employee',80,2,'destroy','Suppression du Serveur EBENYE Vanessa',NULL,'2020-11-13 13:01:35',NULL),(241,7,NULL,49,'Employee',81,2,'create','Création du Caissier Ebenye',NULL,'2020-11-13 13:02:31',NULL),(242,14,NULL,70,'Employee',73,2,'update','Mise à jour du Serveur KESNEL',NULL,'2020-11-13 17:24:50',NULL),(243,14,NULL,70,'Sale',99,2,'create','Initiation de la commande client SO-2041184',NULL,'2020-11-13 17:46:33',NULL),(244,14,NULL,70,'Employee',82,2,'create','Création du Serveur lol',NULL,'2020-11-13 17:56:36',NULL),(245,14,NULL,70,'Employee',82,2,'update','Mise à jour du Serveur lol',NULL,'2020-11-13 17:59:19',NULL),(246,14,NULL,70,'Sale',90,2,'destroy','Suppression de la commande client SO-2847544',NULL,'2020-11-13 18:13:19',NULL),(247,14,NULL,70,'Sale',99,2,'destroy','Suppression de la commande client SO-2041184',NULL,'2020-11-13 18:19:54',NULL),(248,14,NULL,70,'Employee',82,2,'update','Mise à jour du Serveur lol',NULL,'2020-11-13 18:20:46',NULL),(249,7,NULL,49,'Sale',100,2,'create','Initiation de la commande client SO-1148607',NULL,'2020-11-16 19:08:36',NULL),(250,6,NULL,8,'Purchase',16,2,'create','Initiation de la commande fournisseur PO-8220466',NULL,'2020-11-19 02:00:44',NULL),(251,6,NULL,8,'Purchase',17,2,'create','Initiation de la commande fournisseur PO-8561527',NULL,'2020-11-19 02:00:44',NULL),(252,6,NULL,8,'Purchase',17,2,'validate','validation de la commande fournisseur PO-8561527',NULL,'2020-11-19 02:01:13',NULL),(253,6,NULL,8,'Sale',101,2,'create','Initiation de la commande client SO-5553427',NULL,'2020-11-19 02:07:09',NULL),(254,6,NULL,8,'Sale',101,2,'validate','Validation de la commande client SO-5553427',NULL,'2020-11-19 02:07:29',NULL),(255,6,NULL,8,'Sale',102,2,'create','Initiation de la commande client SO-1379193',NULL,'2020-11-19 02:17:54',NULL),(256,6,NULL,8,'Sale',103,2,'create','Initiation de la commande client SO-3015001',NULL,'2020-11-19 02:57:50',NULL),(257,6,NULL,8,'Sale',104,2,'create','Initiation de la commande client SO-2879307',NULL,'2020-11-19 02:58:39',NULL),(258,6,NULL,8,'Sale',105,2,'create','Initiation de la commande client SO-3797931',NULL,'2020-11-19 02:59:44',NULL),(259,6,NULL,8,'Sale',103,2,'destroy','Suppression de la commande client SO-3015001',NULL,'2020-11-19 03:09:22',NULL),(260,6,NULL,8,'Sale',104,2,'destroy','Suppression de la commande client SO-2879307',NULL,'2020-11-19 03:12:03',NULL),(261,14,NULL,70,'Sale',106,2,'create','Initiation de la commande client SO-7180729',NULL,'2020-11-20 06:09:07',NULL),(262,14,NULL,70,'Sale',107,2,'create','Initiation de la commande client SO-8938077',NULL,'2020-11-21 01:25:50',NULL),(263,14,NULL,70,'Sale',107,2,'update','Mise à jour de la commande client SO-8938077',NULL,'2020-11-21 01:26:03',NULL),(264,14,NULL,70,'Sale',89,2,'validate','Validation de la commande client SO-5668779',NULL,'2020-11-21 01:27:48',NULL),(265,7,NULL,49,'Sale',108,2,'create','Initiation de la commande client SO-7496527',NULL,'2020-11-27 07:37:00',NULL),(266,7,NULL,49,'Sale',108,2,'update','Mise à jour de la commande client SO-7496527',NULL,'2020-11-27 07:37:29',NULL),(267,7,NULL,49,'Sale',109,2,'create','Initiation de la commande client SO-9949572',NULL,'2020-11-27 21:32:01',NULL),(268,14,NULL,70,'Sale',110,2,'create','Initiation de la commande client SO-2533379',NULL,'2020-11-28 16:07:01',NULL),(269,14,NULL,70,'Sale',110,2,'validate','Validation de la commande client SO-2533379',NULL,'2020-11-28 16:07:37',NULL),(270,7,NULL,49,'Employee',87,2,'create','Création du Serveur ipem Arlette',NULL,'2020-11-30 08:54:09',NULL),(271,7,NULL,49,'Employee',88,2,'create','Création du Directeur onguene marwin',NULL,'2020-11-30 09:17:30',NULL),(272,7,NULL,49,'Employee',87,2,'update','Mise à jour du Serveur ipem Arlette',NULL,'2020-11-30 09:17:54',NULL),(273,7,NULL,49,'Employee',87,2,'update','Mise à jour du Serveur ipem Arlette',NULL,'2020-11-30 09:18:08',NULL),(274,7,NULL,49,'Employee',87,2,'update','Mise à jour du Serveur ipem Arlette',NULL,'2020-11-30 09:19:25',NULL),(275,7,NULL,49,'Employee',87,2,'update','Mise à jour du Serveur ipem Arlette',NULL,'2020-11-30 09:20:25',NULL),(276,7,NULL,49,'Employee',87,2,'update','Mise à jour du Serveur ipem Arlette',NULL,'2020-11-30 09:20:43',NULL),(277,14,NULL,70,'Employee',89,2,'create','Création du Caissier Alice',NULL,'2020-12-01 08:22:32',NULL),(278,14,NULL,70,'Employee',89,2,'update','Mise à jour du Serveur Alice',NULL,'2020-12-01 08:24:50',NULL),(279,14,NULL,70,'Employee',89,2,'update','Mise à jour du Serveur Alice',NULL,'2020-12-01 08:40:02',NULL),(280,14,NULL,70,'Sale',107,2,'validate','Validation de la commande client SO-8938077',NULL,'2020-12-01 08:54:30',NULL),(281,14,NULL,70,'Employee',90,2,'create','Création du Caissier Ladouce',NULL,'2020-12-01 09:07:53',NULL),(282,7,NULL,49,'Employee',87,2,'update','Mise à jour du Serveur ipem Arlette',NULL,'2020-12-02 07:45:47',NULL),(283,7,NULL,49,'Employee',87,2,'update','Mise à jour du Serveur ipem Arlette',NULL,'2020-12-02 07:46:37',NULL),(284,7,NULL,49,'Sale',111,2,'create','Initiation de la commande client SO-9565381',NULL,'2020-12-02 07:57:29',NULL),(285,7,NULL,49,'Sale',111,2,'validate','Validation de la commande client SO-9565381',NULL,'2020-12-02 07:58:01',NULL),(286,7,NULL,49,'Purchase',18,2,'create','Initiation de la commande fournisseur PO-2291948',NULL,'2020-12-02 17:16:25',NULL),(287,7,NULL,49,'Purchase',19,2,'create','Initiation de la commande fournisseur PO-3625869',NULL,'2020-12-02 17:17:47',NULL),(288,7,NULL,49,'Sale',112,2,'create','Initiation de la commande client SO-8094313',NULL,'2020-12-02 17:20:11',NULL),(289,7,NULL,49,'Employee',91,2,'create','Création du Serveur Béeatrice Etoua',NULL,'2020-12-02 17:36:51',NULL),(290,14,NULL,70,'Employee',92,2,'create','Création du Serveur levis',NULL,'2020-12-02 18:47:04',NULL),(291,7,NULL,49,'Sale',113,2,'create','Initiation de la commande client SO-5256909',NULL,'2020-12-05 10:37:11',NULL),(292,7,36,114,'Sale',114,1,'create','Initiation de la commande client SO-9619516',NULL,'2020-12-05 10:42:34',NULL),(293,7,36,114,'Sale',115,1,'create','Initiation de la commande client SO-9923952',NULL,'2020-12-05 11:20:46',NULL),(294,7,NULL,49,'Employee',93,2,'create','Création du Caissier Valentine',NULL,'2020-12-07 11:18:35',NULL),(295,7,NULL,49,'Purchase',20,2,'create','Initiation de la commande fournisseur PO-7183241',NULL,'2020-12-07 11:29:37',NULL),(296,7,NULL,49,'Purchase',20,2,'update','Mise à jour de la commande fournisseur PO-7183241',NULL,'2020-12-07 11:30:47',NULL),(297,7,NULL,49,'Purchase',20,2,'validate','validation de la commande fournisseur PO-7183241',NULL,'2020-12-07 11:38:23',NULL),(298,7,NULL,49,'Sale',116,2,'create','Initiation de la commande client SO-1589371',NULL,'2020-12-07 11:44:26',NULL),(299,7,NULL,49,'Sale',116,2,'validate','Validation de la commande client SO-1589371',NULL,'2020-12-07 11:46:04',NULL),(300,7,NULL,49,'Employee',94,2,'create','Création du Caissier Valentine',NULL,'2020-12-07 11:55:06',NULL),(301,7,36,52,'Sale',117,1,'create','Initiation de la commande client SO-4710466',NULL,'2020-12-07 12:05:14',NULL),(302,7,36,52,'Sale',118,1,'create','Initiation de la commande client SO-8894719',NULL,'2020-12-07 12:05:14',NULL);
/*!40000 ALTER TABLE `actions` ENABLE KEYS */;
UNLOCK TABLES;

--
-- Table structure for table `activities`
--

DROP TABLE IF EXISTS `activities`;
/*!40101 SET @saved_cs_client     = @@character_set_client */;
/*!50503 SET character_set_client = utf8mb4 */;
CREATE TABLE `activities` (
  `id` int(10) unsigned NOT NULL AUTO_INCREMENT,
  `code` varchar(191) COLLATE utf8mb4_unicode_ci NOT NULL,
  `name` varchar(191) COLLATE utf8mb4_unicode_ci NOT NULL,
  `is_active` tinyint(4) NOT NULL DEFAULT '1',
  `created_at` datetime NOT NULL DEFAULT CURRENT_TIMESTAMP,
  `deleted_at` timestamp NULL DEFAULT NULL,
  PRIMARY KEY (`id`),
  UNIQUE KEY `activities_code_unique` (`code`)
) ENGINE=InnoDB AUTO_INCREMENT=6 DEFAULT CHARSET=utf8mb4 COLLATE=utf8mb4_unicode_ci;
/*!40101 SET character_set_client = @saved_cs_client */;

--
-- Dumping data for table `activities`
--

LOCK TABLES `activities` WRITE;
/*!40000 ALTER TABLE `activities` DISABLE KEYS */;
INSERT INTO `activities` VALUES (1,'snack','Snack Bar',1,'2020-09-03 21:56:33',NULL),(2,'bar','Bar',1,'2020-09-03 21:56:33',NULL),(3,'longe','Snack Bar Longe',1,'2020-09-03 21:56:33',NULL),(4,'restaurant','Restaurant',1,'2020-09-03 21:56:33',NULL),(5,'restaurant-bar','Bar - Restaurant',1,'2020-09-03 21:56:33',NULL);
/*!40000 ALTER TABLE `activities` ENABLE KEYS */;
UNLOCK TABLES;

--
-- Table structure for table `activity_product`
--

DROP TABLE IF EXISTS `activity_product`;
/*!40101 SET @saved_cs_client     = @@character_set_client */;
/*!50503 SET character_set_client = utf8mb4 */;
CREATE TABLE `activity_product` (
  `product_id` int(10) unsigned NOT NULL,
  `activity_id` int(10) unsigned NOT NULL,
  PRIMARY KEY (`product_id`),
  KEY `activity_product_activity_id_foreign` (`activity_id`),
  CONSTRAINT `activity_product_activity_id_foreign` FOREIGN KEY (`activity_id`) REFERENCES `activities` (`id`) ON DELETE CASCADE,
  CONSTRAINT `activity_product_product_id_foreign` FOREIGN KEY (`product_id`) REFERENCES `products` (`id`) ON DELETE CASCADE
) ENGINE=InnoDB DEFAULT CHARSET=utf8mb4 COLLATE=utf8mb4_unicode_ci;
/*!40101 SET character_set_client = @saved_cs_client */;

--
-- Dumping data for table `activity_product`
--

LOCK TABLES `activity_product` WRITE;
/*!40000 ALTER TABLE `activity_product` DISABLE KEYS */;
INSERT INTO `activity_product` VALUES (1,1),(2,1),(3,1),(4,1),(5,1),(6,1),(7,1),(8,1),(9,1),(10,1),(11,1),(12,1),(13,1),(14,1),(15,1),(16,1),(17,1),(18,1),(19,1),(20,1),(21,1),(22,1),(23,1),(24,1),(25,1),(26,1),(27,1),(28,1),(29,1),(30,1),(31,1),(32,1),(33,1),(34,1),(35,1),(36,1),(37,1),(38,1),(39,1),(40,1),(41,1),(42,1),(43,1),(44,1),(45,1),(46,1),(47,1),(48,1),(49,1),(50,1),(51,1),(52,1),(53,1),(54,1),(55,1),(56,1),(57,1),(58,1),(59,1),(60,1),(61,1),(62,1),(63,1),(64,1),(65,1),(66,1),(67,1),(68,1),(69,1),(70,1),(71,1),(72,1),(73,1),(74,1),(75,1),(76,1),(77,1),(78,1),(79,1),(80,1),(81,1),(82,1),(83,1),(84,1),(85,1),(86,1),(87,1),(88,1),(89,1),(90,1),(91,1),(92,1),(93,1),(94,1),(95,1),(96,1),(97,1),(98,1),(99,1),(100,1),(101,1),(102,1),(103,1),(104,1),(105,1),(106,1),(107,1),(108,1),(109,1),(110,1),(111,1),(112,1),(113,1),(114,1),(115,1),(116,1),(117,1),(118,1),(119,1),(120,1),(121,1),(122,1),(123,1),(124,1),(125,1),(126,1),(127,1),(128,1),(129,1),(130,1),(131,1),(132,1),(133,1),(134,1),(135,1),(136,1),(137,1),(138,1),(139,1),(140,1),(141,1),(142,1),(143,1),(144,1),(145,1),(146,1),(147,1),(148,1),(149,1),(150,1),(151,1),(152,1),(153,1),(154,1),(155,1),(156,1),(157,1),(158,1),(159,1),(160,1),(161,1),(162,1),(163,1),(164,1),(165,1),(166,1),(167,1),(168,1),(169,1),(170,1),(171,1),(172,1),(173,1),(174,1),(175,1),(176,1),(177,1),(178,1),(179,1),(180,1),(181,1),(182,1),(183,1),(184,1),(185,1),(186,1),(187,1),(188,1),(189,1),(190,1),(191,1),(192,1),(193,1),(194,1),(195,1),(196,1),(197,1),(198,1),(199,1),(200,1),(201,1),(202,1),(203,1),(204,1),(205,1),(206,1),(207,1),(208,1),(209,1),(210,1),(211,1),(212,1),(213,1),(214,1),(215,1),(216,1),(217,1),(218,1),(219,1),(220,1),(221,1),(222,1),(223,1),(224,1),(225,1),(226,1),(227,1),(228,1),(229,1),(230,1),(231,1),(232,1),(233,1),(234,1),(235,1),(236,1),(237,1),(238,1),(239,1),(240,1),(241,1),(242,1),(243,1),(244,1),(245,1),(246,1),(247,1),(248,1),(249,1),(250,1),(251,1),(252,1),(253,1),(254,1),(255,1),(256,1),(257,1),(258,1),(259,1),(260,1),(261,1),(262,1),(263,1),(264,1),(265,1),(266,1),(267,1),(268,1),(269,1),(270,1),(271,1),(272,1),(273,1),(274,1),(275,1),(276,1),(277,1),(278,1),(279,1),(280,1),(281,1),(282,1),(283,1),(284,1),(285,1),(286,1),(287,1),(288,1),(289,1),(290,1),(291,1),(292,1);
/*!40000 ALTER TABLE `activity_product` ENABLE KEYS */;
UNLOCK TABLES;

--
-- Table structure for table `agendas`
--

DROP TABLE IF EXISTS `agendas`;
/*!40101 SET @saved_cs_client     = @@character_set_client */;
/*!50503 SET character_set_client = utf8mb4 */;
CREATE TABLE `agendas` (
  `site_id` int(11) NOT NULL,
  `user_id` int(11) NOT NULL,
  `day` int(11) NOT NULL,
  `start` varchar(191) COLLATE utf8mb4_unicode_ci NOT NULL,
  `end` varchar(191) COLLATE utf8mb4_unicode_ci NOT NULL,
  `status` enum('1','0') COLLATE utf8mb4_unicode_ci NOT NULL DEFAULT '1',
  `created_at` datetime NOT NULL DEFAULT CURRENT_TIMESTAMP
) ENGINE=InnoDB DEFAULT CHARSET=utf8mb4 COLLATE=utf8mb4_unicode_ci;
/*!40101 SET character_set_client = @saved_cs_client */;

--
-- Dumping data for table `agendas`
--

LOCK TABLES `agendas` WRITE;
/*!40000 ALTER TABLE `agendas` DISABLE KEYS */;
/*!40000 ALTER TABLE `agendas` ENABLE KEYS */;
UNLOCK TABLES;

--
-- Table structure for table `categories`
--

DROP TABLE IF EXISTS `categories`;
/*!40101 SET @saved_cs_client     = @@character_set_client */;
/*!50503 SET character_set_client = utf8mb4 */;
CREATE TABLE `categories` (
  `id` bigint(20) unsigned NOT NULL AUTO_INCREMENT,
  `name` varchar(191) COLLATE utf8mb4_unicode_ci NOT NULL,
  `parent_id` int(11) DEFAULT NULL,
  `is_active` tinyint(4) NOT NULL DEFAULT '1',
  `created_at` datetime NOT NULL DEFAULT CURRENT_TIMESTAMP,
  `deleted_at` timestamp NULL DEFAULT NULL,
  PRIMARY KEY (`id`),
  UNIQUE KEY `categories_name_unique` (`name`)
) ENGINE=InnoDB AUTO_INCREMENT=15 DEFAULT CHARSET=utf8mb4 COLLATE=utf8mb4_unicode_ci;
/*!40101 SET character_set_client = @saved_cs_client */;

--
-- Dumping data for table `categories`
--

LOCK TABLES `categories` WRITE;
/*!40000 ALTER TABLE `categories` DISABLE KEYS */;
INSERT INTO `categories` VALUES (1,'Bières',NULL,1,'2020-09-03 22:06:28',NULL),(2,'Boissons Gazeuses',NULL,1,'2020-09-03 22:07:23',NULL),(3,'Top',NULL,1,'2020-09-03 22:07:34','2020-09-03 22:08:11'),(4,'Alcools mix',NULL,1,'2020-09-03 22:07:46',NULL),(5,'Eaux',NULL,1,'2020-09-03 22:08:19',NULL),(6,'Whisky',NULL,1,'2020-09-03 22:49:20',NULL),(7,'Champagnes',NULL,1,'2020-09-03 22:49:35',NULL),(8,'Cocktails',NULL,1,'2020-09-03 22:50:47',NULL),(9,'Stout Beer',NULL,1,'2020-09-04 12:55:05',NULL),(10,'Lager Beer',NULL,1,'2020-09-04 12:55:44',NULL),(11,'Ready To Drink',NULL,1,'2020-09-04 12:56:40',NULL),(12,'Malt',NULL,1,'2020-09-04 12:57:06',NULL),(13,'Vins',NULL,1,'2020-09-08 15:58:05',NULL),(14,'Nourritures',NULL,1,'2020-10-31 19:08:15',NULL);
/*!40000 ALTER TABLE `categories` ENABLE KEYS */;
UNLOCK TABLES;

--
-- Table structure for table `companies`
--

DROP TABLE IF EXISTS `companies`;
/*!40101 SET @saved_cs_client     = @@character_set_client */;
/*!50503 SET character_set_client = utf8mb4 */;
CREATE TABLE `companies` (
  `id` int(10) unsigned NOT NULL AUTO_INCREMENT,
  `user_id` int(11) DEFAULT NULL,
  `activity_id` int(11) DEFAULT '1',
  `name` varchar(191) COLLATE utf8mb4_unicode_ci DEFAULT NULL,
  `slug` varchar(191) COLLATE utf8mb4_unicode_ci DEFAULT NULL,
  `email` varchar(191) COLLATE utf8mb4_unicode_ci DEFAULT NULL,
  `phone1` varchar(191) COLLATE utf8mb4_unicode_ci DEFAULT NULL,
  `phone2` varchar(191) COLLATE utf8mb4_unicode_ci DEFAULT NULL,
  `is_active` tinyint(4) NOT NULL DEFAULT '1',
  `town` varchar(191) COLLATE utf8mb4_unicode_ci DEFAULT NULL,
  `street` varchar(191) COLLATE utf8mb4_unicode_ci DEFAULT NULL,
  `logo` varchar(191) COLLATE utf8mb4_unicode_ci DEFAULT NULL,
  `created_at` datetime NOT NULL DEFAULT CURRENT_TIMESTAMP,
  `deleted_at` timestamp NULL DEFAULT NULL,
  PRIMARY KEY (`id`)
) ENGINE=InnoDB AUTO_INCREMENT=23 DEFAULT CHARSET=utf8mb4 COLLATE=utf8mb4_unicode_ci;
/*!40101 SET character_set_client = @saved_cs_client */;

--
-- Dumping data for table `companies`
--

LOCK TABLES `companies` WRITE;
/*!40000 ALTER TABLE `companies` DISABLE KEYS */;
INSERT INTO `companies` VALUES (1,2,2,'Kuhic, Olson and Blick','kuhicolsonandblick','malinda50@walter.com','658-843-7386 x3605','306-452-8451 x4812',1,'Louisiana','Buckridgeton',NULL,'2020-09-03 21:56:07',NULL),(2,2,2,'Johns and Sons','johnsandsons','ewald.lockman@hermiston.com','1-457-765-6050 x38385','758-378-4535',1,'South Dakota','New Modesta',NULL,'2020-09-03 21:56:08',NULL),(3,3,2,'Klocko LLC','klockollc','miles.howe@collier.biz','1-490-824-8207 x9815','984-783-1998',1,'Nevada','Louieport',NULL,'2020-09-03 21:56:08',NULL),(4,5,1,'Kirlin, Weissnat and Schamberger','kirlinweissnatandschamberger','dhayes@leuschke.com','+1 (682) 759-9429','963.334.6628',1,'Iowa','South Alfredo',NULL,'2020-09-03 21:56:08',NULL),(5,7,1,'Famous','slug1','famous@gmail.com','223344556',NULL,1,'Yaoundé','Miniprix Bastos',NULL,'2020-09-03 21:56:18',NULL),(6,8,1,'Le Relais de la Citée','slug2','lerelais@gmail.com','223984456',NULL,1,'Yaoundé','Elig-edzoa Pharmacie','template/assets/static/companies/Snack Bar/slug2.svg','2020-09-03 21:56:18',NULL),(7,49,1,'John lounge','john-lounge','test@2020','696926144','696916144',1,'yaoundé','odza',NULL,'2020-09-04 12:25:01',NULL),(8,54,1,'Hamid','hamid','ipem_laure@yahoo.fr','652656083',NULL,1,'yde','mvan',NULL,'2020-09-06 09:52:00',NULL),(9,55,1,'Sarah love','sarah-love','sarahdikosso@gmail.com','699712102',NULL,1,'Yaounde','Mimboman',NULL,'2020-09-06 10:52:39',NULL),(10,57,1,'jlkfjalfa','jlkfjalfa','kjldsjfj@fdlkjf.com','677758845',NULL,1,'yYodsuf','kjflskjfd',NULL,'2020-09-15 14:51:54',NULL),(11,58,1,'Smiley','smiley','smiley@gmail.com','657892345',NULL,1,'yaounde','retraite',NULL,'2020-09-24 17:50:39',NULL),(12,65,1,'DianaPub','dianapub','dianaaalger@gmail.com','695385099',NULL,1,'Yaoundé','Odja',NULL,'2020-10-10 21:09:47',NULL),(13,67,1,'Snack Yvan','snack-yvan','snackyvan@gmail.com','655345678',NULL,1,'Yaounde','Jouvence',NULL,'2020-10-11 13:53:19',NULL),(14,70,1,'easytech','easytech','kinguedominique294@gmail.com','697214611','655623829',1,'yaounde','odza',NULL,'2020-11-02 17:12:24',NULL),(15,73,1,'resto1','resto1','rkape01@gmail.com','656299612','671546291',1,'Yaoundé','ékoumdoum',NULL,'2020-11-02 18:03:16',NULL),(16,81,1,'Mon snzzckbar','mon-snzzckbar','snackbar2020@gmail.com','658965355',NULL,1,'Yaounde','Jouvence',NULL,'2020-11-04 17:27:37',NULL),(17,82,1,'essaisnack','essaisnack','essaisnack@gmail.com','652536898','675895356',1,'Yaounde','Bananier',NULL,'2020-11-04 18:36:31',NULL),(18,83,1,'snack','snack','king@gmail.com','655624890',NULL,1,'yaounde','odza',NULL,'2020-11-04 19:28:06',NULL),(19,89,1,'show','show','dan@gmail.com','653528545','652565898',1,'Yaoundé','Brinda',NULL,'2020-11-09 11:36:48',NULL),(20,108,1,'nouvelle structure','nouvelle-structure','nouvellestructure@gmail.com','687968574',NULL,1,'Yaounde','Jouvence',NULL,'2020-11-19 21:56:00',NULL),(21,109,1,'nouvelle 9structure','nouvelle-9structure','nouvellestructurqe@gmail.com','687968575',NULL,1,'Yaounde','Jouvence',NULL,'2020-11-19 21:57:26',NULL),(22,116,1,'Le Chico','le-chico','josephyvesmanga@yahoo.fr','695002777',NULL,1,'Yaoundé','Ekoumdoum',NULL,'2020-12-07 10:20:05',NULL);
/*!40000 ALTER TABLE `companies` ENABLE KEYS */;
UNLOCK TABLES;

--
-- Table structure for table `customers`
--

DROP TABLE IF EXISTS `customers`;
/*!40101 SET @saved_cs_client     = @@character_set_client */;
/*!50503 SET character_set_client = utf8mb4 */;
CREATE TABLE `customers` (
  `id` int(10) unsigned NOT NULL AUTO_INCREMENT,
  `site_id` int(11) DEFAULT NULL,
  `name` varchar(191) COLLATE utf8mb4_unicode_ci DEFAULT NULL,
  `company_name` varchar(191) COLLATE utf8mb4_unicode_ci DEFAULT NULL,
  `email` varchar(191) COLLATE utf8mb4_unicode_ci DEFAULT NULL,
  `phone` varchar(191) COLLATE utf8mb4_unicode_ci DEFAULT NULL,
  `town` varchar(191) COLLATE utf8mb4_unicode_ci DEFAULT NULL,
  `street` varchar(191) COLLATE utf8mb4_unicode_ci DEFAULT NULL,
  `is_active` tinyint(4) NOT NULL DEFAULT '1',
  `created_at` datetime NOT NULL DEFAULT CURRENT_TIMESTAMP,
  `deleted_at` timestamp NULL DEFAULT NULL,
  PRIMARY KEY (`id`)
) ENGINE=InnoDB AUTO_INCREMENT=35 DEFAULT CHARSET=utf8mb4 COLLATE=utf8mb4_unicode_ci;
/*!40101 SET character_set_client = @saved_cs_client */;

--
-- Dumping data for table `customers`
--

LOCK TABLES `customers` WRITE;
/*!40000 ALTER TABLE `customers` DISABLE KEYS */;
INSERT INTO `customers` VALUES (1,36,'Passager',NULL,NULL,NULL,'yaoundé','odza',1,'2020-09-04 12:25:01',NULL),(2,37,'Passager',NULL,NULL,NULL,'yde','mvan',1,'2020-09-06 09:52:00',NULL),(3,38,'Passager',NULL,NULL,NULL,'Yaoundé','Mimboman',1,'2020-09-06 10:52:39',NULL),(4,39,'Passager',NULL,NULL,NULL,'kjdlsjlw','djsklfjslw',1,'2020-09-15 14:51:54',NULL),(5,40,'Passager',NULL,NULL,NULL,'yaounde','retraite',1,'2020-09-24 17:50:39',NULL),(6,31,'passager','lskdfj','email@email.FR','654215487','vILLE','Quartier',1,'2020-10-09 09:29:19',NULL),(7,41,'Passager',NULL,NULL,NULL,'Yaounde','jouvence',1,'2020-10-10 03:26:41',NULL),(8,42,'Passager',NULL,NULL,NULL,'Yaoundé','Odja',1,'2020-10-10 21:09:47',NULL),(9,43,'Passager',NULL,NULL,NULL,'Yaoundé','odja',1,'2020-10-10 22:01:52',NULL),(10,44,'Passager',NULL,NULL,NULL,'Yaounde','Jouvence',1,'2020-10-11 13:53:19',NULL),(11,45,'Passager',NULL,NULL,NULL,'Douala','Akwa',1,'2020-10-11 14:06:17',NULL),(12,46,'Passager',NULL,NULL,NULL,'yaounde','odza',1,'2020-11-02 17:12:24',NULL),(13,47,'Passager',NULL,NULL,NULL,'Yaoundé','ékoumdoum',1,'2020-11-02 18:03:16',NULL),(14,48,'Passager',NULL,NULL,NULL,'douala','odza',1,'2020-11-02 19:13:44',NULL),(15,49,'Passager',NULL,NULL,NULL,'Yaoundé','Happi',1,'2020-11-04 17:27:37',NULL),(16,50,'Passager',NULL,NULL,NULL,'Yaounde','Awae',1,'2020-11-04 18:36:31',NULL),(17,51,'Passager',NULL,NULL,NULL,'yaounde','odza',1,'2020-11-04 19:28:06',NULL),(18,52,'Passager',NULL,NULL,NULL,'Yaounde','Nkomo',1,'2020-11-04 20:02:28',NULL),(20,53,'fopa',NULL,'armelfopa6@gmail.com','691966122','yaounde','Odza',1,'2020-11-06 18:05:27',NULL),(21,54,'Passager',NULL,NULL,NULL,'yaounde','nkomo',1,'2020-11-08 17:25:09','2020-11-09 16:34:16'),(22,55,'Passager',NULL,NULL,NULL,'Yaoundé','awai',1,'2020-11-09 11:36:49',NULL),(23,53,'POPOI','POPOI SARL','P@GMAIL.COM','666999555','TAKOUCHE','LOUM',1,'2020-11-09 16:30:31',NULL),(24,56,'Passager',NULL,NULL,NULL,'NGOAYA','TCHADA',1,'2020-11-09 16:33:37',NULL),(25,57,'Passager',NULL,NULL,NULL,'gamba city','gamba city',1,'2020-11-10 16:41:27',NULL),(26,58,'Passager',NULL,NULL,NULL,'Yaounde','Journée',1,'2020-11-13 18:08:41',NULL),(27,59,'Passager',NULL,NULL,NULL,'Yaounde','Jouvence',1,'2020-11-13 20:19:46',NULL),(28,60,'Passager',NULL,NULL,NULL,'Yaounde','Jouvence',1,'2020-11-19 01:50:29',NULL),(29,61,'Passager',NULL,NULL,NULL,'Douala','Bonanjo',1,'2020-11-19 01:51:16',NULL),(30,62,'Passager',NULL,NULL,NULL,'Yaounde','Jouvence',1,'2020-11-19 21:56:01',NULL),(31,63,'Passager',NULL,NULL,NULL,'Yaounde','Jouvence',1,'2020-11-19 21:57:26',NULL),(32,64,'Passager',NULL,NULL,NULL,'Douala','Bonapriso',1,'2020-11-30 09:08:51',NULL),(33,56,'Annette','Chipset','chipset@gmail.com','675816225','Yaounde','Yaounde',1,'2020-12-01 07:58:09',NULL),(34,65,'Passager',NULL,NULL,NULL,'Yaoundé','Ekoumdoum',1,'2020-12-07 10:20:05',NULL);
/*!40000 ALTER TABLE `customers` ENABLE KEYS */;
UNLOCK TABLES;

--
-- Table structure for table `employees`
--

DROP TABLE IF EXISTS `employees`;
/*!40101 SET @saved_cs_client     = @@character_set_client */;
/*!50503 SET character_set_client = utf8mb4 */;
CREATE TABLE `employees` (
  `id` int(10) unsigned NOT NULL AUTO_INCREMENT,
  `user_id` int(11) DEFAULT NULL,
  `site_id` int(11) DEFAULT NULL,
  `cni_number` varchar(191) COLLATE utf8mb4_unicode_ci DEFAULT NULL,
  `start_payment` date DEFAULT NULL,
  `day_payment` int(11) DEFAULT NULL,
  `paying_method` varchar(191) COLLATE utf8mb4_unicode_ci NOT NULL DEFAULT 'cash',
  `salary` double NOT NULL DEFAULT '0',
  `contact_name` varchar(191) COLLATE utf8mb4_unicode_ci DEFAULT NULL,
  `contact_phone` varchar(191) COLLATE utf8mb4_unicode_ci DEFAULT NULL,
  `is_active` tinyint(4) NOT NULL DEFAULT '1',
  `created_at` datetime NOT NULL DEFAULT CURRENT_TIMESTAMP,
  `deleted_at` timestamp NULL DEFAULT NULL,
  `status` enum('actif','suspendu') COLLATE utf8mb4_unicode_ci NOT NULL DEFAULT 'actif',
  PRIMARY KEY (`id`)
) ENGINE=InnoDB AUTO_INCREMENT=96 DEFAULT CHARSET=utf8mb4 COLLATE=utf8mb4_unicode_ci;
/*!40101 SET character_set_client = @saved_cs_client */;

--
-- Dumping data for table `employees`
--

LOCK TABLES `employees` WRITE;
/*!40000 ALTER TABLE `employees` DISABLE KEYS */;
INSERT INTO `employees` VALUES (1,9,33,'002274514',NULL,NULL,'cash',0,'Resposable employee 0','822487923',1,'2020-09-03 21:56:19','2020-11-13 18:22:40','actif'),(2,10,33,'002274514',NULL,NULL,'cash',0,'Resposable employee 1','779190868',1,'2020-09-03 21:56:20','2020-11-13 18:22:41','actif'),(3,11,34,'002274514',NULL,NULL,'cash',0,'Resposable employee 2','949231414',1,'2020-09-03 21:56:20',NULL,'actif'),(4,12,35,'002274514',NULL,NULL,'cash',0,'Resposable employee 3','887287793',1,'2020-09-03 21:56:20',NULL,'actif'),(5,13,33,'002274514',NULL,NULL,'cash',0,'Resposable employee 4','883948887',1,'2020-09-03 21:56:21','2020-11-13 18:22:41','actif'),(6,14,35,'002274514',NULL,NULL,'cash',0,'Resposable employee 5','973841033',1,'2020-09-03 21:56:21',NULL,'actif'),(8,16,34,'002274514',NULL,NULL,'cash',0,'Resposable employee 7','941586477',1,'2020-09-03 21:56:22',NULL,'actif'),(9,17,34,'002274514',NULL,NULL,'cash',0,'Resposable employee 8','916868435',1,'2020-09-03 21:56:22',NULL,'actif'),(10,18,33,'002274514',NULL,NULL,'cash',0,'Resposable employee 9','820609457',1,'2020-09-03 21:56:22','2020-11-13 18:22:41','actif'),(12,20,34,'002274514',NULL,NULL,'cash',0,'Resposable employee 11','835450658',1,'2020-09-03 21:56:23',NULL,'actif'),(13,21,33,'002274514',NULL,NULL,'cash',0,'Resposable employee 12','849381758',1,'2020-09-03 21:56:23','2020-11-13 18:22:41','actif'),(20,28,33,'002274514',NULL,NULL,'cash',0,'Resposable employee 19','814252638',1,'2020-09-03 21:56:26','2020-11-13 18:22:41','actif'),(21,29,34,'002274514',NULL,NULL,'cash',0,'Resposable employee 20','882407926',1,'2020-09-03 21:56:26',NULL,'actif'),(22,30,33,'002274514',NULL,NULL,'cash',0,'Resposable employee 21','978053536',1,'2020-09-03 21:56:27','2020-11-13 18:22:42','actif'),(23,31,35,'002274514',NULL,NULL,'cash',0,'Resposable employee 22','787453539',1,'2020-09-03 21:56:27',NULL,'actif'),(24,32,34,'002274514',NULL,NULL,'cash',0,'Resposable employee 23','795791512',1,'2020-09-03 21:56:27',NULL,'actif'),(27,35,35,'002274514',NULL,NULL,'cash',0,'Resposable employee 26','995002207',1,'2020-09-03 21:56:28',NULL,'actif'),(28,36,35,'002274514',NULL,NULL,'cash',0,'Resposable employee 27','826625627',1,'2020-09-03 21:56:29',NULL,'actif'),(29,37,35,'002274514',NULL,NULL,'cash',0,'Resposable employee 28','880107808',1,'2020-09-03 21:56:29',NULL,'actif'),(30,38,35,'002274514',NULL,NULL,'cash',0,'Resposable employee 29','779748984',1,'2020-09-03 21:56:29',NULL,'actif'),(32,40,34,'002274514',NULL,NULL,'cash',0,'Resposable employee 31','849896610',1,'2020-09-03 21:56:30',NULL,'actif'),(33,41,33,'002274514',NULL,NULL,'cash',0,'Resposable employee 32','954728592',1,'2020-09-03 21:56:30','2020-11-13 18:22:42','actif'),(34,42,34,'002274514',NULL,NULL,'cash',0,'Resposable employee 33','823296410',1,'2020-09-03 21:56:31',NULL,'actif'),(41,50,36,NULL,NULL,NULL,'cash',0,NULL,NULL,1,'2020-09-04 12:50:04',NULL,'actif'),(42,51,36,NULL,NULL,NULL,'cash',0,NULL,NULL,1,'2020-09-04 12:52:58',NULL,'actif'),(43,52,36,NULL,NULL,NULL,'cash',0,NULL,NULL,1,'2020-09-04 12:55:05',NULL,'actif'),(44,53,36,NULL,NULL,NULL,'cash',0,NULL,NULL,1,'2020-09-04 12:57:09',NULL,'actif'),(45,56,36,NULL,NULL,NULL,'cash',0,NULL,NULL,1,'2020-09-14 16:04:55',NULL,'actif'),(46,59,40,NULL,NULL,NULL,'cash',0,NULL,NULL,1,'2020-09-24 17:54:59',NULL,'actif'),(47,60,40,NULL,NULL,NULL,'cash',0,NULL,NULL,1,'2020-09-24 18:04:07',NULL,'actif'),(48,61,40,NULL,NULL,NULL,'cash',0,NULL,NULL,1,'2020-09-24 18:06:05',NULL,'actif'),(49,62,36,NULL,NULL,NULL,'cash',0,NULL,NULL,1,'2020-10-09 09:59:32',NULL,'actif'),(50,63,36,NULL,NULL,NULL,'cash',0,NULL,NULL,1,'2020-10-09 10:12:38',NULL,'actif'),(51,64,36,NULL,NULL,NULL,'cash',0,'belinga',NULL,1,'2020-10-09 10:22:10',NULL,'actif'),(52,66,42,NULL,NULL,NULL,'cash',0,NULL,NULL,1,'2020-10-10 22:48:04',NULL,'actif'),(53,68,44,NULL,NULL,NULL,'cash',0,NULL,NULL,1,'2020-10-11 14:59:39',NULL,'actif'),(54,69,44,NULL,NULL,NULL,'cash',0,NULL,NULL,1,'2020-10-11 16:03:25',NULL,'actif'),(64,84,52,NULL,NULL,NULL,'cash',0,NULL,NULL,1,'2020-11-06 17:33:35','2020-11-11 17:08:32','actif'),(66,86,52,NULL,NULL,NULL,'cash',0,NULL,NULL,1,'2020-11-06 17:41:35','2020-11-11 18:30:51','actif'),(68,88,52,NULL,NULL,NULL,'cash',0,NULL,NULL,1,'2020-11-06 19:12:34','2020-11-13 15:48:30','actif'),(69,90,52,NULL,NULL,NULL,'cash',0,NULL,NULL,1,'2020-11-09 16:38:24','2020-11-13 15:48:31','actif'),(70,91,56,NULL,NULL,NULL,'cash',0,NULL,NULL,1,'2020-11-09 16:38:55',NULL,'actif'),(71,92,52,NULL,NULL,NULL,'cash',0,NULL,NULL,1,'2020-11-09 16:51:07','2020-11-13 15:48:31','actif'),(72,93,53,NULL,NULL,NULL,'cash',0,NULL,NULL,1,'2020-11-09 17:15:58','2020-11-11 17:09:14','actif'),(73,94,53,NULL,'2020-11-13',NULL,'cash',10000,NULL,NULL,1,'2020-11-09 17:27:39',NULL,'actif'),(74,95,52,NULL,NULL,NULL,'cash',0,NULL,NULL,1,'2020-11-10 18:12:18','2020-11-13 15:48:31','actif'),(75,96,57,NULL,NULL,NULL,'cash',0,NULL,NULL,1,'2020-11-10 18:15:43',NULL,'actif'),(76,97,52,NULL,NULL,NULL,'cash',0,NULL,NULL,1,'2020-11-11 17:13:35','2020-11-13 15:48:31','actif'),(77,98,52,NULL,NULL,NULL,'cash',0,NULL,NULL,1,'2020-11-11 17:15:33','2020-11-13 15:48:31','actif'),(78,99,52,NULL,NULL,NULL,'cash',0,NULL,NULL,1,'2020-11-11 17:16:56','2020-11-13 15:48:31','actif'),(79,100,52,NULL,'2020-11-05',NULL,'cash',100000,NULL,NULL,1,'2020-11-11 17:18:17','2020-11-13 15:48:32','actif'),(80,101,36,NULL,NULL,NULL,'cash',0,NULL,NULL,1,'2020-11-13 12:21:16','2020-11-13 13:01:35','actif'),(81,102,36,NULL,NULL,NULL,'cash',0,NULL,NULL,1,'2020-11-13 13:02:31',NULL,'actif'),(82,103,53,NULL,'2020-12-31',NULL,'cash',50000,NULL,NULL,1,'2020-11-13 17:56:36',NULL,'actif'),(83,104,58,NULL,NULL,NULL,'cash',0,NULL,NULL,1,'2020-11-13 18:24:53','2020-11-13 19:52:13','actif'),(84,105,58,NULL,NULL,NULL,'cash',0,NULL,NULL,1,'2020-11-13 20:12:24','2020-11-19 01:53:00','actif'),(85,106,58,NULL,NULL,NULL,'cash',0,NULL,NULL,1,'2020-11-13 20:13:45',NULL,'actif'),(86,107,58,NULL,NULL,NULL,'cash',0,NULL,NULL,1,'2020-11-13 20:14:28','2020-11-19 01:53:55','actif'),(87,110,36,NULL,NULL,NULL,'cash',0,NULL,NULL,1,'2020-11-30 08:54:08',NULL,'actif'),(88,111,64,NULL,NULL,NULL,'cash',0,NULL,NULL,1,'2020-11-30 09:17:29',NULL,'actif'),(89,112,53,NULL,NULL,NULL,'cash',0,NULL,NULL,1,'2020-12-01 08:22:31',NULL,'actif'),(90,113,53,NULL,NULL,NULL,'cash',0,NULL,NULL,1,'2020-12-01 09:07:53',NULL,'actif'),(91,114,36,NULL,NULL,NULL,'cash',0,NULL,NULL,1,'2020-12-02 17:36:51',NULL,'actif'),(92,115,53,NULL,NULL,NULL,'cash',0,NULL,NULL,1,'2020-12-02 18:47:04',NULL,'actif'),(93,117,64,NULL,NULL,NULL,'cash',0,NULL,NULL,1,'2020-12-07 11:18:35',NULL,'actif'),(94,118,36,NULL,NULL,NULL,'cash',0,NULL,NULL,1,'2020-12-07 11:55:06',NULL,'actif'),(95,119,58,NULL,NULL,NULL,'cash',0,NULL,NULL,1,'2020-12-07 18:32:48',NULL,'actif');
/*!40000 ALTER TABLE `employees` ENABLE KEYS */;
UNLOCK TABLES;

--
-- Table structure for table `expense_categories`
--

DROP TABLE IF EXISTS `expense_categories`;
/*!40101 SET @saved_cs_client     = @@character_set_client */;
/*!50503 SET character_set_client = utf8mb4 */;
CREATE TABLE `expense_categories` (
  `id` int(10) unsigned NOT NULL AUTO_INCREMENT,
  `name` varchar(191) COLLATE utf8mb4_unicode_ci DEFAULT NULL,
  `is_active` tinyint(4) NOT NULL DEFAULT '1',
  `created_at` datetime NOT NULL DEFAULT CURRENT_TIMESTAMP,
  `deleted_at` timestamp NULL DEFAULT NULL,
  PRIMARY KEY (`id`)
) ENGINE=InnoDB DEFAULT CHARSET=utf8mb4 COLLATE=utf8mb4_unicode_ci;
/*!40101 SET character_set_client = @saved_cs_client */;

--
-- Dumping data for table `expense_categories`
--

LOCK TABLES `expense_categories` WRITE;
/*!40000 ALTER TABLE `expense_categories` DISABLE KEYS */;
/*!40000 ALTER TABLE `expense_categories` ENABLE KEYS */;
UNLOCK TABLES;

--
-- Table structure for table `expenses`
--

DROP TABLE IF EXISTS `expenses`;
/*!40101 SET @saved_cs_client     = @@character_set_client */;
/*!50503 SET character_set_client = utf8mb4 */;
CREATE TABLE `expenses` (
  `id` int(10) unsigned NOT NULL AUTO_INCREMENT,
  `fexpense_id` int(11) DEFAULT NULL,
  `name` varchar(191) COLLATE utf8mb4_unicode_ci NOT NULL,
  `amount` double NOT NULL,
  `is_active` int(11) NOT NULL DEFAULT '1',
  `date_payment` date NOT NULL,
  `deleted_at` timestamp NULL DEFAULT NULL,
  PRIMARY KEY (`id`)
) ENGINE=InnoDB AUTO_INCREMENT=145 DEFAULT CHARSET=utf8mb4 COLLATE=utf8mb4_unicode_ci;
/*!40101 SET character_set_client = @saved_cs_client */;

--
-- Dumping data for table `expenses`
--

LOCK TABLES `expenses` WRITE;
/*!40000 ALTER TABLE `expenses` DISABLE KEYS */;
INSERT INTO `expenses` VALUES (1,1,'Easytech',100000,1,'2020-11-05',NULL),(2,1,'Easytech',100000,1,'2020-12-05',NULL),(3,1,'Easytech',100000,1,'2021-01-05',NULL),(4,1,'Easytech',100000,1,'2021-02-05',NULL),(5,1,'Easytech',100000,1,'2021-03-05',NULL),(6,1,'Easytech',100000,1,'2021-04-05',NULL),(7,1,'Easytech',100000,1,'2021-05-05',NULL),(8,1,'Easytech',100000,1,'2021-06-05',NULL),(9,1,'Easytech',100000,1,'2021-07-05',NULL),(10,1,'Easytech',100000,1,'2021-08-05',NULL),(11,1,'Easytech',100000,1,'2021-09-05',NULL),(12,1,'Easytech',100000,1,'2021-10-05',NULL),(13,1,'Easytech',100000,1,'2021-11-05',NULL),(14,1,'Easytech',100000,1,'2021-12-05',NULL),(15,1,'Easytech',100000,1,'2022-01-05',NULL),(16,1,'Easytech',100000,1,'2022-02-05',NULL),(17,1,'Easytech',100000,1,'2022-03-05',NULL),(18,1,'Easytech',100000,1,'2022-04-05',NULL),(19,1,'Easytech',100000,1,'2022-05-05',NULL),(20,1,'Easytech',100000,1,'2022-06-05',NULL),(21,1,'Easytech',100000,1,'2022-07-05',NULL),(22,1,'Easytech',100000,1,'2022-08-05',NULL),(23,1,'Easytech',100000,1,'2022-09-05',NULL),(24,1,'Easytech',100000,1,'2022-10-05',NULL),(25,1,'Easytech',100000,1,'2022-11-05',NULL),(26,1,'Easytech',100000,1,'2022-12-05',NULL),(27,1,'Easytech',100000,1,'2023-01-05',NULL),(28,1,'Easytech',100000,1,'2023-02-05',NULL),(29,1,'Easytech',100000,1,'2023-03-05',NULL),(30,1,'Easytech',100000,1,'2023-04-05',NULL),(31,1,'Easytech',100000,1,'2023-05-05',NULL),(32,1,'Easytech',100000,1,'2023-06-05',NULL),(33,1,'Easytech',100000,1,'2023-07-05',NULL),(34,1,'Easytech',100000,1,'2023-08-05',NULL),(35,1,'Easytech',100000,1,'2023-09-05',NULL),(36,1,'Easytech',100000,1,'2023-10-05',NULL),(37,2,'Easytech',100000,1,'2020-11-05',NULL),(38,2,'Easytech',100000,1,'2020-12-05',NULL),(39,2,'Easytech',100000,1,'2021-01-05',NULL),(40,2,'Easytech',100000,1,'2021-02-05',NULL),(41,2,'Easytech',100000,1,'2021-03-05',NULL),(42,2,'Easytech',100000,1,'2021-04-05',NULL),(43,2,'Easytech',100000,1,'2021-05-05',NULL),(44,2,'Easytech',100000,1,'2021-06-05',NULL),(45,2,'Easytech',100000,1,'2021-07-05',NULL),(46,2,'Easytech',100000,1,'2021-08-05',NULL),(47,2,'Easytech',100000,1,'2021-09-05',NULL),(48,2,'Easytech',100000,1,'2021-10-05',NULL),(49,2,'Easytech',100000,1,'2021-11-05',NULL),(50,2,'Easytech',100000,1,'2021-12-05',NULL),(51,2,'Easytech',100000,1,'2022-01-05',NULL),(52,2,'Easytech',100000,1,'2022-02-05',NULL),(53,2,'Easytech',100000,1,'2022-03-05',NULL),(54,2,'Easytech',100000,1,'2022-04-05',NULL),(55,2,'Easytech',100000,1,'2022-05-05',NULL),(56,2,'Easytech',100000,1,'2022-06-05',NULL),(57,2,'Easytech',100000,1,'2022-07-05',NULL),(58,2,'Easytech',100000,1,'2022-08-05',NULL),(59,2,'Easytech',100000,1,'2022-09-05',NULL),(60,2,'Easytech',100000,1,'2022-10-05',NULL),(61,2,'Easytech',100000,1,'2022-11-05',NULL),(62,2,'Easytech',100000,1,'2022-12-05',NULL),(63,2,'Easytech',100000,1,'2023-01-05',NULL),(64,2,'Easytech',100000,1,'2023-02-05',NULL),(65,2,'Easytech',100000,1,'2023-03-05',NULL),(66,2,'Easytech',100000,1,'2023-04-05',NULL),(67,2,'Easytech',100000,1,'2023-05-05',NULL),(68,2,'Easytech',100000,1,'2023-06-05',NULL),(69,2,'Easytech',100000,1,'2023-07-05',NULL),(70,2,'Easytech',100000,1,'2023-08-05',NULL),(71,2,'Easytech',100000,1,'2023-09-05',NULL),(72,2,'Easytech',100000,1,'2023-10-05',NULL),(73,3,'Alger Diana',150000,1,'2020-11-20',NULL),(74,3,'Alger Diana',100000,1,'2020-12-20',NULL),(75,3,'Alger Diana',100000,1,'2021-01-20',NULL),(76,3,'Alger Diana',100000,1,'2021-02-20',NULL),(77,3,'Alger Diana',100000,1,'2021-03-20',NULL),(78,3,'Alger Diana',100000,1,'2021-04-20',NULL),(79,3,'Alger Diana',100000,1,'2021-05-20',NULL),(80,3,'Alger Diana',100000,1,'2021-06-20',NULL),(81,3,'Alger Diana',100000,1,'2021-07-20',NULL),(82,3,'Alger Diana',100000,1,'2021-08-20',NULL),(83,3,'Alger Diana',100000,1,'2021-09-20',NULL),(84,3,'Alger Diana',100000,1,'2021-10-20',NULL),(85,3,'Alger Diana',100000,1,'2021-11-20',NULL),(86,3,'Alger Diana',100000,1,'2021-12-20',NULL),(87,3,'Alger Diana',100000,1,'2022-01-20',NULL),(88,3,'Alger Diana',100000,1,'2022-02-20',NULL),(89,3,'Alger Diana',100000,1,'2022-03-20',NULL),(90,3,'Alger Diana',100000,1,'2022-04-20',NULL),(91,3,'Alger Diana',100000,1,'2022-05-20',NULL),(92,3,'Alger Diana',100000,1,'2022-06-20',NULL),(93,3,'Alger Diana',100000,1,'2022-07-20',NULL),(94,3,'Alger Diana',100000,1,'2022-08-20',NULL),(95,3,'Alger Diana',100000,1,'2022-09-20',NULL),(96,3,'Alger Diana',100000,1,'2022-10-20',NULL),(97,3,'Alger Diana',100000,1,'2022-11-20',NULL),(98,3,'Alger Diana',100000,1,'2022-12-20',NULL),(99,3,'Alger Diana',100000,1,'2023-01-20',NULL),(100,3,'Alger Diana',100000,1,'2023-02-20',NULL),(101,3,'Alger Diana',100000,1,'2023-03-20',NULL),(102,3,'Alger Diana',100000,1,'2023-04-20',NULL),(103,3,'Alger Diana',100000,1,'2023-05-20',NULL),(104,3,'Alger Diana',100000,1,'2023-06-20',NULL),(105,4,'Alger Diana',150000,1,'2020-11-20',NULL),(106,3,'Alger Diana',100000,1,'2023-07-20',NULL),(107,4,'Alger Diana',150000,1,'2020-12-20',NULL),(108,3,'Alger Diana',100000,1,'2023-08-20',NULL),(109,4,'Alger Diana',150000,1,'2021-01-20',NULL),(110,3,'Alger Diana',100000,1,'2023-09-20',NULL),(111,4,'Alger Diana',150000,1,'2021-02-20',NULL),(112,3,'Alger Diana',100000,1,'2023-10-20',NULL),(113,4,'Alger Diana',150000,1,'2021-03-20',NULL),(114,4,'Alger Diana',150000,1,'2021-04-20',NULL),(115,4,'Alger Diana',150000,1,'2021-05-20',NULL),(116,4,'Alger Diana',150000,1,'2021-06-20',NULL),(117,4,'Alger Diana',150000,1,'2021-07-20',NULL),(118,4,'Alger Diana',150000,1,'2021-08-20',NULL),(119,4,'Alger Diana',150000,1,'2021-09-20',NULL),(120,4,'Alger Diana',150000,1,'2021-10-20',NULL),(121,4,'Alger Diana',150000,1,'2021-11-20',NULL),(122,4,'Alger Diana',150000,1,'2021-12-20',NULL),(123,4,'Alger Diana',150000,1,'2022-01-20',NULL),(124,4,'Alger Diana',150000,1,'2022-02-20',NULL),(125,4,'Alger Diana',150000,1,'2022-03-20',NULL),(126,4,'Alger Diana',150000,1,'2022-04-20',NULL),(127,4,'Alger Diana',150000,1,'2022-05-20',NULL),(128,4,'Alger Diana',150000,1,'2022-06-20',NULL),(129,4,'Alger Diana',150000,1,'2022-07-20',NULL),(130,4,'Alger Diana',150000,1,'2022-08-20',NULL),(131,4,'Alger Diana',150000,1,'2022-09-20',NULL),(132,4,'Alger Diana',150000,1,'2022-10-20',NULL),(133,4,'Alger Diana',150000,1,'2022-11-20',NULL),(134,4,'Alger Diana',150000,1,'2022-12-20',NULL),(135,4,'Alger Diana',150000,1,'2023-01-20',NULL),(136,4,'Alger Diana',150000,1,'2023-02-20',NULL),(137,4,'Alger Diana',150000,1,'2023-03-20',NULL),(138,4,'Alger Diana',150000,1,'2023-04-20',NULL),(139,4,'Alger Diana',150000,1,'2023-05-20',NULL),(140,4,'Alger Diana',150000,1,'2023-06-20',NULL),(141,4,'Alger Diana',150000,1,'2023-07-20',NULL),(142,4,'Alger Diana',150000,1,'2023-08-20',NULL),(143,4,'Alger Diana',150000,1,'2023-09-20',NULL),(144,4,'Alger Diana',150000,1,'2023-10-20',NULL);
/*!40000 ALTER TABLE `expenses` ENABLE KEYS */;
UNLOCK TABLES;

--
-- Table structure for table `failed_jobs`
--

DROP TABLE IF EXISTS `failed_jobs`;
/*!40101 SET @saved_cs_client     = @@character_set_client */;
/*!50503 SET character_set_client = utf8mb4 */;
CREATE TABLE `failed_jobs` (
  `id` bigint(20) unsigned NOT NULL AUTO_INCREMENT,
  `connection` text COLLATE utf8mb4_unicode_ci NOT NULL,
  `queue` text COLLATE utf8mb4_unicode_ci NOT NULL,
  `payload` longtext COLLATE utf8mb4_unicode_ci NOT NULL,
  `exception` longtext COLLATE utf8mb4_unicode_ci NOT NULL,
  `failed_at` timestamp NOT NULL DEFAULT CURRENT_TIMESTAMP,
  PRIMARY KEY (`id`)
) ENGINE=InnoDB DEFAULT CHARSET=utf8mb4 COLLATE=utf8mb4_unicode_ci;
/*!40101 SET character_set_client = @saved_cs_client */;

--
-- Dumping data for table `failed_jobs`
--

LOCK TABLES `failed_jobs` WRITE;
/*!40000 ALTER TABLE `failed_jobs` DISABLE KEYS */;
/*!40000 ALTER TABLE `failed_jobs` ENABLE KEYS */;
UNLOCK TABLES;

--
-- Table structure for table `fexpenses`
--

DROP TABLE IF EXISTS `fexpenses`;
/*!40101 SET @saved_cs_client     = @@character_set_client */;
/*!50503 SET character_set_client = utf8mb4 */;
CREATE TABLE `fexpenses` (
  `id` int(10) unsigned NOT NULL AUTO_INCREMENT,
  `site_id` int(11) DEFAULT NULL,
  `name` varchar(191) COLLATE utf8mb4_unicode_ci NOT NULL,
  `amount` double NOT NULL,
  `date_payment` date NOT NULL,
  `description` text COLLATE utf8mb4_unicode_ci,
  `is_active` int(11) NOT NULL DEFAULT '1',
  `created_at` datetime NOT NULL DEFAULT CURRENT_TIMESTAMP,
  `deleted_at` timestamp NULL DEFAULT NULL,
  PRIMARY KEY (`id`)
) ENGINE=InnoDB AUTO_INCREMENT=5 DEFAULT CHARSET=utf8mb4 COLLATE=utf8mb4_unicode_ci;
/*!40101 SET character_set_client = @saved_cs_client */;

--
-- Dumping data for table `fexpenses`
--

LOCK TABLES `fexpenses` WRITE;
/*!40000 ALTER TABLE `fexpenses` DISABLE KEYS */;
INSERT INTO `fexpenses` VALUES (1,52,'Easytech',100000,'2020-11-05',NULL,1,'2020-11-13 10:27:55',NULL),(2,52,'Easytech',100000,'2020-11-05',NULL,1,'2020-11-13 10:27:59',NULL),(3,36,'Alger Diana',100000,'2020-11-20',NULL,1,'2020-11-16 19:04:32',NULL),(4,36,'Alger Diana',150000,'2020-11-20','prime de bonne conduite',1,'2020-11-16 19:04:36',NULL);
/*!40000 ALTER TABLE `fexpenses` ENABLE KEYS */;
UNLOCK TABLES;

--
-- Table structure for table `holidays`
--

DROP TABLE IF EXISTS `holidays`;
/*!40101 SET @saved_cs_client     = @@character_set_client */;
/*!50503 SET character_set_client = utf8mb4 */;
CREATE TABLE `holidays` (
  `id` int(10) unsigned NOT NULL AUTO_INCREMENT,
  `user_id` int(11) DEFAULT NULL,
  `start_date` date DEFAULT NULL,
  `end_date` date DEFAULT NULL,
  `is_approuved` tinyint(4) NOT NULL DEFAULT '0',
  `created_at` datetime NOT NULL DEFAULT CURRENT_TIMESTAMP,
  `deleted_at` timestamp NULL DEFAULT NULL,
  PRIMARY KEY (`id`)
) ENGINE=InnoDB DEFAULT CHARSET=utf8mb4 COLLATE=utf8mb4_unicode_ci;
/*!40101 SET character_set_client = @saved_cs_client */;

--
-- Dumping data for table `holidays`
--

LOCK TABLES `holidays` WRITE;
/*!40000 ALTER TABLE `holidays` DISABLE KEYS */;
/*!40000 ALTER TABLE `holidays` ENABLE KEYS */;
UNLOCK TABLES;

--
-- Table structure for table `messages`
--

DROP TABLE IF EXISTS `messages`;
/*!40101 SET @saved_cs_client     = @@character_set_client */;
/*!50503 SET character_set_client = utf8mb4 */;
CREATE TABLE `messages` (
  `id` bigint(20) unsigned NOT NULL AUTO_INCREMENT,
  `sender` int(11) NOT NULL,
  `receiver` int(11) NOT NULL,
  `status` tinyint(4) NOT NULL DEFAULT '0',
  `message` text COLLATE utf8mb4_unicode_ci NOT NULL,
  `file` varchar(191) COLLATE utf8mb4_unicode_ci NOT NULL,
  `created_at` datetime NOT NULL DEFAULT CURRENT_TIMESTAMP,
  `deleted_at` timestamp NULL DEFAULT NULL,
  PRIMARY KEY (`id`)
) ENGINE=InnoDB AUTO_INCREMENT=71 DEFAULT CHARSET=utf8mb4 COLLATE=utf8mb4_unicode_ci;
/*!40101 SET character_set_client = @saved_cs_client */;

--
-- Dumping data for table `messages`
--

LOCK TABLES `messages` WRITE;
/*!40000 ALTER TABLE `messages` DISABLE KEYS */;
INSERT INTO `messages` VALUES (1,8,47,1,'Bonjour','','2020-09-04 10:40:20',NULL),(2,8,15,1,'Bonjour','','2020-09-04 10:51:30',NULL),(3,15,8,1,'Bonjour','','2020-09-04 10:52:25',NULL),(4,15,8,1,'Comment that vas ?','','2020-09-04 10:58:09',NULL),(5,8,15,1,'Ok','','2020-09-04 11:02:20',NULL),(6,8,15,1,'ok','','2020-09-04 11:15:44',NULL),(7,8,15,1,'ok','','2020-09-04 11:42:18',NULL),(8,8,15,1,'Bonjour','','2020-09-04 11:42:30',NULL),(9,8,15,1,'bonjour mr','','2020-09-04 11:45:55',NULL),(10,8,15,1,'Monsieur','','2020-09-04 11:46:40',NULL),(11,8,15,1,'charles','','2020-09-04 11:47:09',NULL),(12,15,8,1,'Monsieur','','2020-09-04 12:02:30',NULL),(13,8,15,1,'33 centilitres','','2020-09-04 12:04:44',NULL),(14,8,15,1,'Okay','','2020-09-04 12:05:51',NULL),(15,8,15,1,'Tsuipss','','2020-09-04 12:06:46',NULL),(16,15,8,1,'Bonjour','','2020-09-04 12:07:50',NULL),(17,8,15,1,'Oh my god','','2020-09-04 12:08:28',NULL),(18,8,15,1,'Charly','','2020-09-04 12:34:57',NULL),(19,15,8,1,'Bon','','2020-09-04 12:40:34',NULL),(20,15,8,1,'Je suis passe','','2020-09-04 12:59:30',NULL),(21,8,15,1,'Gars','','2020-09-04 13:00:31',NULL),(22,8,15,1,'Ok','','2020-09-04 13:03:42',NULL),(23,8,15,1,'Easy','','2020-09-04 13:07:19',NULL),(24,8,15,1,'Boffff','','2020-09-04 13:08:15',NULL),(25,15,8,1,'Yess','','2020-09-04 13:09:30',NULL),(26,8,15,1,'Tsuipss','','2020-09-04 13:10:11',NULL),(27,8,15,1,'Yvan','','2020-09-04 13:11:36',NULL),(28,8,15,1,'fossette','','2020-09-04 13:11:53',NULL),(29,8,15,1,'fessier','','2020-09-04 13:22:33',NULL),(30,8,15,1,'Finikkjgszt','','2020-09-04 13:23:22',NULL),(31,15,8,1,'Je suis occupé','','2020-09-04 13:37:55',NULL),(32,8,15,1,'Quest ce qui t\'arrive','','2020-09-04 13:38:34',NULL),(33,15,8,1,'yess','','2020-09-04 13:38:51',NULL),(34,24,8,1,'hello','','2020-09-04 13:48:17',NULL),(35,8,24,1,'Bonjour boss','','2020-09-04 13:48:37',NULL),(36,19,8,1,'hello','','2020-09-04 13:53:40',NULL),(37,8,19,1,'Hi','','2020-09-04 13:54:06',NULL),(38,8,19,1,'What\'s up','','2020-09-04 13:54:26',NULL),(39,19,8,1,'yesss','','2020-09-04 13:54:33',NULL),(40,8,19,1,'Good job','','2020-09-04 13:54:46',NULL),(41,19,8,1,'Ok','','2020-09-04 14:08:19',NULL),(42,8,19,1,'JE suis gosse','','2020-09-04 14:08:32',NULL),(43,19,8,1,'Tsuipss','','2020-09-04 14:09:17',NULL),(44,8,19,1,'okay','','2020-09-04 14:17:08',NULL),(45,8,15,1,'Yessai','','2020-09-04 14:51:10',NULL),(46,8,15,1,'Yess','','2020-09-04 14:53:31',NULL),(47,15,8,1,'Ok','','2020-09-04 14:54:28',NULL),(48,15,8,1,'Echo','','2020-09-04 14:54:49',NULL),(49,8,15,1,'Yawaaa','','2020-09-04 14:55:38',NULL),(50,15,8,1,'Moufff','','2020-09-04 14:56:00',NULL),(51,15,8,1,'Ok','','2020-09-04 14:57:01',NULL),(52,8,15,1,'Bon','','2020-09-04 14:57:52',NULL),(53,8,15,1,'Lol','','2020-09-04 14:58:25',NULL),(54,15,8,1,'Moufff','','2020-09-04 15:01:31',NULL),(55,8,15,1,'Ekieee','','2020-09-04 15:01:45',NULL),(56,8,15,1,'Tsuipss','','2020-09-04 17:04:35',NULL),(57,15,8,1,'Ca cest let brain tout','','2020-09-04 17:04:56',NULL),(58,8,43,1,'Yo','','2020-09-07 01:53:22',NULL),(59,8,43,1,'Ekie','','2020-09-07 01:54:26',NULL),(60,9,4,1,'Salut','','2020-09-07 02:25:00',NULL),(61,15,8,1,'Yo','','2020-09-08 16:48:28',NULL),(62,8,15,1,'Yess','','2020-09-08 16:48:52',NULL),(63,25,8,1,'Bonjour','','2020-09-08 18:06:27',NULL),(64,8,25,1,'Oui','','2020-09-08 18:33:33',NULL),(65,25,8,1,'C cmt','','2020-09-08 18:33:56',NULL),(66,8,25,1,'Ca VA et toi ?','','2020-09-08 18:34:05',NULL),(67,25,8,1,'Ca va merci','','2020-09-08 18:34:33',NULL),(68,25,8,1,'Tu as pu gérer les stocks ?','','2020-09-08 18:34:38',NULL),(69,25,8,1,'Ekieu','','2020-09-08 19:10:00',NULL),(70,8,25,1,'Pkw','','2020-09-08 19:10:18',NULL);
/*!40000 ALTER TABLE `messages` ENABLE KEYS */;
UNLOCK TABLES;

--
-- Table structure for table `migrations`
--

DROP TABLE IF EXISTS `migrations`;
/*!40101 SET @saved_cs_client     = @@character_set_client */;
/*!50503 SET character_set_client = utf8mb4 */;
CREATE TABLE `migrations` (
  `id` int(10) unsigned NOT NULL AUTO_INCREMENT,
  `migration` varchar(191) COLLATE utf8mb4_unicode_ci NOT NULL,
  `batch` int(11) NOT NULL,
  PRIMARY KEY (`id`)
) ENGINE=InnoDB AUTO_INCREMENT=58 DEFAULT CHARSET=utf8mb4 COLLATE=utf8mb4_unicode_ci;
/*!40101 SET character_set_client = @saved_cs_client */;

--
-- Dumping data for table `migrations`
--

LOCK TABLES `migrations` WRITE;
/*!40000 ALTER TABLE `migrations` DISABLE KEYS */;
INSERT INTO `migrations` VALUES (1,'2016_06_01_000001_create_oauth_auth_codes_table',1),(2,'2016_06_01_000002_create_oauth_access_tokens_table',1),(3,'2016_06_01_000003_create_oauth_refresh_tokens_table',1),(4,'2016_06_01_000004_create_oauth_clients_table',1),(5,'2016_06_01_000005_create_oauth_personal_access_clients_table',1),(6,'2019_08_19_000000_create_failed_jobs_table',1),(7,'2020_06_22_193304_create_users_table',1),(8,'2020_06_22_193317_create_roles_table',1),(9,'2020_06_22_193400_create_password_resets_table',1),(10,'2020_06_22_193457_create_companies_table',1),(11,'2020_06_22_193504_create_sites_table',1),(12,'2020_06_22_193523_create_suppliers_table',1),(13,'2020_06_22_195024_create_categories_table',1),(14,'2020_06_22_195331_create_purchases_table',1),(15,'2020_06_22_195332_create_products_table',1),(16,'2020_06_22_195837_create_product_site_table',1),(17,'2020_06_22_200424_create_product_purchase_table',1),(18,'2020_06_22_200953_create_sales_table',1),(19,'2020_06_22_201335_create_product_sale_table',1),(20,'2020_06_22_201636_create_types_table',1),(21,'2020_06_22_201908_create_subscriptions_table',1),(22,'2020_06_22_202704_create_agendas_table',1),(23,'2020_06_22_202935_create_expenses_table',1),(24,'2020_06_22_203137_create_messages_table',1),(25,'2020_06_22_203454_create_permissions_table',1),(26,'2020_06_22_203622_create_permissions_role_table',1),(27,'2020_06_22_203811_create_notifications_table',1),(28,'2020_06_24_013227_create_permission_user_table',1),(29,'2020_07_18_063400_create_taxes_table',1),(30,'2020_07_18_063537_create_employees_table',1),(31,'2020_07_18_063624_create_expense_categories_table',1),(32,'2020_07_18_063659_create_units_table',1),(33,'2020_07_18_063744_create_customers_table',1),(34,'2020_07_18_063847_create_holidyas_table',1),(35,'2020_07_18_063920_create_payrools_table',1),(36,'2020_07_25_205205_create_activities_table',1),(37,'2020_07_25_205812_create_activity_product_table',1),(38,'2020_08_15_072640_create_actions_table',1),(39,'2020_09_21_114016_drop_agenda_table',2),(40,'2020_09_21_114343_create_new_agendas_table',2),(41,'2020_09_21_195610_create_teams_table',2),(42,'2020_09_21_200026_create_team_user_table',2),(43,'2020_10_06_184440_add_payment_date_end_payment_state_on_payrools_table',3),(44,'2020_10_06_185440_add_status_on_expenses_table',3),(45,'2020_10_06_191657_add_company_id_on_expense_dategories_table',3),(46,'2020_11_06_120944_add_licence_number_to_subscription_table',4),(47,'2020_11_11_110604_create_payments_table',4),(48,'2020_11_11_112001_add_fields_on_employees_table',4),(49,'2020_11_11_163255_add_is_active_column_to_expenses_table',4),(50,'2020_11_11_181132_create_vexpenses_table',4),(51,'2020_11_11_181156_create_fexpenses_table',4),(52,'2020_11_11_182846_drop_table_expenses',4),(53,'2020_11_11_183548_createback_table_expenses',4),(54,'2020_11_11_195724_add_is_active_to_fexpenses_table',4),(55,'2020_11_11_200631_add_is_active_to_expenses_table',4),(56,'2020_11_11_202734_add_is_active_to_vexpenses_table',4),(57,'2020_12_03_224743_add_status_column_to_employees',5);
/*!40000 ALTER TABLE `migrations` ENABLE KEYS */;
UNLOCK TABLES;

--
-- Table structure for table `notifications`
--

DROP TABLE IF EXISTS `notifications`;
/*!40101 SET @saved_cs_client     = @@character_set_client */;
/*!50503 SET character_set_client = utf8mb4 */;
CREATE TABLE `notifications` (
  `id` int(10) unsigned NOT NULL AUTO_INCREMENT,
  `site_id` bigint(20) DEFAULT NULL,
  `company_id` bigint(20) DEFAULT NULL,
  `user_id` bigint(20) DEFAULT NULL,
  `type` varchar(191) COLLATE utf8mb4_unicode_ci DEFAULT NULL,
  `text` text COLLATE utf8mb4_unicode_ci NOT NULL,
  `is_active` tinyint(4) NOT NULL DEFAULT '1',
  `action` varchar(191) COLLATE utf8mb4_unicode_ci DEFAULT NULL,
  `created_at` datetime NOT NULL DEFAULT CURRENT_TIMESTAMP,
  `deleted_at` timestamp NULL DEFAULT NULL,
  PRIMARY KEY (`id`)
) ENGINE=InnoDB AUTO_INCREMENT=301 DEFAULT CHARSET=utf8mb4 COLLATE=utf8mb4_unicode_ci;
/*!40101 SET character_set_client = @saved_cs_client */;

--
-- Dumping data for table `notifications`
--

LOCK TABLES `notifications` WRITE;
/*!40000 ALTER TABLE `notifications` DISABLE KEYS */;
INSERT INTO `notifications` VALUES (1,36,7,NULL,'commandAlert','john Larry a pris la commande SO-5853681 du client Passager',1,'admin.kanban','2020-09-17 10:39:15',NULL),(2,36,7,NULL,'commandAlert','john Larry a pris la commande SO-1772380 du client Passager',1,'admin.kanban','2020-09-17 12:17:28',NULL),(3,36,7,NULL,'commandAlert','john Larry a pris la commande SO-6436796 du client Passager',1,'admin.kanban','2020-09-17 12:18:41',NULL),(4,36,7,NULL,'commandAlert','john Larry a pris la commande SO-6344281 du client Passager',1,'admin.kanban','2020-09-17 15:59:52',NULL),(5,36,7,NULL,'commandAlert','Alger Daisy a pris la commande SO-2798156 du client Passager',1,'employee.kanban','2020-09-17 16:02:19',NULL),(6,40,11,NULL,'commandAlert','Chokote a pris la commande SO-2433038 du client Passager',1,'admin.kanban','2020-09-24 18:21:26',NULL),(7,40,11,NULL,'commandAlert','Denise a pris la commande SO-9356023 du client Passager',1,'employee.kanban','2020-09-24 18:48:20',NULL),(8,40,11,NULL,'commandAlert','Estelle Belinga a pris la commande SO-3137278 du client Passager',1,'employee.kanban','2020-09-24 18:49:14',NULL),(9,40,11,NULL,'commandAlert','Denise a pris la commande SO-9889091 du client Passager',1,'employee.kanban','2020-09-24 19:00:39',NULL),(10,40,11,NULL,'commandAlert','Estelle Belinga a pris la commande SO-8003752 du client Passager',1,'employee.kanban','2020-09-25 10:55:13',NULL),(11,31,6,15,'addedToTeam','Vous avez été ajouté(e) à une équipe de travail',1,'employee.teams','2020-10-09 06:16:19',NULL),(12,31,6,22,'addedToTeam','Vous avez été ajouté(e) à une équipe de travail',1,'employee.teams','2020-10-09 06:16:19',NULL),(13,31,6,27,'addedToTeam','Vous avez été ajouté(e) à une équipe de travail',1,'employee.teams','2020-10-09 06:19:01',NULL),(14,31,6,25,'addedToTeam','Vous avez été ajouté(e) à une équipe de travail',1,'employee.teams','2020-10-09 06:19:01',NULL),(15,36,7,49,'validationAlert','Votre commande SO-6436796 a été validée',0,'kanban','2020-10-09 10:33:00',NULL),(16,36,7,50,'commandAlert','john Larry a pris la commande SO-8719741 du client Passager',1,'kanban','2020-10-09 14:17:04',NULL),(17,36,7,62,'commandAlert','john Larry a pris la commande SO-8719741 du client Passager',1,'kanban','2020-10-09 14:17:04',NULL),(18,36,7,63,'commandAlert','john Larry a pris la commande SO-8719741 du client Passager',1,'kanban','2020-10-09 14:17:04',NULL),(19,36,7,49,'validationAlert','Votre commande SO-8719741 a été validée',0,'kanban','2020-10-09 14:18:18',NULL),(20,36,7,50,'commandAlert','Alger Daisy a pris la commande SO-6744620 du client Passager',1,'kanban','2020-10-09 14:23:11',NULL),(21,36,7,62,'commandAlert','Alger Daisy a pris la commande SO-6744620 du client Passager',1,'kanban','2020-10-09 14:23:11',NULL),(22,36,7,63,'commandAlert','Alger Daisy a pris la commande SO-6744620 du client Passager',1,'kanban','2020-10-09 14:23:11',NULL),(23,36,7,50,'commandAlert','john Larry a pris la commande SO-3907587 du client Passager',1,'kanban','2020-10-09 21:52:00',NULL),(24,36,7,62,'commandAlert','john Larry a pris la commande SO-3907587 du client Passager',1,'kanban','2020-10-09 21:52:00',NULL),(25,36,7,63,'commandAlert','john Larry a pris la commande SO-3907587 du client Passager',1,'kanban','2020-10-09 21:52:00',NULL),(26,36,7,50,'commandAlert','john Larry a pris la commande SO-2888706 du client Passager',1,'kanban','2020-10-10 17:44:11',NULL),(27,36,7,62,'commandAlert','john Larry a pris la commande SO-2888706 du client Passager',1,'kanban','2020-10-10 17:44:11',NULL),(28,36,7,63,'commandAlert','john Larry a pris la commande SO-2888706 du client Passager',1,'kanban','2020-10-10 17:44:11',NULL),(29,44,13,68,'commandAlert','TATSI KETCHAPA YVAN a pris la commande SO-2305769 du client Passager',0,'kanban','2020-10-11 17:39:32',NULL),(30,45,13,67,'validationAlert','Votre commande SO-5024279 a été validée',0,'kanban','2020-10-11 17:40:55',NULL),(31,36,7,53,'addedToTeam','Vous avez été ajouté(e) à une équipe de travail',1,'employee.teams','2020-10-12 04:48:18',NULL),(32,36,7,56,'addedToTeam','Vous avez été ajouté(e) à une équipe de travail',1,'employee.teams','2020-10-12 04:48:33',NULL),(33,36,7,50,'commandAlert','Alger Daisy a pris la commande SO-6953634 du client Passager',1,'kanban','2020-10-12 06:44:27',NULL),(34,36,7,62,'commandAlert','Alger Daisy a pris la commande SO-6953634 du client Passager',1,'kanban','2020-10-12 06:44:28',NULL),(35,36,7,63,'commandAlert','Alger Daisy a pris la commande SO-6953634 du client Passager',1,'kanban','2020-10-12 06:44:28',NULL),(36,36,7,64,'commandAlert','Alger Daisy a pris la commande SO-6953634 du client Passager',1,'kanban','2020-10-12 06:44:28',NULL),(37,36,7,50,'commandAlert','john Larry a pris la commande SO-4693467 du client Passager',1,'kanban','2020-10-12 07:00:48',NULL),(38,36,7,62,'commandAlert','john Larry a pris la commande SO-4693467 du client Passager',1,'kanban','2020-10-12 07:00:48',NULL),(39,36,7,63,'commandAlert','john Larry a pris la commande SO-4693467 du client Passager',1,'kanban','2020-10-12 07:00:48',NULL),(40,36,7,64,'commandAlert','john Larry a pris la commande SO-4693467 du client Passager',1,'kanban','2020-10-12 07:00:49',NULL),(41,36,7,49,'validationAlert','Votre commande SO-4693467 a été validée',0,'kanban','2020-10-12 07:01:42',NULL),(42,31,6,8,'validationAlert','Votre commande SO-5249003 a été validée',0,'kanban','2020-10-12 09:47:16',NULL),(43,31,6,15,'commandAlert','Administrateur Directeur a pris la commande SO-9057668 du client passager',1,'kanban','2020-10-12 12:38:07',NULL),(44,31,6,22,'commandAlert','Administrateur Directeur a pris la commande SO-9057668 du client passager',1,'kanban','2020-10-12 12:38:07',NULL),(45,31,6,27,'commandAlert','Administrateur Directeur a pris la commande SO-9057668 du client passager',1,'kanban','2020-10-12 12:38:07',NULL),(46,31,6,47,'commandAlert','Administrateur Directeur a pris la commande SO-9057668 du client passager',1,'kanban','2020-10-12 12:38:07',NULL),(47,32,6,8,'validationAlert','Votre commande SO-4410001 a été validée',0,'kanban','2020-10-12 12:38:57',NULL),(48,36,7,49,'validationAlert','Votre commande SO-2888706 a été validée',0,'kanban','2020-10-12 17:00:29',NULL),(49,36,7,50,'commandAlert','john Larry a pris la commande SO-7241329 du client Passager',1,'kanban','2020-10-13 17:28:25',NULL),(50,36,7,62,'commandAlert','john Larry a pris la commande SO-7241329 du client Passager',1,'kanban','2020-10-13 17:28:25',NULL),(51,36,7,63,'commandAlert','john Larry a pris la commande SO-7241329 du client Passager',1,'kanban','2020-10-13 17:28:25',NULL),(52,36,7,64,'commandAlert','john Larry a pris la commande SO-7241329 du client Passager',1,'kanban','2020-10-13 17:28:26',NULL),(53,36,7,50,'commandAlert','john Larry a pris la commande SO-3771203 du client Passager',1,'sales.kanban','2020-11-03 10:26:50',NULL),(54,36,7,62,'commandAlert','john Larry a pris la commande SO-3771203 du client Passager',1,'sales.kanban','2020-11-03 10:26:50',NULL),(55,36,7,63,'commandAlert','john Larry a pris la commande SO-3771203 du client Passager',1,'sales.kanban','2020-11-03 10:26:50',NULL),(56,36,7,64,'commandAlert','john Larry a pris la commande SO-3771203 du client Passager',1,'sales.kanban','2020-11-03 10:26:50',NULL),(57,36,7,49,'validationAlert','Votre commande SO-3771203 a été validée',0,'sales.all','2020-11-03 10:27:25',NULL),(58,36,7,50,'commandAlert','john Larry a pris la commande SO-9893366 du client Passager',1,'sales.kanban','2020-11-03 10:28:00',NULL),(59,36,7,62,'commandAlert','john Larry a pris la commande SO-9893366 du client Passager',1,'sales.kanban','2020-11-03 10:28:00',NULL),(60,36,7,63,'commandAlert','john Larry a pris la commande SO-9893366 du client Passager',1,'sales.kanban','2020-11-03 10:28:00',NULL),(61,36,7,64,'commandAlert','john Larry a pris la commande SO-9893366 du client Passager',1,'sales.kanban','2020-11-03 10:28:00',NULL),(62,36,7,50,'commandAlert','john Larry a pris la commande SO-9425976 du client Passager',1,'sales.kanban','2020-11-03 10:29:01',NULL),(63,36,7,62,'commandAlert','john Larry a pris la commande SO-9425976 du client Passager',1,'sales.kanban','2020-11-03 10:29:01',NULL),(64,36,7,63,'commandAlert','john Larry a pris la commande SO-9425976 du client Passager',1,'sales.kanban','2020-11-03 10:29:01',NULL),(65,36,7,64,'commandAlert','john Larry a pris la commande SO-9425976 du client Passager',1,'sales.kanban','2020-11-03 10:29:01',NULL),(66,36,7,49,'validationAlert','Votre commande SO-9893366 a été validée',0,'sales.all','2020-11-03 10:29:32',NULL),(67,33,6,13,'commandAlert','Administrateur Directeur a pris la commande SO-6448319 du client Passager',1,'sales.kanban','2020-11-03 17:31:33',NULL),(68,46,14,74,'commandAlert','kingue soppo a pris la commande SO-7322140 du client Passager',1,'sales.kanban','2020-11-03 18:36:37',NULL),(69,46,14,76,'commandAlert','kingue soppo a pris la commande SO-7322140 du client Passager',1,'sales.kanban','2020-11-03 18:36:38',NULL),(70,46,14,79,'commandAlert','kingue soppo a pris la commande SO-7322140 du client Passager',1,'sales.kanban','2020-11-03 18:36:38',NULL),(71,46,14,74,'commandAlert','kingue soppo a pris la commande SO-6177420 du client Passager',1,'sales.kanban','2020-11-03 18:43:27',NULL),(72,46,14,76,'commandAlert','kingue soppo a pris la commande SO-6177420 du client Passager',1,'sales.kanban','2020-11-03 18:43:27',NULL),(73,46,14,79,'commandAlert','kingue soppo a pris la commande SO-6177420 du client Passager',1,'sales.kanban','2020-11-03 18:43:27',NULL),(74,46,14,74,'commandAlert','kingue soppo a pris la commande SO-2551328 du client Passager',1,'sales.kanban','2020-11-03 19:06:53',NULL),(75,46,14,76,'commandAlert','kingue soppo a pris la commande SO-2551328 du client Passager',1,'sales.kanban','2020-11-03 19:06:53',NULL),(76,46,14,79,'commandAlert','kingue soppo a pris la commande SO-2551328 du client Passager',1,'sales.kanban','2020-11-03 19:06:53',NULL),(77,46,14,74,'commandAlert','kingue soppo a pris la commande SO-6301514 du client Passager',1,'sales.kanban','2020-11-03 19:10:14',NULL),(78,46,14,76,'commandAlert','kingue soppo a pris la commande SO-6301514 du client Passager',1,'sales.kanban','2020-11-03 19:10:14',NULL),(79,46,14,79,'commandAlert','kingue soppo a pris la commande SO-6301514 du client Passager',1,'sales.kanban','2020-11-03 19:10:14',NULL),(80,46,14,72,'productAlert','Le produit Beaufort Tango 50cl a atteint son minimum dans le site easytech',1,'purchases','2020-11-03 19:11:31',NULL),(81,46,14,74,'productAlert','Le produit Beaufort Tango 50cl a atteint son minimum dans le site easytech',1,'purchases','2020-11-03 19:11:31',NULL),(82,46,14,76,'productAlert','Le produit Beaufort Tango 50cl a atteint son minimum dans le site easytech',1,'purchases','2020-11-03 19:11:31',NULL),(83,46,14,77,'productAlert','Le produit Beaufort Tango 50cl a atteint son minimum dans le site easytech',1,'purchases','2020-11-03 19:11:31',NULL),(84,46,14,79,'productAlert','Le produit Beaufort Tango 50cl a atteint son minimum dans le site easytech',1,'purchases','2020-11-03 19:11:31',NULL),(85,46,14,72,'productAlert','Le produit Isenbeck 33cl est en rupture de stock dans le site easytech',1,'purchases','2020-11-03 19:11:32',NULL),(86,46,14,74,'productAlert','Le produit Isenbeck 33cl est en rupture de stock dans le site easytech',1,'purchases','2020-11-03 19:11:32',NULL),(87,46,14,76,'productAlert','Le produit Isenbeck 33cl est en rupture de stock dans le site easytech',1,'purchases','2020-11-03 19:11:32',NULL),(88,46,14,77,'productAlert','Le produit Isenbeck 33cl est en rupture de stock dans le site easytech',1,'purchases','2020-11-03 19:11:32',NULL),(89,46,14,79,'productAlert','Le produit Isenbeck 33cl est en rupture de stock dans le site easytech',1,'purchases','2020-11-03 19:11:32',NULL),(90,46,14,70,'validationAlert','Votre commande SO-6301514 a été validée',0,'sales.all','2020-11-03 19:11:33',NULL),(91,31,6,15,'commandAlert','Administrateur Directeur a pris la commande SO-6733665 du client Passager',1,'sales.kanban','2020-11-03 19:29:52',NULL),(92,31,6,22,'commandAlert','Administrateur Directeur a pris la commande SO-6733665 du client Passager',1,'sales.kanban','2020-11-03 19:29:52',NULL),(93,31,6,27,'commandAlert','Administrateur Directeur a pris la commande SO-6733665 du client Passager',1,'sales.kanban','2020-11-03 19:29:52',NULL),(94,31,6,47,'commandAlert','Administrateur Directeur a pris la commande SO-6733665 du client Passager',1,'sales.kanban','2020-11-03 19:29:52',NULL),(95,32,6,23,'commandAlert','Administrateur Directeur a pris la commande SO-6999860 du client Passager',1,'sales.kanban','2020-11-03 20:00:12',NULL),(96,32,6,39,'commandAlert','Administrateur Directeur a pris la commande SO-6999860 du client Passager',1,'sales.kanban','2020-11-03 20:00:12',NULL),(97,32,6,44,'commandAlert','Administrateur Directeur a pris la commande SO-6999860 du client Passager',1,'sales.kanban','2020-11-03 20:00:12',NULL),(98,32,6,45,'commandAlert','Administrateur Directeur a pris la commande SO-6999860 du client Passager',1,'sales.kanban','2020-11-03 20:00:13',NULL),(99,31,6,8,'validationAlert','Votre commande SO-9057668 a été validée',0,'sales.all','2020-11-03 21:30:00',NULL),(100,32,6,8,'validationAlert','Votre commande SO-8459316 a été validée',0,'sales.all','2020-11-03 21:45:23',NULL),(101,31,6,15,'commandAlert','Administrateur Directeur a pris la commande SO-4906898 du client Passager',1,'sales.kanban','2020-11-03 21:49:13',NULL),(102,31,6,22,'commandAlert','Administrateur Directeur a pris la commande SO-4906898 du client Passager',1,'sales.kanban','2020-11-03 21:49:13',NULL),(103,31,6,27,'commandAlert','Administrateur Directeur a pris la commande SO-4906898 du client Passager',1,'sales.kanban','2020-11-03 21:49:13',NULL),(104,31,6,47,'commandAlert','Administrateur Directeur a pris la commande SO-4906898 du client Passager',1,'sales.kanban','2020-11-03 21:49:13',NULL),(105,36,7,50,'commandAlert','john Larry a pris la commande SO-7581724 du client Passager',1,'sales.kanban','2020-11-04 06:27:42',NULL),(106,36,7,62,'commandAlert','john Larry a pris la commande SO-7581724 du client Passager',1,'sales.kanban','2020-11-04 06:27:42',NULL),(107,36,7,63,'commandAlert','john Larry a pris la commande SO-7581724 du client Passager',1,'sales.kanban','2020-11-04 06:27:42',NULL),(108,36,7,64,'commandAlert','john Larry a pris la commande SO-7581724 du client Passager',1,'sales.kanban','2020-11-04 06:27:42',NULL),(109,36,7,50,'commandAlert','john Larry a pris la commande SO-4036969 du client Passager',1,'sales.kanban','2020-11-04 07:33:25',NULL),(110,36,7,62,'commandAlert','john Larry a pris la commande SO-4036969 du client Passager',1,'sales.kanban','2020-11-04 07:33:25',NULL),(111,36,7,63,'commandAlert','john Larry a pris la commande SO-4036969 du client Passager',1,'sales.kanban','2020-11-04 07:33:25',NULL),(112,36,7,64,'commandAlert','john Larry a pris la commande SO-4036969 du client Passager',1,'sales.kanban','2020-11-04 07:33:25',NULL),(113,46,14,72,'productAlert','Le produit Beaufort Tango 50cl est en rupture de stock dans le site easytech',1,'purchases','2020-11-04 18:12:50',NULL),(114,46,14,74,'productAlert','Le produit Beaufort Tango 50cl est en rupture de stock dans le site easytech',1,'purchases','2020-11-04 18:12:51',NULL),(115,46,14,76,'productAlert','Le produit Beaufort Tango 50cl est en rupture de stock dans le site easytech',1,'purchases','2020-11-04 18:12:51',NULL),(116,46,14,77,'productAlert','Le produit Beaufort Tango 50cl est en rupture de stock dans le site easytech',1,'purchases','2020-11-04 18:12:51',NULL),(117,46,14,79,'productAlert','Le produit Beaufort Tango 50cl est en rupture de stock dans le site easytech',1,'purchases','2020-11-04 18:12:51',NULL),(118,46,14,72,'productAlert','Le produit Isenbeck 33cl est en rupture de stock dans le site easytech',1,'purchases','2020-11-04 18:12:51',NULL),(119,46,14,74,'productAlert','Le produit Isenbeck 33cl est en rupture de stock dans le site easytech',1,'purchases','2020-11-04 18:12:51',NULL),(120,46,14,76,'productAlert','Le produit Isenbeck 33cl est en rupture de stock dans le site easytech',1,'purchases','2020-11-04 18:12:51',NULL),(121,46,14,77,'productAlert','Le produit Isenbeck 33cl est en rupture de stock dans le site easytech',1,'purchases','2020-11-04 18:12:51',NULL),(122,46,14,79,'productAlert','Le produit Isenbeck 33cl est en rupture de stock dans le site easytech',1,'purchases','2020-11-04 18:12:51',NULL),(123,46,14,70,'validationAlert','Votre commande SO-6177420 a été validée',0,'sales.all','2020-11-04 18:12:52',NULL),(124,36,7,50,'commandAlert','john Larry a pris la commande SO-9972014 du client Passager',1,'sales.kanban','2020-11-05 16:50:47',NULL),(125,36,7,62,'commandAlert','john Larry a pris la commande SO-9972014 du client Passager',1,'sales.kanban','2020-11-05 16:50:47',NULL),(126,36,7,63,'commandAlert','john Larry a pris la commande SO-9972014 du client Passager',1,'sales.kanban','2020-11-05 16:50:47',NULL),(127,36,7,64,'commandAlert','john Larry a pris la commande SO-9972014 du client Passager',1,'sales.kanban','2020-11-05 16:50:47',NULL),(128,36,7,49,'validationAlert','Votre commande SO-9972014 a été validée',0,'sales.all','2020-11-05 16:51:12',NULL),(129,36,7,49,'validationAlert','Votre commande SO-7581724 a été validée',0,'sales.all','2020-11-05 17:03:59',NULL),(130,52,14,70,'validationAlert','Votre commande SO-4067020 a été validée',0,'sales.all','2020-11-05 17:38:24',NULL),(131,52,14,70,'validationAlert','Votre commande SO-5129301 a été validée',0,'sales.all','2020-11-05 17:57:50',NULL),(132,52,14,70,'validationAlert','Votre commande SO-1500264 a été validée',0,'sales.all','2020-11-05 18:38:03',NULL),(133,52,14,70,'validationAlert','Votre commande SO-5927672 a été validée',0,'sales.all','2020-11-05 19:20:09',NULL),(134,52,14,84,'commandAlert','kingue soppo a pris la commande SO-9298736 du client Passager',1,'sales.kanban','2020-11-08 19:45:34',NULL),(135,52,14,84,'commandAlert','kingue soppo a pris la commande SO-5049797 du client Passager',1,'sales.kanban','2020-11-08 19:46:28',NULL),(136,33,6,13,'commandAlert','Administrateur Directeur a pris la commande SO-4131512 du client Passager',1,'sales.kanban','2020-11-08 20:07:51',NULL),(137,33,6,8,'validationAlert','Votre commande SO-6448319 a été validée',0,'sales.all','2020-11-08 20:08:44',NULL),(138,52,14,86,'addedToTeam','Vous avez été ajouté(e) à une équipe de travail',1,'teams','2020-11-09 16:44:03',NULL),(139,52,14,88,'addedToTeam','Vous avez été ajouté(e) à une équipe de travail',1,'teams','2020-11-09 16:44:03',NULL),(140,52,14,84,'addedToTeam','Vous avez été ajouté(e) à une équipe de travail',1,'teams','2020-11-09 16:44:03',NULL),(141,52,14,86,'addedToTeam','Vous avez été ajouté(e) à une équipe de travail',1,'teams','2020-11-09 16:44:34',NULL),(142,52,14,86,'addedToTeam','Vous avez été ajouté(e) à une équipe de travail',1,'teams','2020-11-09 16:46:16',NULL),(143,52,14,90,'addedToTeam','Vous avez été ajouté(e) à une équipe de travail',1,'teams','2020-11-09 16:46:16',NULL),(144,52,14,88,'addedToTeam','Vous avez été ajouté(e) à une équipe de travail',1,'teams','2020-11-09 16:47:38',NULL),(145,52,14,84,'addedToTeam','Vous avez été ajouté(e) à une équipe de travail',1,'teams','2020-11-09 16:47:38',NULL),(146,52,14,90,'addedToTeam','Vous avez été ajouté(e) à une équipe de travail',1,'teams','2020-11-09 16:47:38',NULL),(147,52,14,86,'addedToTeam','Vous avez été ajouté(e) à une équipe de travail',1,'teams','2020-11-09 16:47:38',NULL),(148,36,7,50,'commandAlert','john Larry a pris la commande SO-6590083 du client Passager',1,'sales.kanban','2020-11-09 17:14:25',NULL),(149,36,7,62,'commandAlert','john Larry a pris la commande SO-6590083 du client Passager',1,'sales.kanban','2020-11-09 17:14:25',NULL),(150,36,7,63,'commandAlert','john Larry a pris la commande SO-6590083 du client Passager',1,'sales.kanban','2020-11-09 17:14:25',NULL),(151,36,7,64,'commandAlert','john Larry a pris la commande SO-6590083 du client Passager',1,'sales.kanban','2020-11-09 17:14:25',NULL),(152,36,7,50,'commandAlert','john Larry a pris la commande SO-7898404 du client Passager',1,'sales.kanban','2020-11-09 17:17:35',NULL),(153,36,7,62,'commandAlert','john Larry a pris la commande SO-7898404 du client Passager',1,'sales.kanban','2020-11-09 17:17:35',NULL),(154,36,7,63,'commandAlert','john Larry a pris la commande SO-7898404 du client Passager',1,'sales.kanban','2020-11-09 17:17:36',NULL),(155,36,7,64,'commandAlert','john Larry a pris la commande SO-7898404 du client Passager',1,'sales.kanban','2020-11-09 17:17:36',NULL),(156,52,14,84,'addedToTeam','Vous avez été ajouté(e) à une équipe de travail',1,'teams','2020-11-09 19:25:21',NULL),(157,52,14,86,'addedToTeam','Vous avez été ajouté(e) à une équipe de travail',1,'teams','2020-11-09 19:25:21',NULL),(158,52,14,90,'addedToTeam','Vous avez été ajouté(e) à une équipe de travail',1,'teams','2020-11-09 19:25:22',NULL),(159,52,14,86,'addedToTeam','Vous avez été ajouté(e) à une équipe de travail',1,'teams','2020-11-09 19:26:33',NULL),(160,52,14,90,'addedToTeam','Vous avez été ajouté(e) à une équipe de travail',1,'teams','2020-11-09 19:26:33',NULL),(161,52,14,92,'addedToTeam','Vous avez été ajouté(e) à une équipe de travail',1,'teams','2020-11-09 19:26:33',NULL),(162,52,14,84,'addedToTeam','Vous avez été ajouté(e) à une équipe de travail',1,'teams','2020-11-09 19:26:33',NULL),(163,52,14,88,'addedToTeam','Vous avez été ajouté(e) à une équipe de travail',1,'teams','2020-11-09 19:26:33',NULL),(164,36,7,50,'commandAlert','john Larry a pris la commande SO-8137064 du client Passager',1,'sales.kanban','2020-11-10 14:56:04',NULL),(165,36,7,62,'commandAlert','john Larry a pris la commande SO-8137064 du client Passager',1,'sales.kanban','2020-11-10 14:56:04',NULL),(166,36,7,63,'commandAlert','john Larry a pris la commande SO-8137064 du client Passager',1,'sales.kanban','2020-11-10 14:56:04',NULL),(167,36,7,64,'commandAlert','john Larry a pris la commande SO-8137064 du client Passager',1,'sales.kanban','2020-11-10 14:56:04',NULL),(168,36,7,50,'commandAlert','john Larry a pris la commande SO-7860485 du client Passager',1,'sales.kanban','2020-11-10 15:03:34',NULL),(169,36,7,62,'commandAlert','john Larry a pris la commande SO-7860485 du client Passager',1,'sales.kanban','2020-11-10 15:03:34',NULL),(170,36,7,63,'commandAlert','john Larry a pris la commande SO-7860485 du client Passager',1,'sales.kanban','2020-11-10 15:03:34',NULL),(171,36,7,64,'commandAlert','john Larry a pris la commande SO-7860485 du client Passager',1,'sales.kanban','2020-11-10 15:03:34',NULL),(172,53,14,93,'commandAlert','kingue soppo a pris la commande SO-5668779 du client Passager',1,'sales.kanban','2020-11-10 17:11:33',NULL),(173,33,6,9,'addedToTeam','Vous avez été ajouté(e) à une équipe de travail',1,'teams','2020-11-11 01:15:32',NULL),(174,33,6,10,'addedToTeam','Vous avez été ajouté(e) à une équipe de travail',1,'teams','2020-11-11 01:15:32',NULL),(175,33,6,13,'addedToTeam','Vous avez été ajouté(e) à une équipe de travail',1,'teams','2020-11-11 01:15:32',NULL),(176,33,6,9,'addedToTeam','Vous avez été ajouté(e) à une équipe de travail',1,'teams','2020-11-11 01:16:53',NULL),(177,33,6,10,'addedToTeam','Vous avez été ajouté(e) à une équipe de travail',1,'teams','2020-11-11 01:16:53',NULL),(178,33,6,21,'addedToTeam','Vous avez été ajouté(e) à une équipe de travail',1,'teams','2020-11-11 01:16:53',NULL),(179,33,6,28,'addedToTeam','Vous avez été ajouté(e) à une équipe de travail',1,'teams','2020-11-11 01:16:53',NULL),(180,33,6,30,'addedToTeam','Vous avez été ajouté(e) à une équipe de travail',1,'teams','2020-11-11 01:16:53',NULL),(181,33,6,41,'addedToTeam','Vous avez été ajouté(e) à une équipe de travail',1,'teams','2020-11-11 01:16:54',NULL),(182,33,6,13,'addedToTeam','Vous avez été ajouté(e) à une équipe de travail',1,'teams','2020-11-11 01:16:54',NULL),(183,33,6,9,'addedToTeam','Vous avez été ajouté(e) à une équipe de travail',1,'teams','2020-11-11 01:17:28',NULL),(184,33,6,13,'addedToTeam','Vous avez été ajouté(e) à une équipe de travail',1,'teams','2020-11-11 01:17:28',NULL),(185,33,6,9,'addedToTeam','Vous avez été ajouté(e) à une équipe de travail',1,'teams','2020-11-11 01:18:18',NULL),(186,33,6,10,'addedToTeam','Vous avez été ajouté(e) à une équipe de travail',1,'teams','2020-11-11 01:18:19',NULL),(187,33,6,13,'addedToTeam','Vous avez été ajouté(e) à une équipe de travail',1,'teams','2020-11-11 01:18:19',NULL),(188,33,6,21,'addedToTeam','Vous avez été ajouté(e) à une équipe de travail',1,'teams','2020-11-11 01:18:19',NULL),(189,33,6,30,'addedToTeam','Vous avez été ajouté(e) à une équipe de travail',1,'teams','2020-11-11 01:18:19',NULL),(190,33,6,9,'addedToTeam','Vous avez été ajouté(e) à une équipe de travail',1,'teams','2020-11-11 01:18:53',NULL),(191,33,6,9,'addedToTeam','Vous avez été ajouté(e) à une équipe de travail',1,'teams','2020-11-11 01:57:30',NULL),(192,33,6,10,'addedToTeam','Vous avez été ajouté(e) à une équipe de travail',1,'teams','2020-11-11 01:57:30',NULL),(193,33,6,9,'addedToTeam','Vous avez été ajouté(e) à une équipe de travail',1,'teams','2020-11-11 01:57:59',NULL),(194,33,6,9,'validationAlert','Votre commande SO-3872192 a été validée',1,'sales.all','2020-11-11 08:29:32',NULL),(195,33,6,8,'validationAlert','Votre commande SO-6448319 a été validée',0,'sales.all','2020-11-11 08:41:28',NULL),(196,52,14,95,'commandAlert','ARMEL a pris la commande SO-8572729 du client Passager',1,'sales.kanban','2020-11-11 17:53:31',NULL),(197,52,14,98,'commandAlert','ARMEL a pris la commande SO-8572729 du client Passager',0,'sales.kanban','2020-11-11 17:53:31',NULL),(198,52,14,95,'commandAlert','ARMEL a pris la commande SO-3384104 du client Passager',1,'sales.kanban','2020-11-11 17:53:32',NULL),(199,52,14,98,'commandAlert','ARMEL a pris la commande SO-3384104 du client Passager',0,'sales.kanban','2020-11-11 17:53:32',NULL),(200,52,14,95,'commandAlert','ARMEL a pris la commande SO-9042357 du client Passager',1,'sales.kanban','2020-11-11 17:53:33',NULL),(201,52,14,98,'commandAlert','ARMEL a pris la commande SO-9042357 du client Passager',0,'sales.kanban','2020-11-11 17:53:33',NULL),(202,52,14,86,'productAlert','Le produit Beaufort Tango 50cl est en rupture de stock dans le site easytech1',1,'purchases','2020-11-11 18:00:16',NULL),(203,52,14,92,'productAlert','Le produit Beaufort Tango 50cl est en rupture de stock dans le site easytech1',1,'purchases','2020-11-11 18:00:16',NULL),(204,52,14,95,'productAlert','Le produit Beaufort Tango 50cl est en rupture de stock dans le site easytech1',1,'purchases','2020-11-11 18:00:16',NULL),(205,52,14,98,'productAlert','Le produit Beaufort Tango 50cl est en rupture de stock dans le site easytech1',1,'purchases','2020-11-11 18:00:16',NULL),(206,52,14,99,'productAlert','Le produit Beaufort Tango 50cl est en rupture de stock dans le site easytech1',0,'purchases','2020-11-11 18:00:16',NULL),(207,52,14,100,'productAlert','Le produit Beaufort Tango 50cl est en rupture de stock dans le site easytech1',1,'purchases','2020-11-11 18:00:16',NULL),(208,52,14,70,'validationAlert','Votre commande SO-5118189 a été validée',0,'sales.all','2020-11-11 18:00:16',NULL),(209,52,14,95,'commandAlert','DOMINIQUE a pris la commande SO-6823561 du client Passager',1,'sales.kanban','2020-11-11 18:04:18',NULL),(210,52,14,98,'commandAlert','DOMINIQUE a pris la commande SO-6823561 du client Passager',1,'sales.kanban','2020-11-11 18:04:18',NULL),(211,52,14,86,'productAlert','Le produit Beaufort Tango 50cl est en rupture de stock dans le site easytech1',1,'purchases','2020-11-11 18:11:52',NULL),(212,52,14,92,'productAlert','Le produit Beaufort Tango 50cl est en rupture de stock dans le site easytech1',1,'purchases','2020-11-11 18:11:52',NULL),(213,52,14,95,'productAlert','Le produit Beaufort Tango 50cl est en rupture de stock dans le site easytech1',1,'purchases','2020-11-11 18:11:52',NULL),(214,52,14,98,'productAlert','Le produit Beaufort Tango 50cl est en rupture de stock dans le site easytech1',1,'purchases','2020-11-11 18:11:52',NULL),(215,52,14,99,'productAlert','Le produit Beaufort Tango 50cl est en rupture de stock dans le site easytech1',0,'purchases','2020-11-11 18:11:52',NULL),(216,52,14,100,'productAlert','Le produit Beaufort Tango 50cl est en rupture de stock dans le site easytech1',1,'purchases','2020-11-11 18:11:52',NULL),(217,52,14,99,'validationAlert','Votre commande SO-9042357 a été validée',0,'sales.all','2020-11-11 18:11:53',NULL),(218,52,14,95,'commandAlert','RAISSA a pris la commande SO-1769977 du client Passager',1,'sales.kanban','2020-11-11 18:20:54',NULL),(219,52,14,98,'commandAlert','RAISSA a pris la commande SO-1769977 du client Passager',1,'sales.kanban','2020-11-11 18:20:54',NULL),(220,53,14,70,'validationAlert','Votre commande SO-3070271 a été validée',0,'sales.all','2020-11-12 16:40:18',NULL),(221,53,14,70,'validationAlert','Votre commande SO-5668779 a été validée',0,'sales.all','2020-11-12 16:40:29',NULL),(222,36,7,50,'commandAlert','john Larry a pris la commande SO-4222689 du client Passager',1,'sales.kanban','2020-11-12 22:03:57',NULL),(223,36,7,62,'commandAlert','john Larry a pris la commande SO-4222689 du client Passager',1,'sales.kanban','2020-11-12 22:03:57',NULL),(224,36,7,63,'commandAlert','john Larry a pris la commande SO-4222689 du client Passager',1,'sales.kanban','2020-11-12 22:03:57',NULL),(225,36,7,64,'commandAlert','john Larry a pris la commande SO-4222689 du client Passager',1,'sales.kanban','2020-11-12 22:03:57',NULL),(226,57,14,96,'commandAlert','kingue soppo a pris la commande SO-2041184 du client Passager',1,'sales.kanban','2020-11-13 17:46:34',NULL),(227,58,6,105,'addedToTeam','Vous avez été ajouté(e) à une équipe de travail',1,'teams','2020-11-13 20:16:00',NULL),(228,58,6,106,'addedToTeam','Vous avez été ajouté(e) à une équipe de travail',1,'teams','2020-11-13 20:16:00',NULL),(229,58,6,107,'addedToTeam','Vous avez été ajouté(e) à une équipe de travail',1,'teams','2020-11-13 20:16:44',NULL),(230,58,6,105,'addedToTeam','Vous avez été ajouté(e) à une équipe de travail',1,'teams','2020-11-13 20:16:44',NULL),(231,36,7,50,'commandAlert','john Larry a pris la commande SO-1148607 du client Passager',1,'sales.kanban','2020-11-16 19:08:37',NULL),(232,36,7,62,'commandAlert','john Larry a pris la commande SO-1148607 du client Passager',1,'sales.kanban','2020-11-16 19:08:37',NULL),(233,36,7,63,'commandAlert','john Larry a pris la commande SO-1148607 du client Passager',1,'sales.kanban','2020-11-16 19:08:37',NULL),(234,36,7,64,'commandAlert','john Larry a pris la commande SO-1148607 du client Passager',1,'sales.kanban','2020-11-16 19:08:37',NULL),(235,36,7,102,'commandAlert','john Larry a pris la commande SO-1148607 du client Passager',1,'sales.kanban','2020-11-16 19:08:37',NULL),(236,58,6,8,'validationAlert','Votre commande SO-5553427 a été validée',1,'sales.all','2020-11-19 02:07:29',NULL),(237,53,14,94,'addedToTeam','Vous avez été ajouté(e) à une équipe de travail',1,'teams','2020-11-20 01:01:04',NULL),(238,53,14,103,'addedToTeam','Vous avez été ajouté(e) à une équipe de travail',1,'teams','2020-11-20 01:01:04',NULL),(239,53,14,103,'addedToTeam','Vous avez été ajouté(e) à une équipe de travail',1,'teams','2020-11-20 01:01:35',NULL),(240,53,14,94,'addedToTeam','Vous avez été ajouté(e) à une équipe de travail',1,'teams','2020-11-20 01:02:08',NULL),(241,53,14,103,'addedToTeam','Vous avez été ajouté(e) à une équipe de travail',1,'teams','2020-11-20 01:02:30',NULL),(242,53,14,94,'addedToTeam','Vous avez été ajouté(e) à une équipe de travail',1,'teams','2020-11-20 01:02:59',NULL),(243,57,14,96,'commandAlert','kingue soppo a pris la commande SO-7180729 du client Passager',1,'sales.kanban','2020-11-20 06:09:07',NULL),(244,53,14,70,'validationAlert','Votre commande SO-5668779 a été validée',1,'sales.all','2020-11-21 01:27:48',NULL),(245,36,7,50,'commandAlert','john Larry a pris la commande SO-7496527 du client Passager',1,'sales.kanban','2020-11-27 07:37:00',NULL),(246,36,7,62,'commandAlert','john Larry a pris la commande SO-7496527 du client Passager',1,'sales.kanban','2020-11-27 07:37:00',NULL),(247,36,7,63,'commandAlert','john Larry a pris la commande SO-7496527 du client Passager',1,'sales.kanban','2020-11-27 07:37:00',NULL),(248,36,7,64,'commandAlert','john Larry a pris la commande SO-7496527 du client Passager',1,'sales.kanban','2020-11-27 07:37:01',NULL),(249,36,7,102,'commandAlert','john Larry a pris la commande SO-7496527 du client Passager',1,'sales.kanban','2020-11-27 07:37:01',NULL),(250,36,7,50,'commandAlert','john Larry a pris la commande SO-9949572 du client Passager',1,'sales.kanban','2020-11-27 21:32:02',NULL),(251,36,7,62,'commandAlert','john Larry a pris la commande SO-9949572 du client Passager',1,'sales.kanban','2020-11-27 21:32:02',NULL),(252,36,7,63,'commandAlert','john Larry a pris la commande SO-9949572 du client Passager',1,'sales.kanban','2020-11-27 21:32:02',NULL),(253,36,7,64,'commandAlert','john Larry a pris la commande SO-9949572 du client Passager',1,'sales.kanban','2020-11-27 21:32:02',NULL),(254,36,7,102,'commandAlert','john Larry a pris la commande SO-9949572 du client Passager',1,'sales.kanban','2020-11-27 21:32:02',NULL),(255,53,14,70,'validationAlert','Votre commande SO-2533379 a été validée',1,'sales.all','2020-11-28 16:07:37',NULL),(256,53,14,70,'validationAlert','Votre commande SO-8938077 a été validée',1,'sales.all','2020-12-01 08:54:30',NULL),(257,36,7,50,'commandAlert','john Larry a pris la commande SO-9565381 du client Passager',1,'sales.kanban','2020-12-02 07:57:30',NULL),(258,36,7,62,'commandAlert','john Larry a pris la commande SO-9565381 du client Passager',1,'sales.kanban','2020-12-02 07:57:30',NULL),(259,36,7,63,'commandAlert','john Larry a pris la commande SO-9565381 du client Passager',1,'sales.kanban','2020-12-02 07:57:31',NULL),(260,36,7,64,'commandAlert','john Larry a pris la commande SO-9565381 du client Passager',1,'sales.kanban','2020-12-02 07:57:31',NULL),(261,36,7,102,'commandAlert','john Larry a pris la commande SO-9565381 du client Passager',1,'sales.kanban','2020-12-02 07:57:31',NULL),(262,36,7,49,'validationAlert','Votre commande SO-9565381 a été validée',1,'sales.all','2020-12-02 07:58:01',NULL),(263,36,7,50,'commandAlert','john Larry a pris la commande SO-8094313 du client Passager',1,'sales.kanban','2020-12-02 17:20:12',NULL),(264,36,7,62,'commandAlert','john Larry a pris la commande SO-8094313 du client Passager',1,'sales.kanban','2020-12-02 17:20:12',NULL),(265,36,7,63,'commandAlert','john Larry a pris la commande SO-8094313 du client Passager',1,'sales.kanban','2020-12-02 17:20:12',NULL),(266,36,7,64,'commandAlert','john Larry a pris la commande SO-8094313 du client Passager',1,'sales.kanban','2020-12-02 17:20:12',NULL),(267,36,7,102,'commandAlert','john Larry a pris la commande SO-8094313 du client Passager',1,'sales.kanban','2020-12-02 17:20:12',NULL),(268,36,7,50,'commandAlert','john Larry a pris la commande SO-5256909 du client Passager',1,'sales.kanban','2020-12-05 10:37:12',NULL),(269,36,7,62,'commandAlert','john Larry a pris la commande SO-5256909 du client Passager',1,'sales.kanban','2020-12-05 10:37:12',NULL),(270,36,7,63,'commandAlert','john Larry a pris la commande SO-5256909 du client Passager',1,'sales.kanban','2020-12-05 10:37:12',NULL),(271,36,7,64,'commandAlert','john Larry a pris la commande SO-5256909 du client Passager',1,'sales.kanban','2020-12-05 10:37:12',NULL),(272,36,7,102,'commandAlert','john Larry a pris la commande SO-5256909 du client Passager',1,'sales.kanban','2020-12-05 10:37:12',NULL),(273,36,7,50,'commandAlert','Béeatrice Etoua a pris la commande SO-9619516 du client Passager',1,'sales.kanban','2020-12-05 10:42:35',NULL),(274,36,7,62,'commandAlert','Béeatrice Etoua a pris la commande SO-9619516 du client Passager',1,'sales.kanban','2020-12-05 10:42:35',NULL),(275,36,7,63,'commandAlert','Béeatrice Etoua a pris la commande SO-9619516 du client Passager',1,'sales.kanban','2020-12-05 10:42:35',NULL),(276,36,7,64,'commandAlert','Béeatrice Etoua a pris la commande SO-9619516 du client Passager',1,'sales.kanban','2020-12-05 10:42:35',NULL),(277,36,7,102,'commandAlert','Béeatrice Etoua a pris la commande SO-9619516 du client Passager',1,'sales.kanban','2020-12-05 10:42:35',NULL),(278,36,7,50,'commandAlert','Béeatrice Etoua a pris la commande SO-9923952 du client Passager',1,'sales.kanban','2020-12-05 11:20:46',NULL),(279,36,7,62,'commandAlert','Béeatrice Etoua a pris la commande SO-9923952 du client Passager',1,'sales.kanban','2020-12-05 11:20:46',NULL),(280,36,7,63,'commandAlert','Béeatrice Etoua a pris la commande SO-9923952 du client Passager',1,'sales.kanban','2020-12-05 11:20:46',NULL),(281,36,7,64,'commandAlert','Béeatrice Etoua a pris la commande SO-9923952 du client Passager',1,'sales.kanban','2020-12-05 11:20:46',NULL),(282,36,7,102,'commandAlert','Béeatrice Etoua a pris la commande SO-9923952 du client Passager',1,'sales.kanban','2020-12-05 11:20:46',NULL),(283,36,7,50,'commandAlert','john Larry a pris la commande SO-1589371 du client Passager',1,'sales.kanban','2020-12-07 11:44:26',NULL),(284,36,7,62,'commandAlert','john Larry a pris la commande SO-1589371 du client Passager',1,'sales.kanban','2020-12-07 11:44:26',NULL),(285,36,7,63,'commandAlert','john Larry a pris la commande SO-1589371 du client Passager',1,'sales.kanban','2020-12-07 11:44:26',NULL),(286,36,7,64,'commandAlert','john Larry a pris la commande SO-1589371 du client Passager',1,'sales.kanban','2020-12-07 11:44:26',NULL),(287,36,7,102,'commandAlert','john Larry a pris la commande SO-1589371 du client Passager',1,'sales.kanban','2020-12-07 11:44:26',NULL),(288,36,7,49,'validationAlert','Votre commande SO-1589371 a été validée',1,'sales.all','2020-12-07 11:46:04',NULL),(289,36,7,50,'commandAlert','Diana Alger a pris la commande SO-4710466 du client Passager',1,'sales.kanban','2020-12-07 12:05:14',NULL),(290,36,7,62,'commandAlert','Diana Alger a pris la commande SO-4710466 du client Passager',1,'sales.kanban','2020-12-07 12:05:15',NULL),(291,36,7,50,'commandAlert','Diana Alger a pris la commande SO-8894719 du client Passager',1,'sales.kanban','2020-12-07 12:05:15',NULL),(292,36,7,63,'commandAlert','Diana Alger a pris la commande SO-4710466 du client Passager',1,'sales.kanban','2020-12-07 12:05:15',NULL),(293,36,7,62,'commandAlert','Diana Alger a pris la commande SO-8894719 du client Passager',1,'sales.kanban','2020-12-07 12:05:15',NULL),(294,36,7,64,'commandAlert','Diana Alger a pris la commande SO-4710466 du client Passager',1,'sales.kanban','2020-12-07 12:05:15',NULL),(295,36,7,63,'commandAlert','Diana Alger a pris la commande SO-8894719 du client Passager',1,'sales.kanban','2020-12-07 12:05:15',NULL),(296,36,7,102,'commandAlert','Diana Alger a pris la commande SO-4710466 du client Passager',1,'sales.kanban','2020-12-07 12:05:15',NULL),(297,36,7,64,'commandAlert','Diana Alger a pris la commande SO-8894719 du client Passager',1,'sales.kanban','2020-12-07 12:05:15',NULL),(298,36,7,118,'commandAlert','Diana Alger a pris la commande SO-4710466 du client Passager',1,'sales.kanban','2020-12-07 12:05:15',NULL),(299,36,7,102,'commandAlert','Diana Alger a pris la commande SO-8894719 du client Passager',1,'sales.kanban','2020-12-07 12:05:15',NULL),(300,36,7,118,'commandAlert','Diana Alger a pris la commande SO-8894719 du client Passager',1,'sales.kanban','2020-12-07 12:05:15',NULL);
/*!40000 ALTER TABLE `notifications` ENABLE KEYS */;
UNLOCK TABLES;

--
-- Table structure for table `oauth_access_tokens`
--

DROP TABLE IF EXISTS `oauth_access_tokens`;
/*!40101 SET @saved_cs_client     = @@character_set_client */;
/*!50503 SET character_set_client = utf8mb4 */;
CREATE TABLE `oauth_access_tokens` (
  `id` varchar(100) COLLATE utf8mb4_unicode_ci NOT NULL,
  `user_id` bigint(20) unsigned DEFAULT NULL,
  `client_id` bigint(20) unsigned NOT NULL,
  `name` varchar(191) COLLATE utf8mb4_unicode_ci DEFAULT NULL,
  `scopes` text COLLATE utf8mb4_unicode_ci,
  `revoked` tinyint(1) NOT NULL,
  `created_at` timestamp NULL DEFAULT NULL,
  `updated_at` timestamp NULL DEFAULT NULL,
  `expires_at` datetime DEFAULT NULL,
  PRIMARY KEY (`id`),
  KEY `oauth_access_tokens_user_id_index` (`user_id`)
) ENGINE=InnoDB DEFAULT CHARSET=utf8mb4 COLLATE=utf8mb4_unicode_ci;
/*!40101 SET character_set_client = @saved_cs_client */;

--
-- Dumping data for table `oauth_access_tokens`
--

LOCK TABLES `oauth_access_tokens` WRITE;
/*!40000 ALTER TABLE `oauth_access_tokens` DISABLE KEYS */;
INSERT INTO `oauth_access_tokens` VALUES ('005d3a076677449e558a5c50326512b45b5b5457c9fa54212a96339abfd7ddbee2ceeddf57ba2f27',15,1,'Personal_Access_Token','[]',1,'2020-09-18 22:16:09','2020-09-18 22:16:09','2021-03-18 22:16:08'),('0101471326e4c042a6c5954c12476d5bd20061b0923c8611877158285a96983675919054436fbb1a',8,1,'Personal_Access_Token','[]',0,'2020-09-08 18:00:25','2020-09-08 18:00:25','2021-03-08 18:00:25'),('0223dc3a92ee43715817453665ba50f8ee17494f7b45bb94ae852416a1d805f59c26fd67eb7a3caa',9,1,'Personal_Access_Token','[]',0,'2020-11-10 09:51:15','2020-11-10 09:51:15','2021-05-10 09:51:14'),('0252951705a56569b7980059ff90465e02ab40b5eb78d5ead1d7c0935887551209edba6ee61ab48d',68,1,'Personal_Access_Token','[]',0,'2020-10-13 10:27:18','2020-10-13 10:27:18','2021-04-13 10:27:17'),('03e1637cbc816ece7f30ddeba12fbbdf94d8a22339c14022c1572103b1d54e62db65f311f31070b7',8,1,'Personal_Access_Token','[]',0,'2020-11-09 14:05:36','2020-11-09 14:05:36','2021-05-09 14:05:35'),('084d5054964b89952ce41f08be47ed15da93b30eea50e5133505a3b10c41050ee58126ad3a7e553e',8,1,'Personal_Access_Token','[]',0,'2020-12-02 11:16:22','2020-12-02 11:16:22','2021-06-02 11:16:21'),('08b5feb10391d627b9744753be54b63d63583dd9311c8c54a2c5f1036e77f13d3a9c9df08f90e79b',8,1,'Personal_Access_Token','[]',0,'2020-09-18 23:26:00','2020-09-18 23:26:00','2021-03-18 23:25:59'),('092c33cbd16a6cb6e14b8e36568ade3d11c8d37316389239948c257bd77ee8cc3cb725eaf7711340',8,1,'Personal_Access_Token','[]',0,'2020-09-14 18:34:15','2020-09-14 18:34:15','2021-03-14 18:34:13'),('0a665c45553df8cd33134a6a1949c3ef01e43d513e8525d312afd09dc116baee411481c8d50b0f81',68,1,'Personal_Access_Token','[]',0,'2020-10-13 09:10:15','2020-10-13 09:10:15','2021-04-13 09:10:14'),('0b9f77a05e5dec056e73d8c6d573283b3b07143ebb94d865cbe8c8213284a860b1d27dcc0a2ced71',70,1,'Personal_Access_Token','[]',0,'2020-11-05 17:09:22','2020-11-05 17:09:22','2021-05-05 17:09:21'),('0c81cf79946d8c96bb65da92182b7931f2175e7b7089d21d153f7ee2dc415174a50d6bd4c0c3703c',8,1,'Personal_Access_Token','[]',0,'2020-09-04 15:59:32','2020-09-04 15:59:32','2021-03-04 15:59:31'),('0d04b221171b1e5a42b50a3a26b1047ca9f3fe70d084dac4802e9cecbc7b9fc4dedec4aacfeb21ad',15,1,'Personal_Access_Token','[]',0,'2020-09-04 10:50:49','2020-09-04 10:50:49','2021-03-04 10:50:48'),('0d1a6ebb73bd7d56f64723b078e1774811e5c31b9c6a961c70675860f38223964c7c4f173d137889',68,1,'Personal_Access_Token','[]',0,'2020-10-13 09:12:47','2020-10-13 09:12:47','2021-04-13 09:12:46'),('0db8d969e185e9073f3b5e1eca2cf40ec8e48508d0bf64be83559e149e72ffde8636906a4ea5d5d0',8,1,'Personal_Access_Token','[]',0,'2020-11-08 22:03:44','2020-11-08 22:03:44','2021-05-08 22:03:43'),('0ddef711f227aa2610cf0e9ebfc445e289961df5a877695030db26cea97f22bf59c5b3cf23de370b',114,1,'Personal_Access_Token','[]',1,'2020-12-02 17:41:06','2020-12-02 17:41:06','2021-06-02 17:41:05'),('0e1ae9faf03bbda909ba454e6fb6a8286d4feeeb2ed44f25f39037cba75c736f169fec4869dc3936',8,1,'Personal_Access_Token','[]',0,'2020-11-04 17:52:00','2020-11-04 17:52:00','2021-05-04 17:52:00'),('0eab3ea354c5416d3ca887e28f92418a568ea38eebf1cf48e95e0f6c747e1a91699ce824c43ec736',49,1,'Personal_Access_Token','[]',0,'2020-10-13 23:14:17','2020-10-13 23:14:17','2021-04-13 23:14:16'),('0f07c1ee4a7a8827902f38b852b1defa6241edc3fec744aacca06d0e8a2bc090d5a042e8b825c31e',49,1,'Personal_Access_Token','[]',0,'2020-11-02 22:38:23','2020-11-02 22:38:23','2021-05-02 22:38:22'),('12075382a6e3204ec34b71d39c5f5e56922ce7003c0d31edf9918dd0e5e10bdd6b244631c97fc4ff',49,1,'Personal_Access_Token','[]',0,'2020-10-13 21:18:57','2020-10-13 21:18:57','2021-04-13 21:18:54'),('139d7e755e6fc3a04fa3874269345518328f77348ac96f0e4d4d82956503b9c93dde639a42306269',8,1,'Personal_Access_Token','[]',1,'2020-11-10 03:58:37','2020-11-10 03:58:37','2021-05-10 03:58:36'),('141a310f66c936242d16bce3f8678c3e4ae306196037b556797723b0b93c48a7269216a5225d25be',49,1,'Personal_Access_Token','[]',1,'2020-10-13 17:30:22','2020-10-13 17:30:22','2021-04-13 17:30:21'),('14a11976397bc00f16e4320ad8ce19d638b772296df0355327211e2ef538b1f65e0ac9fdb001fafd',81,1,'Personal_Access_Token','[]',0,'2020-11-04 17:28:03','2020-11-04 17:28:03','2021-05-04 17:28:02'),('14e640d1dd64b64cca9afd5a0f1646cca9097705cfb291ff1fe51de0a39fa68d4447d87f625fb142',8,1,'Personal_Access_Token','[]',1,'2020-09-08 15:58:23','2020-09-08 15:58:23','2021-03-08 15:58:21'),('16591a07c000f7086ba6230b6a1328b8d29cb9c5bd319ed7ac225915e6775813b2df028d44b90798',8,1,'Personal_Access_Token','[]',0,'2020-09-18 20:58:32','2020-09-18 20:58:32','2021-03-18 20:58:31'),('17ed1721819515c8cd0b33457e149e03a4e25f9d5e9a6639f7fcd86e0281b37273c958d4ba39c5bd',8,1,'Personal_Access_Token','[]',0,'2020-09-04 15:48:48','2020-09-04 15:48:48','2021-03-04 15:48:48'),('1a5e4dd30baeed041753296d2765b6f153196666f02d9701489e38777812cc8cd424c0b382f8816b',8,1,'Personal_Access_Token','[]',0,'2020-11-10 03:06:22','2020-11-10 03:06:22','2021-05-10 03:06:21'),('1ec472222afd00482a9a42b4805133b0b39cc7892801c441470b9c6e866c6f784a6bec0a9bbfea49',8,1,'Personal_Access_Token','[]',1,'2020-11-09 12:31:01','2020-11-09 12:31:01','2021-05-09 12:31:00'),('20de1f52ac8254c1d8a6763644af06f17623e88e02c8c690856b8ee54198214f0159d0718878dca3',49,1,'Personal_Access_Token','[]',0,'2020-09-22 09:28:53','2020-09-22 09:28:53','2021-03-22 09:28:53'),('20f0a40706f03b09afe663e5b24984775d4cc37c58aff9dc702a9362230e26648f41c61060c030ad',49,1,'Personal_Access_Token','[]',0,'2020-10-13 21:30:28','2020-10-13 21:30:28','2021-04-13 21:30:27'),('223668072afa59e1a8d0a227d1f8d51e4cb9a8941f2e97fe4e83435198c2020cb27e3359e7f24bd9',70,1,'Personal_Access_Token','[]',0,'2020-11-06 17:13:16','2020-11-06 17:13:16','2021-05-06 17:13:16'),('2273c73374e99a2c6dc25bedeeb54d45e7f9c0d414900daf52781216c914c89b1667f647f41866e6',49,1,'Personal_Access_Token','[]',1,'2020-09-21 20:58:47','2020-09-21 20:58:47','2021-03-21 20:58:46'),('23026261e9b7ad41f56dd8250556cbcb9f2d7a0e8c50e267e68088e22971f68ab9c4c4d8a47aefec',15,1,'Personal_Access_Token','[]',0,'2020-09-04 14:48:44','2020-09-04 14:48:44','2021-03-04 14:48:43'),('239540bde79fd856d7a7c88af519c520a9f9f0d2d25651fd9ee7e8350820ce2b803c94858556a713',70,1,'Personal_Access_Token','[]',0,'2020-11-09 19:39:40','2020-11-09 19:39:40','2021-05-09 19:39:39'),('239e8935b3c8b2c2951a83dd4344325d37fc454033f5c8a642b4e6ee8c77c683ed9f33f0ce6b0175',9,1,'Personal_Access_Token','[]',1,'2020-11-10 09:33:35','2020-11-10 09:33:35','2021-05-10 09:33:34'),('245dc8f977724ea67a6c877dcd17bfa0673413bf6adb14ca4bb415ec8edeb09d46b9f012e5554ab4',8,1,'Personal_Access_Token','[]',0,'2020-09-08 18:31:09','2020-09-08 18:31:09','2021-03-08 18:31:08'),('2591685afeae4cfe4929c4d15ffb2d4463da812331a8a838da45c0ab0a10860c8ffb9144a723163d',52,1,'Personal_Access_Token','[]',1,'2020-12-07 11:55:05','2020-12-07 11:55:05','2021-06-07 11:55:04'),('25eb2261b9b43487a170ae8905e76617a6b0f674e5acce63a90beea3f6fa154a4b406b6fdc0d9d22',42,1,'Personal_Access_Token','[]',1,'2020-09-08 17:54:37','2020-09-08 17:54:37','2021-03-08 17:54:36'),('2633c6e97e1aa075d986bd96f8bdf2f15e54c67f7d5ba209e8908895ea76b2823a189b80ec6b1a1c',8,1,'Personal_Access_Token','[]',0,'2020-09-04 12:28:21','2020-09-04 12:28:21','2021-03-04 12:28:20'),('26cfdafa0342a0866758df188c6d5911822bce5deeed69f51002e9e07ef9c3b013a437ebf0572ace',67,1,'Personal_Access_Token','[]',0,'2020-10-13 10:51:49','2020-10-13 10:51:49','2021-04-13 10:51:48'),('2949092f6b3ccd661314f87b51a2e8cf312093814446727de5b34b2b4ef2c4c06d0fe8dcdaf215c6',6,1,'Personal_Access_Token','[]',1,'2020-11-03 14:34:54','2020-11-03 14:34:54','2021-05-03 14:34:53'),('29a63b140ee8bda34375b0e271938f4b215b808eda72995c5997cbc556cff59167dba4bb3f005854',68,1,'Personal_Access_Token','[]',0,'2020-10-13 11:22:55','2020-10-13 11:22:55','2021-04-13 11:22:54'),('2a611bd5e7a26558d81153308e76691c5d2dcde85cb0e0d75fa42b3733e659634eb0bcc58feccd6e',70,1,'Personal_Access_Token','[]',0,'2020-11-05 17:52:29','2020-11-05 17:52:29','2021-05-05 17:52:28'),('2a6e5c2511f9a913af5b47a4420c232f11cdc829de22debf09d8430ca2f083d39fde537b2fb24b78',49,1,'Personal_Access_Token','[]',1,'2020-09-22 09:14:52','2020-09-22 09:14:52','2021-03-22 09:14:51'),('2b34464de8b8216a1a51e2f7a2730462c3ca2c88bc4e2455591e6c37cd94bd7edb45eebcded2bc8e',49,1,'Personal_Access_Token','[]',0,'2020-09-25 16:43:04','2020-09-25 16:43:04','2021-03-25 16:43:03'),('2e10b600d8897e8e1e5a799672c9320e512ce3572f82b324726b3a8e8dad4e6e4bed65ccdca3bef3',52,1,'Personal_Access_Token','[]',0,'2020-11-04 07:36:17','2020-11-04 07:36:17','2021-05-04 07:36:16'),('2e15ce9af0ef2586cc694960c1d4fc20f40da04d49b41ebd7dd6f9402ba9f918e4717a9f20c87e18',8,1,'Personal_Access_Token','[]',0,'2020-09-08 16:44:50','2020-09-08 16:44:50','2021-03-08 16:44:49'),('2f15a120e086c1d17097521e69df7831e3011573980aa893ea6f46f6a082f591ed195f6653031ca7',68,1,'Personal_Access_Token','[]',0,'2020-10-12 15:40:28','2020-10-12 15:40:28','2021-04-12 15:40:27'),('2f4ab836d9e31c9c8d047070687f017b6c0907987dd348ce4b482f864d597c333e67d9cc083c1ce6',67,1,'Personal_Access_Token','[]',1,'2020-10-11 13:53:41','2020-10-11 13:53:41','2021-04-11 13:53:41'),('30216ae4c80cfbf3d759e8f190909f4d4c1421abba2d1490acdbe59dd92ef559cf535bb9e3b64383',70,1,'Personal_Access_Token','[]',0,'2020-11-08 17:22:00','2020-11-08 17:22:00','2021-05-08 17:21:59'),('30b54abd3cfcd8e0243cd5840fba732956a3b80f09a7143c09153874cb49673318a572aca292a4b3',8,1,'Personal_Access_Token','[]',1,'2020-11-13 18:06:29','2020-11-13 18:06:29','2021-05-13 18:06:28'),('33403410918def558cddd732b6156acf10bf3e026e39e8400782265cd1889d7eaae5004dfd73f3bc',8,1,'Personal_Access_Token','[]',1,'2020-10-12 03:27:51','2020-10-12 03:27:51','2021-04-12 03:27:50'),('33e7a1dcbaa29dd2a046f1fe41f1ed48999c71f07dc8b62162f715dcc73f037b01c3c70c23a8da49',8,1,'Personal_Access_Token','[]',0,'2020-10-12 01:36:02','2020-10-12 01:36:02','2021-04-12 01:36:01'),('38ea366edf19253535dd9ccbed871f200e1e87d2039e6d25f0563ff08c9a9f6ccff0b78d610c0088',68,1,'Personal_Access_Token','[]',1,'2020-10-12 15:04:36','2020-10-12 15:04:36','2021-04-12 15:04:35'),('3913ff43a69ef80ea17a33985df9ea1c26119ecb9a354750b4f0510d32a907482e9c557786da43cc',49,1,'Personal_Access_Token','[]',1,'2020-10-04 18:41:03','2020-10-04 18:41:03','2021-04-04 18:41:01'),('3a76d219bf026d1e102502b8ad4e36b8db6da1c6fc78b12c1e3b813bf8c66e8c574f625a52691f77',8,1,'Personal_Access_Token','[]',1,'2020-11-10 03:20:39','2020-11-10 03:20:39','2021-05-10 03:20:38'),('3ad7ec574f11f1485d6111d6109b06457262b2e77b30817fcd2fe31ec5053df30953722448d644bb',70,1,'Personal_Access_Token','[]',0,'2020-11-05 18:30:50','2020-11-05 18:30:50','2021-05-05 18:30:49'),('3ca12320fb25a31fec4ca2b2e1f23a7dad8c405b54b7a4294ff0af3240e8e29c9d1f19ba6ad9b79a',49,1,'Personal_Access_Token','[]',0,'2020-10-13 15:44:42','2020-10-13 15:44:42','2021-04-13 15:44:40'),('3cdcd0b9702bef89447ef939a38307f6e4cf1a308130b93871c4ac89305c74a591393af8ff25f0ef',8,1,'Personal_Access_Token','[]',1,'2020-10-09 15:48:43','2020-10-09 15:48:43','2021-04-09 15:48:42'),('3e7d01aa102ed7a84e74b36788a3748594bb7ca66be2fdf60b80e160d3d36f1f94e2622e0184e607',42,1,'Personal_Access_Token','[]',1,'2020-09-16 23:12:52','2020-09-16 23:12:52','2021-03-16 23:12:51'),('3ea4e8b39c08147bf4cbc13e7493395fc44565be67676450b17a2bf6a175f1bd0b21ae0f635777bb',15,1,'Personal_Access_Token','[]',0,'2020-09-04 12:54:11','2020-09-04 12:54:11','2021-03-04 12:54:10'),('41152b2c5dfeaa8a5d13ac8f28780e0ee2aaab092201c66d97e4512797799839023188e5c27cb16d',67,1,'Personal_Access_Token','[]',0,'2020-10-12 05:08:42','2020-10-12 05:08:42','2021-04-12 05:08:41'),('415eb25986b247f986241a2a959e8b7c15c5593d85728b69bcd6c52d2974ef0c967e9cdd01142f7e',70,1,'Personal_Access_Token','[]',1,'2020-11-20 01:05:11','2020-11-20 01:05:11','2021-05-20 01:05:10'),('41ea66d9f1ea722a380739b9449f19bcf034fc97c5fccf20d5ba3ce0d4690642d6f945e64ff9f5d3',70,1,'Personal_Access_Token','[]',1,'2020-11-10 17:51:55','2020-11-10 17:51:55','2021-05-10 17:51:54'),('42cb970008710f3cc91daf3375db643aac8c831becbc393181a472997963e51e3a14773829a27296',9,1,'Personal_Access_Token','[]',0,'2020-09-07 01:57:16','2020-09-07 01:57:16','2021-03-07 01:57:15'),('43dc9eb0925f097e24b3a7f0914a952634e03a6a6f1f72103d5eb698142083f640bebb4e25a9f350',67,1,'Personal_Access_Token','[]',1,'2020-10-12 15:06:56','2020-10-12 15:06:56','2021-04-12 15:06:55'),('4735d5b82f4fae02edf6c9705569746ab26206f54e75d53b799593a19b5ad0d39ea4ab1288231202',8,1,'Personal_Access_Token','[]',1,'2020-11-04 17:23:44','2020-11-04 17:23:44','2021-05-04 17:23:43'),('494f7b322626b938af4769cdd69b17e1e57ccb20a7ea835b4ff928688a2de3d14362978240d10633',9,1,'Personal_Access_Token','[]',0,'2020-09-14 20:34:16','2020-09-14 20:34:16','2021-03-14 20:34:15'),('4d201a13aa3e588713a08026959015c087429036759879ebddd2f37200361f03833b66c0c790d068',70,1,'Personal_Access_Token','[]',0,'2020-11-09 17:58:38','2020-11-09 17:58:38','2021-05-09 17:58:37'),('4d5528c9f31c1d7cb76ad3231a230c8d3583b4f89c1e49098657f5beb7545fe28b1bb7ba1633ee76',70,1,'Personal_Access_Token','[]',0,'2020-11-05 16:45:48','2020-11-05 16:45:48','2021-05-05 16:45:46'),('4de31cde377ba776ea5b835b47656034c37f0aa0c2eb3086efe6dc591c35dc0f367068ce9ba787f3',49,1,'Personal_Access_Token','[]',1,'2020-11-04 07:29:50','2020-11-04 07:29:50','2021-05-04 07:29:49'),('4f2193f7f40188948f543de31ca317ae7d1c6b0319df0ec4da12f0acadab8811c1455ee575a57b99',8,1,'Personal_Access_Token','[]',0,'2020-09-04 14:45:20','2020-09-04 14:45:20','2021-03-04 14:45:19'),('5237088998b499edcd53611cc6e4321dbb4ef6dc7522478307dcef843985aee8a8d46d17ee168700',8,1,'Personal_Access_Token','[]',0,'2020-11-03 21:26:22','2020-11-03 21:26:22','2021-05-03 21:26:21'),('526445e150bb6adf539918b828b23328dfc9c35043f6a177fdd092c3005d0e5068e758e717af6db0',15,1,'Personal_Access_Token','[]',0,'2020-09-04 12:10:49','2020-09-04 12:10:49','2021-03-04 12:10:48'),('52a019cb5ac4a63943ebeb8dbfb7705e2929487d0b5f8724a02612153964a712b814ba0bcd1b336b',50,1,'Personal_Access_Token','[]',0,'2020-12-02 07:59:18','2020-12-02 07:59:18','2021-06-02 07:59:17'),('52f60c698c3bcab69174c20788c8ad3c466fccd68e022568d6f7ad279980c465043af07c7cfd0749',52,1,'Personal_Access_Token','[]',0,'2020-11-04 17:35:26','2020-11-04 17:35:26','2021-05-04 17:35:25'),('5333a763e6e7172b648d5e7500e07c9448345c19dc7721694bda7219ca922d14e3f41868baeb9ac9',49,1,'Personal_Access_Token','[]',0,'2020-11-10 19:07:02','2020-11-10 19:07:02','2021-05-10 19:06:59'),('55f85b192b05ba577cbd8bd227a1b18097ec2a964d715394a2d7c8f7e960cc5bbca80367b44c81df',49,1,'Personal_Access_Token','[]',0,'2020-10-13 10:43:22','2020-10-13 10:43:22','2021-04-13 10:43:21'),('5752c6cd93670d069b6f72b41aea0a33d984b6e929b41bf6199120838d5825765e7618c0b8e90eae',8,1,'Personal_Access_Token','[]',1,'2020-11-09 21:11:22','2020-11-09 21:11:22','2021-05-09 21:11:21'),('5781779b6822a7ee70168686fb148db710641cb3f25f55e4005bbc6aa6e99f42a1213a238fe886fb',8,1,'Personal_Access_Token','[]',0,'2020-11-08 23:16:05','2020-11-08 23:16:05','2021-05-08 23:16:04'),('585036b4aa353826ea83518c2ad14bb63f6b5839baf8b90fdcbfc4bbcc325d578c8fc156fdee4286',15,1,'Personal_Access_Token','[]',0,'2020-09-04 17:03:18','2020-09-04 17:03:18','2021-03-04 17:03:17'),('585398de373f1342b4eba0270f3a2e560edd315e989dac9a69f56d4acf10804fb19285cec41bb4bb',68,1,'Personal_Access_Token','[]',1,'2020-10-13 09:47:16','2020-10-13 09:47:16','2021-04-13 09:47:15'),('59130f212de48b45f8b04397eac991f064eb00ffad40f5c6f6c61ac28d6740233b04b2dc4107b854',100,1,'Personal_Access_Token','[]',1,'2020-11-11 18:31:14','2020-11-11 18:31:14','2021-05-11 18:31:13'),('59910a5f134df490df79eaa3be9634f0e25615f066f5890e456be3f38184f4631efd961d31fc255e',70,1,'Personal_Access_Token','[]',0,'2020-11-09 19:11:59','2020-11-09 19:11:59','2021-05-09 19:11:58'),('5fe8e9ff7201859f1fa9492c1103ecf447d92d344959588314f454ec1e6c68a9ed016caa0e7b3a92',70,1,'Personal_Access_Token','[]',1,'2020-11-10 17:59:02','2020-11-10 17:59:02','2021-05-10 17:59:01'),('60321badbcb6d893588a35449cea2f9c438090e4df8b3b4b18d5b0682e7dc0dfaa9bc54540c6a58f',42,1,'Personal_Access_Token','[]',1,'2020-10-10 17:00:55','2020-10-10 17:00:55','2021-04-10 17:00:54'),('61f798fa178737d4d47418f2cbb07eb697876bfab75945639ef9724bb021eb81c354b0c6b8131157',49,1,'Personal_Access_Token','[]',0,'2020-10-13 10:37:40','2020-10-13 10:37:40','2021-04-13 10:37:39'),('62aaf7b12ab543044db005bf01111984aeabc19e84c0b74c484fae157dc2e171ea2d9a4e345543e4',8,1,'Personal_Access_Token','[]',0,'2020-11-20 00:31:08','2020-11-20 00:31:08','2021-05-20 00:31:07'),('63687f868846f41e6e48e65a2b21c3b7ea82fcc8490b642e9471e3797deba1c36ff2d091019537ac',113,1,'Personal_Access_Token','[]',1,'2020-12-01 09:08:55','2020-12-01 09:08:55','2021-06-01 09:08:54'),('639f890eb9eeb35ca8580151586306ca2ef3290296e061d8de2e87d151b9033151e58684138f2e37',8,1,'Personal_Access_Token','[]',0,'2020-09-04 14:45:58','2020-09-04 14:45:58','2021-03-04 14:45:57'),('63cf7252c06f6267de1541ed09275d27eb45b6f3756ba1bcd4afaf92347b72470bc4cf68b3639315',93,1,'Personal_Access_Token','[]',1,'2020-11-10 17:46:27','2020-11-10 17:46:27','2021-05-10 17:46:26'),('667cb64f78af3b5f711796d6e10b81efba7acff5d1fe65bf8b767d8ea63d5e8d07c128f124f3009a',68,1,'Personal_Access_Token','[]',1,'2020-10-13 09:01:34','2020-10-13 09:01:34','2021-04-13 09:01:33'),('673bbbe9838a76a12a28bdce603fbb5494d968e7c4272116e929e579100b8aa3975f4c0e7829411f',93,1,'Personal_Access_Token','[]',1,'2020-11-10 17:28:19','2020-11-10 17:28:19','2021-05-10 17:28:18'),('683835344d9ecc04c71e573501a08a796c5a0f8bb16905573adb330b7c738bcd1befc14bb069c7be',8,1,'Personal_Access_Token','[]',0,'2020-09-04 10:50:17','2020-09-04 10:50:17','2021-03-04 10:50:16'),('68f8f33bd636a38c21a7d26cec5258e03a504e7d179d4a63b4280280adf0d3e679975a8a8c5e4e6b',8,1,'Personal_Access_Token','[]',0,'2020-11-03 08:46:20','2020-11-03 08:46:20','2021-05-03 08:46:19'),('69abd18b2d86b7eff3c95b3be637be004b9e3e853b36ff3d223da874d88070c3d25d19744a612b2f',68,1,'Personal_Access_Token','[]',0,'2020-10-13 09:03:50','2020-10-13 09:03:50','2021-04-13 09:03:49'),('69b7d9ac85583c3cf8c45da74d8e6982f9dc44951ec95744748fc10ddb3bb57823028b4cec42ba6e',8,1,'Personal_Access_Token','[]',0,'2020-12-07 18:14:01','2020-12-07 18:14:01','2021-06-07 18:14:00'),('6b50edd47e4643c32a96056ced29e7ee2dbaf52ac2b8126630f4ff170576fd35ae5a9edacd48d2f2',6,1,'Personal_Access_Token','[]',1,'2020-11-14 23:14:40','2020-11-14 23:14:40','2021-05-14 23:14:39'),('6b65be4e6dfb5ca235868c2b5ba658da8dc2d31fa8ab7543c7033d1b9b0fdb116b60921520114b68',70,1,'Personal_Access_Token','[]',0,'2020-11-05 17:04:26','2020-11-05 17:04:26','2021-05-05 17:04:25'),('6bae8879657451aa6ac2b6ceff495661ec0395b163da5a3174bc9abc937ffdfc75502c6bd6c65fae',70,1,'Personal_Access_Token','[]',0,'2020-11-09 19:39:08','2020-11-09 19:39:08','2021-05-09 19:39:07'),('6bc8222e8aadf17d67ec1fc88d4559084fb5901c0d04286576660f87508bde65d415e4a3bf4e73ae',9,1,'Personal_Access_Token','[]',1,'2020-09-15 11:28:34','2020-09-15 11:28:34','2021-03-15 11:28:33'),('6d6b66737d33e59dec90b8723397153bf179210b9e6b889429a8f93f35f223063492c2db013c6bd6',1,1,'Personal_Access_Token','[]',0,'2020-09-14 20:36:20','2020-09-14 20:36:20','2021-03-14 20:36:19'),('6ee87911bfa990ee907f2fab82e78d8a4fa144a51bcf6a366d343cd07c493cea920765a07c007bf6',70,1,'Personal_Access_Token','[]',0,'2020-11-09 19:22:20','2020-11-09 19:22:20','2021-05-09 19:22:19'),('704dac635c683709d74d69392a10b5a8d9055b6e3b4293b6859a04c491c5837d150bf2df50e97a58',70,1,'Personal_Access_Token','[]',0,'2020-11-09 17:53:30','2020-11-09 17:53:30','2021-05-09 17:53:29'),('708c1ad8b570502f956669f66fb6cf8d1aa15abc592e4efe176d0e7c04b4a3c640f6e9e3a17daa3c',70,1,'Personal_Access_Token','[]',1,'2020-11-09 17:14:48','2020-11-09 17:14:48','2021-05-09 17:14:47'),('7442d35751675cbe5e31a1d63ce4049b62da84e4a75d1615bdb84e816b4be7fabfb527413b1325e1',52,1,'Personal_Access_Token','[]',0,'2020-11-04 06:10:38','2020-11-04 06:10:38','2021-05-04 06:10:37'),('749458df204f58a2c46baabc68c2b4a5f5f5ffc1add04bf06c44baf5eb898106833f4a672d545d4e',42,1,'Personal_Access_Token','[]',1,'2020-09-18 21:01:05','2020-09-18 21:01:05','2021-03-18 21:01:04'),('75e17258c480cd5f58c0e69090ec693466203a26c1c8fd6b25c9ead6cc7c9f54fa5191baa01f628a',9,1,'Personal_Access_Token','[]',0,'2020-09-07 03:43:23','2020-09-07 03:43:23','2021-03-07 03:43:22'),('761c0106030374d88bf83e04cdcc9587cb2b4ec6b76e8a15c44bdf0d966bceaba99167bc491276e2',8,1,'Personal_Access_Token','[]',0,'2020-12-02 02:01:33','2020-12-02 02:01:33','2021-06-02 02:01:32'),('76b0cef84a57cb324a04c845ae849741f2056f623cafbdcaeab346c555050d1698dfef9bbd4a9ec2',6,1,'Personal_Access_Token','[]',1,'2020-11-14 23:15:29','2020-11-14 23:15:29','2021-05-14 23:15:28'),('76ef592e749906b6607f336c0b0f1779247c7038c518eda97a959a9bdd2f6a1383bc73c821c1bce3',68,1,'Personal_Access_Token','[]',1,'2020-10-13 10:09:25','2020-10-13 10:09:25','2021-04-13 10:09:24'),('77c0c2e4013d9c0e3208f76acf69b7e3ac939000dee01aa8fe0620d849d4cfd6cc3fad0db7273a71',68,1,'Personal_Access_Token','[]',0,'2020-10-13 22:39:53','2020-10-13 22:39:53','2021-04-13 22:39:52'),('78777d4ef9a2be28e74f55be31d453e7aa762b748770cebb0e2c6aac0d992613d2c58404d7a2f8e4',93,1,'Personal_Access_Token','[]',1,'2020-11-10 17:30:14','2020-11-10 17:30:14','2021-05-10 17:30:13'),('7885361e407fab90abc84b04b6fa904ee63e1dfdbfcda27380da05456fd6ac349d48b9212c2a03d4',68,1,'Personal_Access_Token','[]',0,'2020-10-13 08:56:16','2020-10-13 08:56:16','2021-04-13 08:56:15'),('78c26de9893e6ba15bfa752840ccfae8249d67d73c378c2a3668cac90305d7d5f25087e4ab8b4d42',8,1,'Personal_Access_Token','[]',1,'2020-09-08 17:48:38','2020-09-08 17:48:38','2021-03-08 17:48:37'),('795dfb175bc4a09cd476df1c1c75ebc39100bae6a5d4121d24bf1d8883f577961aba22918344e567',8,1,'Personal_Access_Token','[]',0,'2020-09-04 16:21:38','2020-09-04 16:21:38','2021-03-04 16:21:37'),('7a1b5f7e57314ad7c8c01e61a2e6e46e48a0a59bd8342277cb8a09f072d97e01b27538a6092b0b6f',8,1,'Personal_Access_Token','[]',0,'2020-11-04 17:45:24','2020-11-04 17:45:24','2021-05-04 17:45:23'),('7b97f2238a3ac2adc6e1a6b6bd3b230a35b1b9b62e77016fb5283f1abce653fed066e444327841ac',6,1,'Personal_Access_Token','[]',1,'2020-12-01 07:34:06','2020-12-01 07:34:06','2021-06-01 07:34:05'),('7c3ada6b634cb0f0e1b68b526aaaf57c7f2c0cebc8c426f072e0b00e346e531d2d1f66b5ce96f7ff',8,1,'Personal_Access_Token','[]',0,'2020-11-09 00:03:18','2020-11-09 00:03:18','2021-05-09 00:03:17'),('8039999d0c69a637b559c9236192831d3e85ae2f60215ccf4dbfe1ae7b29c5c5c3307af19cc17e4a',23,1,'Personal_Access_Token','[]',0,'2020-09-17 06:33:26','2020-09-17 06:33:26','2021-03-17 06:33:25'),('817c6d04cce519e26adbc37696e09eb1d84378522626abd99e98f2f29c7c5641827c2e919ee40d5c',8,1,'Personal_Access_Token','[]',0,'2020-11-03 18:10:42','2020-11-03 18:10:42','2021-05-03 18:10:41'),('8236bd22d2e0b4d3f9f6e91e0af03a4d9b9b7abc8bae0b9275de5eaee7e89e5268f0ee19780fe9a1',8,1,'Personal_Access_Token','[]',1,'2020-11-09 16:45:34','2020-11-09 16:45:34','2021-05-09 16:45:33'),('837286cdb468a3ab24379663a07586da8ad6ecdbb56e7060a1615d9878006cdbce06f81ec7d28d7c',49,1,'Personal_Access_Token','[]',1,'2020-09-23 10:42:00','2020-09-23 10:42:00','2021-03-23 10:41:59'),('852b4b5c4ab4077b587c9cf4ea60d0488a4f17064928fd71af8355e1470101be1d291198e58d4c90',67,1,'Personal_Access_Token','[]',1,'2020-10-12 08:07:09','2020-10-12 08:07:09','2021-04-12 08:07:08'),('87cf766cf7cc81cb7716ebc47ca9ea9b38b971ac01969ed982b0271e1296520a8fa907ac702818f9',8,1,'Personal_Access_Token','[]',1,'2020-11-04 17:55:16','2020-11-04 17:55:16','2021-05-04 17:55:15'),('8949ec3587c35289b0ddf3a6ed4fc5a34d01db3f4f8aec38d84e21fbd6f8ad30c8b8832206175788',8,1,'Personal_Access_Token','[]',0,'2020-09-04 18:35:23','2020-09-04 18:35:23','2021-03-04 18:35:22'),('8a15283a54ff0d8b57f743ab0d3099995ccea3469531b832237b8595d0e95edfd26f8f4d4ef714dd',15,1,'Personal_Access_Token','[]',0,'2020-09-04 12:29:41','2020-09-04 12:29:41','2021-03-04 12:29:40'),('8a998523ec04d192f24d75e1dc076ad45f51ab73943dfba9d24ee8728cbd000663d50ba10a62e890',49,1,'Personal_Access_Token','[]',1,'2020-11-10 15:01:54','2020-11-10 15:01:54','2021-05-10 15:01:53'),('8b37993393332c16951bb0b7ee9e6838e88914798ed97c6703f6838b0807450330406abd60a58427',8,1,'Personal_Access_Token','[]',0,'2020-11-09 13:03:33','2020-11-09 13:03:33','2021-05-09 13:03:33'),('8eab44d06c9cd51db0cf0e38288ac8234a995093563c81cc3dec7639c6e6baf8f13f6f26747c6466',8,1,'Personal_Access_Token','[]',0,'2020-11-08 19:55:27','2020-11-08 19:55:27','2021-05-08 19:55:26'),('91f1b1d29b5fd21ec9a3b0d48f10824b4742361125828b61abac2aabd40f73ddc8b460bb5e9d8011',50,1,'Personal_Access_Token','[]',1,'2020-12-07 11:45:53','2020-12-07 11:45:53','2021-06-07 11:45:51'),('92dc2ee8340ceedaf1361ff057e6893c92f48fa2796ff0a06855ee05e5a48cb2c803057ee022db15',6,1,'Personal_Access_Token','[]',0,'2020-10-27 16:06:25','2020-10-27 16:06:25','2021-04-27 16:06:22'),('93009f64cc691425c667af3fb3b6dc5039efdc2d2faf9a031a701c540f46e0fbc4b01f64bb498073',49,1,'Personal_Access_Token','[]',1,'2020-11-02 22:26:34','2020-11-02 22:26:34','2021-05-02 22:26:33'),('944334b9084c1e96a052564c32bea854fadde15da43d0e7bc30f8e51f773278685e4fa6edf06266d',70,1,'Personal_Access_Token','[]',0,'2020-11-09 19:19:55','2020-11-09 19:19:55','2021-05-09 19:19:54'),('95384be5b61a10d9ab7a89693300e2b82a324af5a8ca6a09dbea4aa2e2e321626ce13064a84531d4',49,1,'Personal_Access_Token','[]',0,'2020-11-03 06:59:40','2020-11-03 06:59:40','2021-05-03 06:59:38'),('95536536833805cff753764cb8c68d28cb1e70450ae1c7bc7bcf162ba5e16d8d1f27e78d66722b86',70,1,'Personal_Access_Token','[]',1,'2020-11-09 18:11:42','2020-11-09 18:11:42','2021-05-09 18:11:41'),('95bcd2ae1ddb637e2d65643e2ce040d9118c8f78de58d9d68f23162e1be1838ed65794b8cc809630',70,1,'Personal_Access_Token','[]',0,'2020-11-10 17:59:26','2020-11-10 17:59:26','2021-05-10 17:59:26'),('9662e3991f03dd89ac474cfbf4fab07974c4152f80616e161828ad2623243d48262b21416c308c17',8,1,'Personal_Access_Token','[]',0,'2020-11-09 12:45:39','2020-11-09 12:45:39','2021-05-09 12:45:38'),('96dd572a2cd2d5f1d95a9fc382032d5f5e6f6817cf7a734bb2303b07fe3a7de38fd82cbd10b12d21',49,1,'Personal_Access_Token','[]',0,'2020-10-13 15:56:02','2020-10-13 15:56:02','2021-04-13 15:56:01'),('97816b4c92c9dcb5fa922a2b3853b56ae18c484374050d7e13b0919edb04f93571e9fb8408ea46e8',70,1,'Personal_Access_Token','[]',0,'2020-11-09 17:36:48','2020-11-09 17:36:48','2021-05-09 17:36:47'),('983e0ee023a3cd2a5cec061c28b9652de7948180d6a6af320d36ff350c461a02d1969a57bdd1be9c',8,1,'Personal_Access_Token','[]',0,'2020-09-08 18:54:14','2020-09-08 18:54:14','2021-03-08 18:54:13'),('985e42457ca34f36750ac95b4b2d10fa4efa16d408ce9af476a8017d4ec9a9a794501a6de0ecdd27',8,1,'Personal_Access_Token','[]',0,'2020-09-07 01:10:10','2020-09-07 01:10:10','2021-03-07 01:10:10'),('990e479fbf27b60fe5eeb1e05ca0cda89fa44a5f2cf2258488bfb9d7dc4a9266f9501fab938686f3',8,1,'Personal_Access_Token','[]',0,'2020-09-28 17:43:03','2020-09-28 17:43:03','2021-03-28 17:43:01'),('991b92de7c07a07e90ce0e9dd23dc816bc7e25a9755c94ac67851ecba540d6e009046b0a0fba13ff',8,1,'Personal_Access_Token','[]',0,'2020-10-10 17:01:33','2020-10-10 17:01:33','2021-04-10 17:01:32'),('99f8ddc45fe42f1484df9b930961352292785acc289698c6ad7eb247433d0050186b1e35e22c3a7d',70,1,'Personal_Access_Token','[]',0,'2020-11-08 16:59:40','2020-11-08 16:59:40','2021-05-08 16:59:39'),('9a0819b557433847b471df86792f97dae805e2820b941b1e620374a35cf18d0a4cbf68fd76e22a5a',8,1,'Personal_Access_Token','[]',1,'2020-09-21 17:51:49','2020-09-21 17:51:49','2021-03-21 17:51:47'),('9a236d1f3f31ab681ce4bb7672243027786ff52e1594eafeda44e77b681c9a15560c239c127a5d2a',6,1,'Personal_Access_Token','[]',1,'2020-12-01 07:34:47','2020-12-01 07:34:47','2021-06-01 07:34:46'),('9a8ee971abf7bed4f11156f969d8318c1be74ab4ea3258db313da7ba147162ec73feb97affa4e8f9',25,1,'Personal_Access_Token','[]',0,'2020-09-08 18:31:50','2020-09-08 18:31:50','2021-03-08 18:31:49'),('9b11e07b3a37875f36fd4f34e4da8d5c48c4af3e24a7b8de24929ee1e80f1963b3b9b5d22dc7896f',68,1,'Personal_Access_Token','[]',0,'2020-10-13 07:35:06','2020-10-13 07:35:06','2021-04-13 07:35:04'),('9c0d8d5c8ce5f33ed73213d25ed81fa842cda6fb3e77fc58007a58a521742d826fa1a192977cc613',49,1,'Personal_Access_Token','[]',0,'2020-11-03 10:25:53','2020-11-03 10:25:53','2021-05-03 10:25:52'),('9cfa46c42fbec2edf5521634aa9e8967eaf3605799e6ed477e501a90675ddc7831d1f1884bf55e5a',8,1,'Personal_Access_Token','[]',0,'2020-11-10 09:35:42','2020-11-10 09:35:42','2021-05-10 09:35:41'),('9e70061d0c691fc471cc42cff8887890aef5b0f4306e2d87a42b5e4ff8629a54eeade675b817a8b5',49,1,'Personal_Access_Token','[]',0,'2020-11-02 22:33:54','2020-11-02 22:33:54','2021-05-02 22:33:53'),('9fa5d3960ca540758b969ffaf42cd4270ec8f22111fc8c75da0a9a542aa7bd086cfbcb46717be23c',8,1,'Personal_Access_Token','[]',1,'2020-11-04 18:20:11','2020-11-04 18:20:11','2021-05-04 18:20:11'),('a042015a95385704a08f4d82e835b98c3622d11099ab10df7b372d1564e03647decbd1d3c179c037',8,1,'Personal_Access_Token','[]',1,'2020-10-07 13:45:59','2020-10-07 13:45:59','2021-04-07 13:45:58'),('a39c6e0fd3aa69789bf8aa388644bffb0d7c3dbd9890f142de614d4390019b3a828d540a451321f2',8,1,'Personal_Access_Token','[]',1,'2020-09-14 20:09:46','2020-09-14 20:09:46','2021-03-14 20:09:45'),('a4250dac82e8342bc185196a90c72bdbc2010260802ef64dd6eb3f201a80ed35180720e2749322d1',9,1,'Personal_Access_Token','[]',1,'2020-09-17 01:15:26','2020-09-17 01:15:26','2021-03-17 01:15:25'),('a4766c6d6e33971edc6a6ce4ac56d7ac77eae7141985b2285d468f5f6871dd1fb4cc469a68346325',8,1,'Personal_Access_Token','[]',0,'2020-11-10 03:27:23','2020-11-10 03:27:23','2021-05-10 03:27:22'),('a573ecb598af9785062d9ed9ebccadf001a849690e0f891f6005968c00a2a6030744c85d6e18a982',51,1,'Personal_Access_Token','[]',0,'2020-12-02 08:02:42','2020-12-02 08:02:42','2021-06-02 08:02:41'),('a5c404c81fd97abf93201f89ccdebe7a0cfbcdaaf6fccf0d0f6aaac337479ca18c55ea7b94273fa4',15,1,'Personal_Access_Token','[]',1,'2020-10-07 15:25:06','2020-10-07 15:25:06','2021-04-07 15:25:05'),('a829615c0f4af4a16ec5f9d4f16b9e6fa3c97ada39ab3c271a19181519ea0e428c018fef83b19974',70,1,'Personal_Access_Token','[]',1,'2020-11-10 16:19:01','2020-11-10 16:19:01','2021-05-10 16:18:57'),('a83691de383842ee0097ba2644d3890faa476017170a3f59f0f4866a0ddf2b19f76cd596a228ae0e',8,1,'Personal_Access_Token','[]',0,'2020-09-17 06:32:56','2020-09-17 06:32:56','2021-03-17 06:32:55'),('aa30420b8941ad642beba7825dafa0c998544904b384d7a55d82d462c2a3446f3e92c3293292cd16',49,1,'Personal_Access_Token','[]',0,'2020-10-13 11:47:24','2020-10-13 11:47:24','2021-04-13 11:47:22'),('aa792b455e40b0fd5678f64ad508342370589d3dce9a4c0a3748808004447df9171bc2d9b7424eb0',13,1,'Personal_Access_Token','[]',0,'2020-11-09 16:49:29','2020-11-09 16:49:29','2021-05-09 16:49:28'),('aac08f4d0d415111af69c64d627c3c28aaf9aeb1714a22dd6928a967c0f4b9391e20901b8e37f22f',8,1,'Personal_Access_Token','[]',1,'2020-11-04 17:25:04','2020-11-04 17:25:04','2021-05-04 17:25:03'),('ab2b7c9df349fa58d4a207743460281c8ddc9d3c7bb840b22409c613ce9d25907bbf8db671fb045a',49,1,'Personal_Access_Token','[]',1,'2020-11-27 21:13:02','2020-11-27 21:13:02','2021-05-27 21:13:01'),('ad713c3f8f8aed0788a399631beacc38d001dd9a245649f0330a7004a2d6601b0ac7fa46be863919',49,1,'Personal_Access_Token','[]',0,'2020-11-10 16:29:45','2020-11-10 16:29:45','2021-05-10 16:29:42'),('aed1677bd9aae6ebeeb47d5208cc29bf08eac04358bd598cc4f936f5fdc3d329220131411b78390b',8,1,'Personal_Access_Token','[]',1,'2020-09-04 15:11:05','2020-09-04 15:11:05','2021-03-04 15:11:04'),('af8b7c3e273d4c7cfee1fbbc093b5e3e74e1824ccf3f3f4bad0da08641b280165b1bf6ae1467e6eb',9,1,'Personal_Access_Token','[]',1,'2020-09-15 13:10:05','2020-09-15 13:10:05','2021-03-15 13:10:04'),('af941fa5a43bc2a950fbd2a5898afc999ac9f2d45c24ee31629d939cc9b4cd859fbd1c8df8dbb40c',8,1,'Personal_Access_Token','[]',1,'2020-11-03 16:31:31','2020-11-03 16:31:31','2021-05-03 16:31:30'),('b04a5748d0a365de6f22913311842add1c4147a747e1cb481505f411ac4daf7512b5702ec1ffd579',49,1,'Personal_Access_Token','[]',0,'2020-10-13 14:32:36','2020-10-13 14:32:36','2021-04-13 14:32:35'),('b086228dac529c402d5c748a38188e30b5f769d1f475fc053c4a3b5c5d79968e20ce8b8a6a703cc9',49,1,'Personal_Access_Token','[]',0,'2020-11-09 17:13:18','2020-11-09 17:13:18','2021-05-09 17:13:17'),('b0d40e3c032ff5acdbaf47d75e4b89eca6a9f74416e3a961a481ff4111792455362b0a36e9282716',8,1,'Personal_Access_Token','[]',0,'2020-11-02 23:18:23','2020-11-02 23:18:23','2021-05-02 23:18:22'),('b18fa5444feba00be6705e9f179102f7833bd90cc41207e8df8777cd238351e0a9d64aa473c10d97',8,1,'Personal_Access_Token','[]',0,'2020-09-04 12:50:36','2020-09-04 12:50:36','2021-03-04 12:50:35'),('b1a980a32f5e2acf37e2d9de1d098af183bfbf13428c774f6163d474f48914d15bc1bf38bba6ba30',15,1,'Personal_Access_Token','[]',1,'2020-09-04 13:35:46','2020-09-04 13:35:46','2021-03-04 13:35:45'),('b1cfd6d73e2bb16bf214520da3a092461530eecf55dbe7b83c1ed274e6e7d98af03b2e20428599d8',70,1,'Personal_Access_Token','[]',0,'2020-12-02 18:19:29','2020-12-02 18:19:29','2021-06-02 18:19:28'),('b2a4e3e2d8a8c4ce1f387d9ca98d2a5e8999228cc3d0ddfdbcd914346f8b20bc60aa31a96a3e864c',8,1,'Personal_Access_Token','[]',0,'2020-11-03 08:30:20','2020-11-03 08:30:20','2021-05-03 08:30:19'),('b4768ae91eff576218ecba462768435d89fa62005bd6e14c91343828277279b33108b93137bc8356',15,1,'Personal_Access_Token','[]',0,'2020-09-08 16:45:40','2020-09-08 16:45:40','2021-03-08 16:45:40'),('b49a837b734611418cb63b057336d0f0cd0f26d24c8fa64b3a0b6ae5506832eef952dcd30c83fcdf',70,1,'Personal_Access_Token','[]',0,'2020-11-11 17:32:36','2020-11-11 17:32:36','2021-05-11 17:32:36'),('b4fcd51dc4e406c527e336bae4153f5367da88e16976013c8596ec1c53e1857e0cb3e011caee9e44',70,1,'Personal_Access_Token','[]',1,'2020-11-11 16:45:43','2020-11-11 16:45:43','2021-05-11 16:45:42'),('b50ae7aef7436c2ee2122ad53146564bd561c2a28c633e2c35975a4a6ae437650b673ae300310adc',70,1,'Personal_Access_Token','[]',1,'2020-11-10 17:53:19','2020-11-10 17:53:19','2021-05-10 17:53:18'),('b5159a28e7f46ec4fff1f534bab4e0af57d3e551079bfdd440f946aa3e3e4d5754630b5e4f42bcb7',15,1,'Personal_Access_Token','[]',1,'2020-09-04 11:40:14','2020-09-04 11:40:14','2021-03-04 11:40:13'),('b5588fc8d429511091167e636c09a3bff51c7fabb651fe120389cb36ee1df3fc45f1fb63e4b49c3f',8,1,'Personal_Access_Token','[]',0,'2020-11-09 20:56:17','2020-11-09 20:56:17','2021-05-09 20:56:16'),('b6b10cd882f218cca0ff81bc509d4bd670f6904761c9e8340df6afcbab70787da23bccfc3707989c',118,1,'Personal_Access_Token','[]',0,'2020-12-07 11:58:15','2020-12-07 11:58:15','2021-06-07 11:58:14'),('b6d240f0a478a1831c8e4ddebf15a0d7b592c3eb10e3f4c68b2fef61dafdc18efd5cec354315820a',8,1,'Personal_Access_Token','[]',0,'2020-10-05 23:32:11','2020-10-05 23:32:11','2021-04-05 23:32:10'),('b70e7c807de96d441010607eeef74d0ba5586c993b61597ea8fdd5c985d5297770e2725ca395f3c3',8,1,'Personal_Access_Token','[]',0,'2020-09-04 13:34:38','2020-09-04 13:34:38','2021-03-04 13:34:37'),('b798a156371416c47f9dc56a9240e6eda4ad35ad55a60c621d3131e8b09d220b211e4d6c3761699d',8,1,'Personal_Access_Token','[]',0,'2020-09-08 19:02:53','2020-09-08 19:02:53','2021-03-08 19:02:52'),('b988fd67a72221c044917227da8d0cdc09433a0ea4d634165d480ce77974c4fadc77f2b266276972',15,1,'Personal_Access_Token','[]',0,'2020-09-21 14:11:00','2020-09-21 14:11:00','2021-03-21 14:10:59'),('bc3f6d48602e5060e6c4958f474cba5281ee5236cf4b8b86e0b8de4459b5ba55b2fa6e02ed9a0b1d',25,1,'Personal_Access_Token','[]',0,'2020-09-08 18:05:02','2020-09-08 18:05:02','2021-03-08 18:05:02'),('be1f4c33c8df90c613ffbcd5ab5b68399d8017864f7792adade68906eefa27e8e155ebed2bafa9e5',70,1,'Personal_Access_Token','[]',0,'2020-11-08 19:44:23','2020-11-08 19:44:23','2021-05-08 19:44:22'),('c0761f77119f19f6ff6e3c2972951207e7cc5eaa6981693d270e524f7f94bd23472b674c3afcc9fb',24,1,'Personal_Access_Token','[]',1,'2020-09-04 13:46:56','2020-09-04 13:46:56','2021-03-04 13:46:55'),('c0d9062cd67c1ede2bbbcfbb8edfc23262609eecc5a30d5275cdf2e425b684570e3500f2d67ccbe3',8,1,'Personal_Access_Token','[]',1,'2020-09-14 19:19:09','2020-09-14 19:19:09','2021-03-14 19:19:07'),('c204799614d606e64239987229aa14a2a27d2d630aa0b85dff3df6b67956ad289f0dcb45b0462caf',9,1,'Personal_Access_Token','[]',0,'2020-11-09 23:45:13','2020-11-09 23:45:13','2021-05-09 23:45:12'),('c2e22e7acca178e6e01e19f5f614bb2ad55910409fde2d66835be94848465fd6f2594ca1470ef6e8',9,1,'Personal_Access_Token','[]',1,'2020-09-18 22:17:12','2020-09-18 22:17:12','2021-03-18 22:17:11'),('c4382380cdde3e09554e50c12addfbe6d4ea37a4ca732d9031543d50c3de05f8d7d18c2b5fe98f26',8,1,'Personal_Access_Token','[]',0,'2020-11-08 23:39:13','2020-11-08 23:39:13','2021-05-08 23:39:12'),('c43f4dfda56adaf0b81ec4efd4221e177b70e812e96f237c753653dad1d2002207637f1f2ae35602',8,1,'Personal_Access_Token','[]',0,'2020-11-08 19:56:12','2020-11-08 19:56:12','2021-05-08 19:56:11'),('c51096f16ff872b5115cb5099dd451fa72776dee9329ea1d53b0d745597a6981b0565a9d86ebace8',70,1,'Personal_Access_Token','[]',0,'2020-11-11 19:00:41','2020-11-11 19:00:41','2021-05-11 19:00:40'),('c86fc527fd3d101c3ce3503aa2a13de72c4e44c9f828935d0aba0a8fcb6bff119b67bc0480a4f36e',8,1,'Personal_Access_Token','[]',0,'2020-09-04 17:05:57','2020-09-04 17:05:57','2021-03-04 17:05:56'),('ca4c6da354e35978b8ac0e421e15a83d2ff9650d5f08330a954a91b05b300adf4e2f551ee97d259a',70,1,'Personal_Access_Token','[]',0,'2020-11-11 17:50:19','2020-11-11 17:50:19','2021-05-11 17:50:18'),('ca96c03d86c3e4e1eba1425026b60fca32d42133c147f59b909a7d0e71690acfe510222e3da19697',9,1,'Personal_Access_Token','[]',1,'2020-11-09 23:16:29','2020-11-09 23:16:29','2021-05-09 23:16:28'),('cbb3a375738acb16ab1d193b441871dbfe7abf99ba77524cafaec88f5f84462fb9d6089d5a7a9a95',15,1,'Personal_Access_Token','[]',0,'2020-11-03 20:23:19','2020-11-03 20:23:19','2021-05-03 20:23:18'),('cbc7b3ac21769002d0c015c2db79a26c8cd264fc73c4c29009648a8ef43dacb21fbb28ab8a6965f7',8,1,'Personal_Access_Token','[]',0,'2020-09-04 16:41:20','2020-09-04 16:41:20','2021-03-04 16:41:19'),('ce5699629f68e8ffbeff33bbe366fcf9f58eaf9a5e22ae5e4ab648c7a54989e278548fd359e8573c',46,1,'Personal_Access_Token','[]',0,'2020-09-18 22:39:23','2020-09-18 22:39:23','2021-03-18 22:39:22'),('cfd1cd0214b0b20f2626e7d8c302f58d8532a9d3542b4cc28cb57309fa0d3ab022c85a30a0964587',8,1,'Personal_Access_Token','[]',1,'2020-09-16 18:45:26','2020-09-16 18:45:26','2021-03-16 18:45:24'),('d01d804d209c4d4ffb6e7f4ea4ebe4f6ed70b551d2c96eca4c3503ea35f3c4665cc6a1b68f2a16f0',9,1,'Personal_Access_Token','[]',1,'2020-09-18 22:18:42','2020-09-18 22:18:42','2021-03-18 22:18:41'),('d12d84a75dcb9f1329e4261b3685faa374f5da457f9181292111b0ac8f3e6c7118eea9c141720662',70,1,'Personal_Access_Token','[]',0,'2020-11-05 16:44:58','2020-11-05 16:44:58','2021-05-05 16:44:57'),('d18c5f3588088a929f15e28c307f7dd32963681d72f9a62a1d1f906d2b764ecc2138d67c38fda7c6',9,1,'Personal_Access_Token','[]',0,'2020-09-07 03:48:28','2020-09-07 03:48:28','2021-03-07 03:48:27'),('d1ac70fc5d16a698258390e3c5a255c3e4248a8562bff834ed5fbdb3c7cda64cc3eefc4bcf9b285c',19,1,'Personal_Access_Token','[]',1,'2020-09-04 13:50:05','2020-09-04 13:50:05','2021-03-04 13:50:04'),('d1f4b0b9bb0e5a4e7b0b2d043fc447b9feca8ed493078df074cba19749f191c9c65ff378ab7a1a01',8,1,'Personal_Access_Token','[]',0,'2020-11-13 19:08:09','2020-11-13 19:08:09','2021-05-13 19:08:08'),('d34a91a687ecffa44ba0a8b057eaf1eadd3e6f190f9eac0211d05191901cc0b15d541130efdbbc55',8,1,'Personal_Access_Token','[]',1,'2020-09-17 01:12:16','2020-09-17 01:12:16','2021-03-17 01:12:15'),('d3ef4a86b10e02ec86d3ae5ee47ee3d98f86845c739b1d95948054a71a0fc4d09bd5848c35eac767',8,1,'Personal_Access_Token','[]',0,'2020-11-08 11:36:36','2020-11-08 11:36:36','2021-05-08 11:36:35'),('d4108df185f0d3ef43d75e54e6d52732c4e2b6e81c32ad43b8fe599baa2a629b524d42705f71ca73',70,1,'Personal_Access_Token','[]',0,'2020-11-06 17:12:56','2020-11-06 17:12:56','2021-05-06 17:12:55'),('d46d77037c900c51f758bf154ed56ba33b1b00a29d2cba743e8e5d5f7ddffadba370cd7ff18a839a',67,1,'Personal_Access_Token','[]',0,'2020-10-13 00:10:36','2020-10-13 00:10:36','2021-04-13 00:10:35'),('d6ab9af71f7ad170120316d2dd5ac11b9448570d6fc7879b8a4eeb72b224ec8fb39cf5fa3bd95cac',8,1,'Personal_Access_Token','[]',1,'2020-11-07 18:37:55','2020-11-07 18:37:55','2021-05-07 18:37:54'),('d6adae679cfdbc0689a9d48e56c1b937c185509e9d709b3c30c10a72484c5f57bcf8f2314eea1917',8,1,'Personal_Access_Token','[]',1,'2020-11-18 18:20:04','2020-11-18 18:20:04','2021-05-18 18:20:03'),('da22917455b688ba0359424ce7933a6d87f6ee51dd64d033003239d4e824f53fb285c40553fb0146',54,1,'Personal_Access_Token','[]',0,'2020-09-06 09:52:23','2020-09-06 09:52:23','2021-03-06 09:52:22'),('dbe4c453008bb324b683961111694ab694cc550d1a56791361e3004ba1c60ff0499a4fab2bd100c4',119,1,'Personal_Access_Token','[]',0,'2020-12-07 18:33:48','2020-12-07 18:33:48','2021-06-07 18:33:47'),('dbfb1fdf82c454641d9f514909e115ab8e0dad55e64fdfe43af124a5041fe9e6d57f3728ca04965e',42,1,'Personal_Access_Token','[]',1,'2020-09-04 15:12:14','2020-09-04 15:12:14','2021-03-04 15:12:13'),('dc0d3db0e26e021e40df3986f810be7ee57ea5b83613b5186dbcbd1551b0480d26f01ab67405045c',98,1,'Personal_Access_Token','[]',1,'2020-11-11 17:36:37','2020-11-11 17:36:37','2021-05-11 17:36:37'),('dd7e4bc3a68b07805ab2b080938e3bd444c8a9cb250282467b19420008eda9ac51eb8fc7d023f0d9',25,1,'Personal_Access_Token','[]',0,'2020-09-08 19:08:08','2020-09-08 19:08:08','2021-03-08 19:08:07'),('de3b1d09adaeb9e3b25238e97b080881720ece091f86f546d5c4876ddf5ee87a5ec7dd9e5af8bf82',19,1,'Personal_Access_Token','[]',0,'2020-09-04 13:51:19','2020-09-04 13:51:19','2021-03-04 13:51:18'),('deefd8e17a8618bb0a53d47a454192d1d74bc22e1fc9c5ed7726c2f1f64b2aadd84ad0f11c03f295',42,1,'Personal_Access_Token','[]',1,'2020-09-04 15:11:12','2020-09-04 15:11:12','2021-03-04 15:11:11'),('df1e0fd49f26e71ec2db14b6ddb33b56d9ea7a9579ee72023421ec66cf5c1d230188ef22237dcb5a',70,1,'Personal_Access_Token','[]',1,'2020-11-20 06:01:10','2020-11-20 06:01:10','2021-05-20 06:01:09'),('dfb15b55e88978f8e1570c0ac3fc569a74e90e5276a43d1895e76267f694569d1a17c01632692567',70,1,'Personal_Access_Token','[]',1,'2020-11-05 18:32:41','2020-11-05 18:32:41','2021-05-05 18:32:40'),('e11a40b4594f7df312ad1617091ee925d1eaccc6d7d4c42e2c799862ff515c56b8023dd6e2066c78',49,1,'Personal_Access_Token','[]',0,'2020-11-11 09:32:27','2020-11-11 09:32:27','2021-05-11 09:32:26'),('e211c72e80be1e46af93a7f7b1e62a67c9ac90a6d753b33913f981b4c08e6a1778db0c27c62b1508',15,1,'Personal_Access_Token','[]',0,'2020-09-08 16:47:13','2020-09-08 16:47:13','2021-03-08 16:47:12'),('e3b59f213910f6b2fa6ff30837cb2eb4c19da2666078cef5b122e129a6586a1f8aafa239f3e8b149',8,1,'Personal_Access_Token','[]',1,'2020-11-10 03:55:49','2020-11-10 03:55:49','2021-05-10 03:55:48'),('e7754e961a65ef9241d19c28a38a6c90d2a315960d087bea2350ded3690bedefc7412e4dbacf5e14',9,1,'Personal_Access_Token','[]',0,'2020-11-09 23:17:27','2020-11-09 23:17:27','2021-05-09 23:17:27'),('e89da0c90b78e12e626c264945ca0c979eaa4b54de08c78e9331e83ccd4ab158dff9cf77a4add0bb',8,1,'Personal_Access_Token','[]',0,'2020-09-08 16:00:47','2020-09-08 16:00:47','2021-03-08 16:00:45'),('e9694a654d9c5aafb4e64967807fa0c24c24c506496f02d9e097e16c10ce35f9777c08dc23b75847',8,1,'Personal_Access_Token','[]',1,'2020-11-27 22:02:43','2020-11-27 22:02:43','2021-05-27 22:02:42'),('e9a3fb7a030efe2d8926dad54bff1256158a49005e00c99d8c177e4e7ed59202a5695de6abba56af',8,1,'Personal_Access_Token','[]',0,'2020-09-04 16:03:14','2020-09-04 16:03:14','2021-03-04 16:03:13'),('eb0c509b00202f9b5961ca48b296f954a5454b4f975c3d2bbf3af1d9d4f7fd0491537f301d5bfdfc',8,1,'Personal_Access_Token','[]',0,'2020-09-10 18:22:35','2020-09-10 18:22:35','2021-03-10 18:22:33'),('ebd69bd5b517552643bb16c902d6228fc033658347d72316e655bb20187556212326f9b066deab53',70,1,'Personal_Access_Token','[]',0,'2020-11-10 18:00:52','2020-11-10 18:00:52','2021-05-10 18:00:51'),('ebfd1719ec1410229ae83048f4c32851401916855007f822d0fb42813f4f6ca6df56d1e39b088597',70,1,'Personal_Access_Token','[]',1,'2020-11-11 17:19:34','2020-11-11 17:19:34','2021-05-11 17:19:33'),('ec271beff9a590bf823840fd0e185b8b8ad660603ba6c4b725852914596261b6769201891733ce09',46,1,'Personal_Access_Token','[]',1,'2020-09-18 22:33:06','2020-09-18 22:33:06','2021-03-18 22:33:04'),('ed9055786326b286456a2e07d57feb0a9cd0543f54b418c2a5c0303eb984eb454f43ac962b105828',8,1,'Personal_Access_Token','[]',0,'2020-09-04 11:38:32','2020-09-04 11:38:32','2021-03-04 11:38:30'),('ede60658ebd1638733ea46d3f26a357a31bbc53a062bf3a0885aa22568520323f129e1ba205aab2a',42,1,'Personal_Access_Token','[]',1,'2020-09-21 14:08:54','2020-09-21 14:08:54','2021-03-21 14:08:53'),('ee4f814727a538dc5f941f88fe098d8cd429433baec3b59affc23a666e4088d62c5c8d0d0065be9f',42,1,'Personal_Access_Token','[]',0,'2020-09-16 18:47:58','2020-09-16 18:47:58','2021-03-16 18:47:57'),('efa13f58cc7f1d808ef7e8dc0ac8d55477ca6021d4b5fc235787298447ba42c4865c4fd792248353',50,1,'Personal_Access_Token','[]',1,'2020-10-05 15:53:56','2020-10-05 15:53:56','2021-04-05 15:53:54'),('f08be9b8a343e22e2253633d3b4cff236309f346df215bd8af8d5e9c12ec6aeaf46ab227dae93fb9',8,1,'Personal_Access_Token','[]',1,'2020-09-15 11:24:50','2020-09-15 11:24:50','2021-03-15 11:24:49'),('f1b7c7f826f9611d67171c154fe4f503b20fa95f9addad53cf80296cdb3faaa4a684ac92f66e1900',8,1,'Personal_Access_Token','[]',0,'2020-09-04 10:26:43','2020-09-04 10:26:43','2021-03-04 10:26:42'),('f1eb36d1379b8ad4f113243b5e37e543d98f21a072f0cc3a710501f9c9ac74f009e8032bb015ce2e',67,1,'Personal_Access_Token','[]',0,'2020-10-13 11:43:04','2020-10-13 11:43:04','2021-04-13 11:43:04'),('f34f74a5926d92b27860c20cac72cf51474c89eb7a6d9fc3816a6816ef1f6009d597df2c813983fc',67,1,'Personal_Access_Token','[]',0,'2020-10-13 10:48:22','2020-10-13 10:48:22','2021-04-13 10:48:21'),('f3ea138cd600a3214b93a54af85fe83cb1f01e2743c84124a6fd0f028a305072e619f9d04c798226',54,1,'Personal_Access_Token','[]',0,'2020-09-06 10:05:27','2020-09-06 10:05:27','2021-03-06 10:05:26'),('f5494a643eb39adc8a44cbe2ea2629ec147a41a7de363a3a69aa533c972cd8b2a6f499c524bb8b97',49,1,'Personal_Access_Token','[]',0,'2020-11-04 06:23:30','2020-11-04 06:23:30','2021-05-04 06:23:29'),('f6045118aa8a50ccb348ae7f0a24b8cf286b5469ebb6cd897d08e078740f5cdc84aed84f376320a6',93,1,'Personal_Access_Token','[]',1,'2020-11-10 18:42:57','2020-11-10 18:42:57','2021-05-10 18:42:55'),('f8a7d51e782ad3fed0b5ac2699d8b3b98c71ef6446b4620727c863395e657130ad981b26bdfa1e59',8,1,'Personal_Access_Token','[]',0,'2020-09-21 14:50:34','2020-09-21 14:50:34','2021-03-21 14:50:32'),('f8dd405d3b55b9d0f3303abbc85139e6edf504fcc221ead685cf2be7085ca52eaed2c6d0987c8014',68,1,'Personal_Access_Token','[]',1,'2020-10-12 15:06:28','2020-10-12 15:06:28','2021-04-12 15:06:27'),('f97917d2c8228f9e21433cb575daa58c1d05eca13d53b5d7f172aad9ef2c05d96e66e167371ffcbd',8,1,'Personal_Access_Token','[]',1,'2020-10-12 09:31:21','2020-10-12 09:31:21','2021-04-12 09:31:20'),('faa298cb9e5b4d1259cf9487064e38b4487708e70437c2dc24c17b00e5eb097d035faf9baca50966',70,1,'Personal_Access_Token','[]',0,'2020-11-08 17:12:18','2020-11-08 17:12:18','2021-05-08 17:12:17'),('fc417f97da2aa7fc712c69b1225a592b65a0f4ed56720073a823b8e665756da03bd8460ab0ea9f67',49,1,'Personal_Access_Token','[]',0,'2020-10-12 13:40:07','2020-10-12 13:40:07','2021-04-12 13:40:06'),('fc58c8e792edbcb3dba6798770d9e51017a3cbf9dc6e0f610384f254ef703df4cc29a12879989bb6',8,1,'Personal_Access_Token','[]',1,'2020-09-08 15:16:24','2020-09-08 15:16:24','2021-03-08 15:16:22'),('fcc4219584d973a190355a7c386e83844aae43dbc81ea7393f382bc1b9d68487d2a8ea685fc5195a',8,1,'Personal_Access_Token','[]',0,'2020-10-27 18:51:32','2020-10-27 18:51:32','2021-04-27 18:51:31'),('fd3719f5f58754f8f68d0e76b89121b64fbb577d9121aa562f91f07f520dbfa7ed19f0dfe55d00e9',42,1,'Personal_Access_Token','[]',1,'2020-09-14 20:27:27','2020-09-14 20:27:27','2021-03-14 20:27:26'),('ffd439e52782ab2157dd226b78690d42334f3cb31deddeb2773c68e7da9e5735e0c038a9c1a7f48e',8,1,'Personal_Access_Token','[]',1,'2020-11-15 10:47:33','2020-11-15 10:47:33','2021-05-15 10:47:32');
/*!40000 ALTER TABLE `oauth_access_tokens` ENABLE KEYS */;
UNLOCK TABLES;

--
-- Table structure for table `oauth_auth_codes`
--

DROP TABLE IF EXISTS `oauth_auth_codes`;
/*!40101 SET @saved_cs_client     = @@character_set_client */;
/*!50503 SET character_set_client = utf8mb4 */;
CREATE TABLE `oauth_auth_codes` (
  `id` varchar(100) COLLATE utf8mb4_unicode_ci NOT NULL,
  `user_id` bigint(20) unsigned NOT NULL,
  `client_id` bigint(20) unsigned NOT NULL,
  `scopes` text COLLATE utf8mb4_unicode_ci,
  `revoked` tinyint(1) NOT NULL,
  `expires_at` datetime DEFAULT NULL,
  PRIMARY KEY (`id`),
  KEY `oauth_auth_codes_user_id_index` (`user_id`)
) ENGINE=InnoDB DEFAULT CHARSET=utf8mb4 COLLATE=utf8mb4_unicode_ci;
/*!40101 SET character_set_client = @saved_cs_client */;

--
-- Dumping data for table `oauth_auth_codes`
--

LOCK TABLES `oauth_auth_codes` WRITE;
/*!40000 ALTER TABLE `oauth_auth_codes` DISABLE KEYS */;
/*!40000 ALTER TABLE `oauth_auth_codes` ENABLE KEYS */;
UNLOCK TABLES;

--
-- Table structure for table `oauth_clients`
--

DROP TABLE IF EXISTS `oauth_clients`;
/*!40101 SET @saved_cs_client     = @@character_set_client */;
/*!50503 SET character_set_client = utf8mb4 */;
CREATE TABLE `oauth_clients` (
  `id` bigint(20) unsigned NOT NULL AUTO_INCREMENT,
  `user_id` bigint(20) unsigned DEFAULT NULL,
  `name` varchar(191) COLLATE utf8mb4_unicode_ci NOT NULL,
  `secret` varchar(100) COLLATE utf8mb4_unicode_ci DEFAULT NULL,
  `provider` varchar(191) COLLATE utf8mb4_unicode_ci DEFAULT NULL,
  `redirect` text COLLATE utf8mb4_unicode_ci NOT NULL,
  `personal_access_client` tinyint(1) NOT NULL,
  `password_client` tinyint(1) NOT NULL,
  `revoked` tinyint(1) NOT NULL,
  `created_at` timestamp NULL DEFAULT NULL,
  `updated_at` timestamp NULL DEFAULT NULL,
  PRIMARY KEY (`id`),
  KEY `oauth_clients_user_id_index` (`user_id`)
) ENGINE=InnoDB AUTO_INCREMENT=3 DEFAULT CHARSET=utf8mb4 COLLATE=utf8mb4_unicode_ci;
/*!40101 SET character_set_client = @saved_cs_client */;

--
-- Dumping data for table `oauth_clients`
--

LOCK TABLES `oauth_clients` WRITE;
/*!40000 ALTER TABLE `oauth_clients` DISABLE KEYS */;
INSERT INTO `oauth_clients` VALUES (1,NULL,'Laravel Personal Access Client','8bHXKdBLpO6KoHdSvI52hmGztcMuTxIVrE09KWnT',NULL,'http://localhost',1,0,0,'2020-09-03 21:59:03','2020-09-03 21:59:03'),(2,NULL,'Laravel Password Grant Client','Mgvz60vDX5gBQvrpsYGqE74tBJEfztJUCPkpbMjU','users','http://localhost',0,1,0,'2020-09-03 21:59:03','2020-09-03 21:59:03');
/*!40000 ALTER TABLE `oauth_clients` ENABLE KEYS */;
UNLOCK TABLES;

--
-- Table structure for table `oauth_personal_access_clients`
--

DROP TABLE IF EXISTS `oauth_personal_access_clients`;
/*!40101 SET @saved_cs_client     = @@character_set_client */;
/*!50503 SET character_set_client = utf8mb4 */;
CREATE TABLE `oauth_personal_access_clients` (
  `id` bigint(20) unsigned NOT NULL AUTO_INCREMENT,
  `client_id` bigint(20) unsigned NOT NULL,
  `created_at` timestamp NULL DEFAULT NULL,
  `updated_at` timestamp NULL DEFAULT NULL,
  PRIMARY KEY (`id`)
) ENGINE=InnoDB AUTO_INCREMENT=2 DEFAULT CHARSET=utf8mb4 COLLATE=utf8mb4_unicode_ci;
/*!40101 SET character_set_client = @saved_cs_client */;

--
-- Dumping data for table `oauth_personal_access_clients`
--

LOCK TABLES `oauth_personal_access_clients` WRITE;
/*!40000 ALTER TABLE `oauth_personal_access_clients` DISABLE KEYS */;
INSERT INTO `oauth_personal_access_clients` VALUES (1,1,'2020-09-03 21:59:03','2020-09-03 21:59:03');
/*!40000 ALTER TABLE `oauth_personal_access_clients` ENABLE KEYS */;
UNLOCK TABLES;

--
-- Table structure for table `oauth_refresh_tokens`
--

DROP TABLE IF EXISTS `oauth_refresh_tokens`;
/*!40101 SET @saved_cs_client     = @@character_set_client */;
/*!50503 SET character_set_client = utf8mb4 */;
CREATE TABLE `oauth_refresh_tokens` (
  `id` varchar(100) COLLATE utf8mb4_unicode_ci NOT NULL,
  `access_token_id` varchar(100) COLLATE utf8mb4_unicode_ci NOT NULL,
  `revoked` tinyint(1) NOT NULL,
  `expires_at` datetime DEFAULT NULL,
  PRIMARY KEY (`id`)
) ENGINE=InnoDB DEFAULT CHARSET=utf8mb4 COLLATE=utf8mb4_unicode_ci;
/*!40101 SET character_set_client = @saved_cs_client */;

--
-- Dumping data for table `oauth_refresh_tokens`
--

LOCK TABLES `oauth_refresh_tokens` WRITE;
/*!40000 ALTER TABLE `oauth_refresh_tokens` DISABLE KEYS */;
/*!40000 ALTER TABLE `oauth_refresh_tokens` ENABLE KEYS */;
UNLOCK TABLES;

--
-- Table structure for table `password_resets`
--

DROP TABLE IF EXISTS `password_resets`;
/*!40101 SET @saved_cs_client     = @@character_set_client */;
/*!50503 SET character_set_client = utf8mb4 */;
CREATE TABLE `password_resets` (
  `email` varchar(191) COLLATE utf8mb4_unicode_ci NOT NULL,
  `token` varchar(191) COLLATE utf8mb4_unicode_ci NOT NULL,
  `created_at` datetime NOT NULL DEFAULT CURRENT_TIMESTAMP,
  KEY `password_resets_email_index` (`email`)
) ENGINE=InnoDB DEFAULT CHARSET=utf8mb4 COLLATE=utf8mb4_unicode_ci;
/*!40101 SET character_set_client = @saved_cs_client */;

--
-- Dumping data for table `password_resets`
--

LOCK TABLES `password_resets` WRITE;
/*!40000 ALTER TABLE `password_resets` DISABLE KEYS */;
/*!40000 ALTER TABLE `password_resets` ENABLE KEYS */;
UNLOCK TABLES;

--
-- Table structure for table `payments`
--

DROP TABLE IF EXISTS `payments`;
/*!40101 SET @saved_cs_client     = @@character_set_client */;
/*!50503 SET character_set_client = utf8mb4 */;
CREATE TABLE `payments` (
  `id` int(10) unsigned NOT NULL AUTO_INCREMENT,
  `employee_id` int(10) unsigned NOT NULL,
  `date_payment` date NOT NULL,
  `paying_method` varchar(191) COLLATE utf8mb4_unicode_ci NOT NULL DEFAULT 'cash',
  `amount` double NOT NULL,
  `state` int(11) NOT NULL DEFAULT '1',
  `is_active` int(11) NOT NULL DEFAULT '1',
  PRIMARY KEY (`id`)
) ENGINE=InnoDB AUTO_INCREMENT=109 DEFAULT CHARSET=utf8mb4 COLLATE=utf8mb4_unicode_ci;
/*!40101 SET character_set_client = @saved_cs_client */;

--
-- Dumping data for table `payments`
--

LOCK TABLES `payments` WRITE;
/*!40000 ALTER TABLE `payments` DISABLE KEYS */;
INSERT INTO `payments` VALUES (1,79,'2020-11-05','cash',100000,1,1),(2,79,'2020-12-05','cash',100000,1,1),(3,79,'2021-01-05','cash',100000,1,1),(4,79,'2021-02-05','cash',100000,1,1),(5,79,'2021-03-05','cash',100000,1,1),(6,79,'2021-04-05','cash',100000,1,1),(7,79,'2021-05-05','cash',100000,1,1),(8,79,'2021-06-05','cash',100000,1,1),(9,79,'2021-07-05','cash',100000,1,1),(10,79,'2021-08-05','cash',100000,1,1),(11,79,'2021-09-05','cash',100000,1,1),(12,79,'2021-10-05','cash',100000,1,1),(13,79,'2021-11-05','cash',100000,1,1),(14,79,'2021-12-05','cash',100000,1,1),(15,79,'2022-01-05','cash',100000,1,1),(16,79,'2022-02-05','cash',100000,1,1),(17,79,'2022-03-05','cash',100000,1,1),(18,79,'2022-04-05','cash',100000,1,1),(19,79,'2022-05-05','cash',100000,1,1),(20,79,'2022-06-05','cash',100000,1,1),(21,79,'2022-07-05','cash',100000,1,1),(22,79,'2022-08-05','cash',100000,1,1),(23,79,'2022-09-05','cash',100000,1,1),(24,79,'2022-10-05','cash',100000,1,1),(25,79,'2022-11-05','cash',100000,1,1),(26,79,'2022-12-05','cash',100000,1,1),(27,79,'2023-01-05','cash',100000,1,1),(28,79,'2023-02-05','cash',100000,1,1),(29,79,'2023-03-05','cash',100000,1,1),(30,79,'2023-04-05','cash',100000,1,1),(31,79,'2023-05-05','cash',100000,1,1),(32,79,'2023-06-05','cash',100000,1,1),(33,79,'2023-07-05','cash',100000,1,1),(34,79,'2023-08-05','cash',100000,1,1),(35,79,'2023-09-05','cash',100000,1,1),(36,79,'2023-10-05','cash',100000,1,1),(37,73,'2020-11-13','cash',10000,1,1),(38,73,'2020-12-13','cash',10000,1,1),(39,73,'2021-01-13','cash',10000,1,1),(40,73,'2021-02-13','cash',10000,1,1),(41,73,'2021-03-13','cash',10000,1,1),(42,73,'2021-04-13','cash',10000,1,1),(43,73,'2021-05-13','cash',10000,1,1),(44,73,'2021-06-13','cash',10000,1,1),(45,73,'2021-07-13','cash',10000,1,1),(46,73,'2021-08-13','cash',10000,1,1),(47,73,'2021-09-13','cash',10000,1,1),(48,73,'2021-10-13','cash',10000,1,1),(49,73,'2021-11-13','cash',10000,1,1),(50,73,'2021-12-13','cash',10000,1,1),(51,73,'2022-01-13','cash',10000,1,1),(52,73,'2022-02-13','cash',10000,1,1),(53,73,'2022-03-13','cash',10000,1,1),(54,73,'2022-04-13','cash',10000,1,1),(55,73,'2022-05-13','cash',10000,1,1),(56,73,'2022-06-13','cash',10000,1,1),(57,73,'2022-07-13','cash',10000,1,1),(58,73,'2022-08-13','cash',10000,1,1),(59,73,'2022-09-13','cash',10000,1,1),(60,73,'2022-10-13','cash',10000,1,1),(61,73,'2022-11-13','cash',10000,1,1),(62,73,'2022-12-13','cash',10000,1,1),(63,73,'2023-01-13','cash',10000,1,1),(64,73,'2023-02-13','cash',10000,1,1),(65,73,'2023-03-13','cash',10000,1,1),(66,73,'2023-04-13','cash',10000,1,1),(67,73,'2023-05-13','cash',10000,1,1),(68,73,'2023-06-13','cash',10000,1,1),(69,73,'2023-07-13','cash',10000,1,1),(70,73,'2023-08-13','cash',10000,1,1),(71,73,'2023-09-13','cash',10000,1,1),(72,73,'2023-10-13','cash',10000,1,1),(73,82,'2020-12-31','cash',50000,1,1),(74,82,'2021-01-31','cash',50000,1,1),(75,82,'2021-03-03','cash',50000,1,1),(76,82,'2021-03-31','cash',50000,1,1),(77,82,'2021-05-01','cash',50000,1,1),(78,82,'2021-05-31','cash',50000,1,1),(79,82,'2021-07-01','cash',50000,1,1),(80,82,'2021-07-31','cash',50000,1,1),(81,82,'2021-08-31','cash',50000,1,1),(82,82,'2021-10-01','cash',50000,1,1),(83,82,'2021-10-31','cash',50000,1,1),(84,82,'2021-12-01','cash',50000,1,1),(85,82,'2021-12-31','cash',50000,1,1),(86,82,'2022-01-31','cash',50000,1,1),(87,82,'2022-03-03','cash',50000,1,1),(88,82,'2022-03-31','cash',50000,1,1),(89,82,'2022-05-01','cash',50000,1,1),(90,82,'2022-05-31','cash',50000,1,1),(91,82,'2022-07-01','cash',50000,1,1),(92,82,'2022-07-31','cash',50000,1,1),(93,82,'2022-08-31','cash',50000,1,1),(94,82,'2022-10-01','cash',50000,1,1),(95,82,'2022-10-31','cash',50000,1,1),(96,82,'2022-12-01','cash',50000,1,1),(97,82,'2022-12-31','cash',50000,1,1),(98,82,'2023-01-31','cash',50000,1,1),(99,82,'2023-03-03','cash',50000,1,1),(100,82,'2023-03-31','cash',50000,1,1),(101,82,'2023-05-01','cash',50000,1,1),(102,82,'2023-05-31','cash',50000,1,1),(103,82,'2023-07-01','cash',50000,1,1),(104,82,'2023-07-31','cash',50000,1,1),(105,82,'2023-08-31','cash',50000,1,1),(106,82,'2023-10-01','cash',50000,1,1),(107,82,'2023-10-31','cash',50000,1,1),(108,82,'2023-12-01','cash',50000,1,1);
/*!40000 ALTER TABLE `payments` ENABLE KEYS */;
UNLOCK TABLES;

--
-- Table structure for table `payrools`
--

DROP TABLE IF EXISTS `payrools`;
/*!40101 SET @saved_cs_client     = @@character_set_client */;
/*!50503 SET character_set_client = utf8mb4 */;
CREATE TABLE `payrools` (
  `id` int(10) unsigned NOT NULL AUTO_INCREMENT,
  `employee_id` int(11) DEFAULT NULL,
  `user_id` int(11) DEFAULT NULL,
  `amount` double NOT NULL,
  `paying_method` varchar(191) COLLATE utf8mb4_unicode_ci DEFAULT NULL,
  `description` text COLLATE utf8mb4_unicode_ci,
  `created_at` datetime NOT NULL DEFAULT CURRENT_TIMESTAMP,
  `deleted_at` timestamp NULL DEFAULT NULL,
  `date_payment` date NOT NULL COMMENT 'Date de début de paiement',
  `end_payement` date NOT NULL COMMENT 'Date de fin de paiement',
  `status` int(11) NOT NULL DEFAULT '1',
  PRIMARY KEY (`id`)
) ENGINE=InnoDB DEFAULT CHARSET=utf8mb4 COLLATE=utf8mb4_unicode_ci;
/*!40101 SET character_set_client = @saved_cs_client */;

--
-- Dumping data for table `payrools`
--

LOCK TABLES `payrools` WRITE;
/*!40000 ALTER TABLE `payrools` DISABLE KEYS */;
/*!40000 ALTER TABLE `payrools` ENABLE KEYS */;
UNLOCK TABLES;

--
-- Table structure for table `permission_role`
--

DROP TABLE IF EXISTS `permission_role`;
/*!40101 SET @saved_cs_client     = @@character_set_client */;
/*!50503 SET character_set_client = utf8mb4 */;
CREATE TABLE `permission_role` (
  `role_id` int(10) unsigned NOT NULL,
  `permission_id` int(10) unsigned NOT NULL,
  PRIMARY KEY (`role_id`,`permission_id`),
  KEY `permission_role_permission_id_foreign` (`permission_id`),
  CONSTRAINT `permission_role_permission_id_foreign` FOREIGN KEY (`permission_id`) REFERENCES `permissions` (`id`) ON DELETE CASCADE,
  CONSTRAINT `permission_role_role_id_foreign` FOREIGN KEY (`role_id`) REFERENCES `roles` (`id`) ON DELETE CASCADE
) ENGINE=InnoDB DEFAULT CHARSET=utf8mb4 COLLATE=utf8mb4_unicode_ci;
/*!40101 SET character_set_client = @saved_cs_client */;

--
-- Dumping data for table `permission_role`
--

LOCK TABLES `permission_role` WRITE;
/*!40000 ALTER TABLE `permission_role` DISABLE KEYS */;
INSERT INTO `permission_role` VALUES (4,1),(5,1),(4,2),(5,2),(5,3),(4,4),(5,4),(4,5),(5,5),(3,6),(4,6),(5,6),(3,7),(4,7),(5,7),(1,8),(3,8),(4,8),(5,8),(1,9),(3,9),(4,9),(5,9),(5,10),(1,11),(2,11),(4,11),(5,11),(1,12),(2,12),(4,12),(5,12),(1,13),(2,13),(4,13),(5,13),(4,14),(5,14),(5,15),(4,16),(5,16),(1,17),(3,17),(4,17),(5,17),(1,18),(3,18),(4,18),(5,18),(5,19),(1,20),(3,20),(4,20),(5,20),(1,21),(3,21),(4,21),(5,21),(1,22),(3,22),(4,22),(5,22),(1,23),(4,23),(5,23),(1,24),(4,24),(5,24),(1,25),(4,25),(5,25),(1,26),(3,26),(4,26),(5,26),(4,27),(5,27),(4,28),(5,28),(5,29);
/*!40000 ALTER TABLE `permission_role` ENABLE KEYS */;
UNLOCK TABLES;

--
-- Table structure for table `permission_user`
--

DROP TABLE IF EXISTS `permission_user`;
/*!40101 SET @saved_cs_client     = @@character_set_client */;
/*!50503 SET character_set_client = utf8mb4 */;
CREATE TABLE `permission_user` (
  `user_id` int(10) unsigned NOT NULL,
  `permission_id` int(10) unsigned NOT NULL,
  PRIMARY KEY (`user_id`,`permission_id`),
  KEY `permission_user_permission_id_foreign` (`permission_id`),
  CONSTRAINT `permission_user_permission_id_foreign` FOREIGN KEY (`permission_id`) REFERENCES `permissions` (`id`) ON DELETE CASCADE,
  CONSTRAINT `permission_user_user_id_foreign` FOREIGN KEY (`user_id`) REFERENCES `users` (`id`) ON DELETE CASCADE
) ENGINE=InnoDB DEFAULT CHARSET=utf8mb4 COLLATE=utf8mb4_unicode_ci;
/*!40101 SET character_set_client = @saved_cs_client */;

--
-- Dumping data for table `permission_user`
--

LOCK TABLES `permission_user` WRITE;
/*!40000 ALTER TABLE `permission_user` DISABLE KEYS */;
INSERT INTO `permission_user` VALUES (94,2),(103,2),(93,8),(93,10),(93,13),(72,14),(74,14),(103,25);
/*!40000 ALTER TABLE `permission_user` ENABLE KEYS */;
UNLOCK TABLES;

--
-- Table structure for table `permissions`
--

DROP TABLE IF EXISTS `permissions`;
/*!40101 SET @saved_cs_client     = @@character_set_client */;
/*!50503 SET character_set_client = utf8mb4 */;
CREATE TABLE `permissions` (
  `id` int(10) unsigned NOT NULL AUTO_INCREMENT,
  `name` varchar(191) COLLATE utf8mb4_unicode_ci NOT NULL,
  `is_active` tinyint(4) NOT NULL DEFAULT '1',
  `slug` varchar(191) COLLATE utf8mb4_unicode_ci NOT NULL,
  `description` text COLLATE utf8mb4_unicode_ci,
  `created_at` datetime NOT NULL DEFAULT CURRENT_TIMESTAMP,
  `deleted_at` timestamp NULL DEFAULT NULL,
  PRIMARY KEY (`id`)
) ENGINE=InnoDB AUTO_INCREMENT=30 DEFAULT CHARSET=utf8mb4 COLLATE=utf8mb4_unicode_ci;
/*!40101 SET character_set_client = @saved_cs_client */;

--
-- Dumping data for table `permissions`
--

LOCK TABLES `permissions` WRITE;
/*!40000 ALTER TABLE `permissions` DISABLE KEYS */;
INSERT INTO `permissions` VALUES (1,'Consulter les employés',1,'show_employee',NULL,'2020-11-07 02:38:50',NULL),(2,'Gérer les employés',1,'manage_employee',NULL,'2020-11-07 02:38:50',NULL),(3,'Supprimer un utilisateur',1,'user_delete',NULL,'2020-11-07 02:38:50',NULL),(4,'Consulter les permissions',1,'show_permissions',NULL,'2020-11-07 02:38:50',NULL),(5,'Gérer le rôle et les Permisisons',1,'manage_role_and_permissions',NULL,'2020-11-07 02:38:50',NULL),(6,'Consulter les bons de commandes',1,'show_purchase_orders',NULL,'2020-11-07 02:38:50',NULL),(7,'Imprimer les bons de commande',1,'print_purchase_orders',NULL,'2020-11-07 02:38:50',NULL),(8,'Etablir les bons de commande',1,'create_purchase_orders',NULL,'2020-11-07 02:38:50',NULL),(9,'Valider les bons de commande',1,'validate_purchase_orders',NULL,'2020-11-07 02:38:50',NULL),(10,'Supprimer les bons de commande',1,'delete_purchase_orders',NULL,'2020-11-07 02:38:50',NULL),(11,'Consulter les commandes clientes',1,'show_sale_orders',NULL,'2020-11-07 02:38:50',NULL),(12,'Imprimer les commandes clientes',1,'print_sale_orders',NULL,'2020-11-07 02:38:50',NULL),(13,'Etablir les commandes clientes',1,'create_sale_orders',NULL,'2020-11-07 02:38:50',NULL),(14,'Valider les commandes clientes',1,'validate_sale_orders',NULL,'2020-11-07 02:38:50',NULL),(15,'Supprimer les commandes clientes',1,'delete_sale_orders',NULL,'2020-11-07 02:38:50',NULL),(16,'Gérer le site',1,'manage_site',NULL,'2020-11-07 02:38:50',NULL),(17,'Consulter la liste de produits',1,'show_products',NULL,'2020-11-07 02:38:50',NULL),(18,'Modifier les produits',1,'update_products',NULL,'2020-11-07 02:38:50',NULL),(19,'Supprimer les produits',1,'delete_products',NULL,'2020-11-07 02:38:50',NULL),(20,'Consulter la liste des fournisseurs',1,'show_suppliers',NULL,'2020-11-07 02:38:50',NULL),(21,'Modifier les fournisseurs',1,'update_suppliers',NULL,'2020-11-07 02:38:50',NULL),(22,'Supprimer les fournisseurs',1,'delete_suppliers',NULL,'2020-11-07 02:38:50',NULL),(23,'Consulter la liste des clients',1,'show_customers',NULL,'2020-11-07 02:38:50',NULL),(24,'Modifier les clients',1,'update_customers',NULL,'2020-11-07 02:38:50',NULL),(25,'Supprimer les clients',1,'delete_customers',NULL,'2020-11-07 02:38:50',NULL),(26,'Consulter les équipes de travail',1,'show_teams',NULL,'2020-11-07 02:38:50',NULL),(27,'Gérer les équipes de travail',1,'manage_teams',NULL,'2020-11-07 02:38:50',NULL),(28,'Supprimer une équipe de travail',1,'delete_team',NULL,'2020-11-07 02:38:50',NULL),(29,'Gérer les charges',1,'manage_expenses',NULL,'2020-11-07 02:38:50',NULL);
/*!40000 ALTER TABLE `permissions` ENABLE KEYS */;
UNLOCK TABLES;

--
-- Table structure for table `product_purchase`
--

DROP TABLE IF EXISTS `product_purchase`;
/*!40101 SET @saved_cs_client     = @@character_set_client */;
/*!50503 SET character_set_client = utf8mb4 */;
CREATE TABLE `product_purchase` (
  `product_id` int(11) DEFAULT NULL,
  `purchase_id` int(11) DEFAULT NULL,
  `site_id` int(11) DEFAULT NULL,
  `qty` int(11) NOT NULL,
  `damages` int(11) NOT NULL DEFAULT '0',
  `cost` double NOT NULL,
  `is_active` tinyint(4) NOT NULL DEFAULT '1',
  `created_at` datetime NOT NULL DEFAULT CURRENT_TIMESTAMP,
  `deleted_at` timestamp NULL DEFAULT NULL
) ENGINE=InnoDB DEFAULT CHARSET=utf8mb4 COLLATE=utf8mb4_unicode_ci;
/*!40101 SET character_set_client = @saved_cs_client */;

--
-- Dumping data for table `product_purchase`
--

LOCK TABLES `product_purchase` WRITE;
/*!40000 ALTER TABLE `product_purchase` DISABLE KEYS */;
INSERT INTO `product_purchase` VALUES (23,2,36,30,0,700,1,'2020-09-10 21:10:16',NULL),(30,2,36,10,0,750,1,'2020-09-10 21:10:16',NULL),(91,2,36,20,0,1000,1,'2020-09-10 21:10:16',NULL),(93,2,36,20,0,1000,1,'2020-09-10 21:10:16',NULL),(2,3,31,12,0,949,1,'2020-10-09 09:33:46',NULL),(9,3,31,12,0,1052,1,'2020-10-09 09:33:46',NULL),(7,3,31,24,0,1102,1,'2020-10-09 09:33:46',NULL),(23,1,36,6,0,700,1,'2020-10-09 10:34:43',NULL),(18,4,36,3,0,1000,1,'2020-10-10 16:51:29',NULL),(1,5,44,10,0,1000,1,'2020-10-11 17:35:25',NULL),(3,6,46,5,0,63,1,'2020-11-03 18:39:57',NULL),(3,7,46,5,0,63,1,'2020-11-03 18:45:16',NULL),(1,7,46,7,0,30,1,'2020-11-03 18:45:16',NULL),(3,8,46,20,0,63,1,'2020-11-03 19:00:40',NULL),(2,9,35,1,0,1000,1,'2020-11-04 20:22:51',NULL),(1,9,35,1,0,1000,1,'2020-11-04 20:22:51',NULL),(9,10,33,3,0,1052,1,'2020-11-04 20:26:43',NULL),(210,11,53,12,0,1000,1,'2020-11-06 18:40:41',NULL),(1,12,36,10,0,700,1,'2020-11-06 20:00:32',NULL),(15,12,36,10,0,1000,1,'2020-11-06 20:00:32',NULL),(29,12,36,9,0,1000,1,'2020-11-06 20:00:32',NULL),(4,12,36,6,0,1000,1,'2020-11-06 20:00:32',NULL),(1,13,52,12,0,22,1,'2020-11-11 18:08:31',NULL),(1,14,52,1,0,22,1,'2020-11-11 18:09:25',NULL),(7,15,33,1,0,1102,1,'2020-11-13 04:38:22',NULL),(4,16,58,32,0,1000,1,'2020-11-19 02:00:43',NULL),(11,16,58,41,0,1000,1,'2020-11-19 02:00:43',NULL),(20,16,58,11,0,1000,1,'2020-11-19 02:00:43',NULL),(4,17,58,32,0,1000,1,'2020-11-19 02:00:44',NULL),(11,17,58,41,0,1000,1,'2020-11-19 02:00:44',NULL),(20,17,58,11,0,1000,1,'2020-11-19 02:00:44',NULL),(19,18,36,12,0,900,1,'2020-12-02 17:16:25',NULL),(80,18,36,10,0,1000,1,'2020-12-02 17:16:25',NULL),(21,19,36,10,0,900,1,'2020-12-02 17:17:47',NULL),(289,19,36,10,0,800,1,'2020-12-02 17:17:47',NULL),(21,20,36,12,0,900,1,'2020-12-07 11:30:47',NULL),(19,20,36,12,0,900,1,'2020-12-07 11:30:47',NULL),(80,20,36,15,0,1000,1,'2020-12-07 11:30:47',NULL);
/*!40000 ALTER TABLE `product_purchase` ENABLE KEYS */;
UNLOCK TABLES;

--
-- Table structure for table `product_sale`
--

DROP TABLE IF EXISTS `product_sale`;
/*!40101 SET @saved_cs_client     = @@character_set_client */;
/*!50503 SET character_set_client = utf8mb4 */;
CREATE TABLE `product_sale` (
  `id` int(10) unsigned NOT NULL AUTO_INCREMENT,
  `sale_id` int(11) DEFAULT NULL,
  `product_id` int(11) DEFAULT NULL,
  `site_id` int(11) DEFAULT NULL,
  `qty` int(11) NOT NULL,
  `price` int(11) NOT NULL,
  `is_active` tinyint(4) NOT NULL DEFAULT '1',
  `created_at` datetime NOT NULL DEFAULT CURRENT_TIMESTAMP,
  `deleted_at` timestamp NULL DEFAULT NULL,
  PRIMARY KEY (`id`)
) ENGINE=InnoDB AUTO_INCREMENT=324 DEFAULT CHARSET=utf8mb4 COLLATE=utf8mb4_unicode_ci;
/*!40101 SET character_set_client = @saved_cs_client */;

--
-- Dumping data for table `product_sale`
--

LOCK TABLES `product_sale` WRITE;
/*!40000 ALTER TABLE `product_sale` DISABLE KEYS */;
INSERT INTO `product_sale` VALUES (1,1,23,36,1,700,1,'2020-09-04 13:09:03',NULL),(2,1,21,36,1,900,1,'2020-09-04 13:09:03',NULL),(3,1,27,36,1,800,1,'2020-09-04 13:09:03',NULL),(4,1,3,36,1,800,1,'2020-09-04 13:09:03',NULL),(5,2,9,32,1,1052,1,'2020-09-04 16:49:37',NULL),(6,2,14,32,1,1000,1,'2020-09-04 16:49:37',NULL),(7,3,14,32,1,1000,1,'2020-09-04 17:55:44',NULL),(8,4,9,32,1,1052,1,'2020-09-04 17:56:50',NULL),(9,5,3,36,1,800,1,'2020-09-07 11:37:31',NULL),(10,5,27,36,1,800,1,'2020-09-07 11:37:31',NULL),(11,5,10,36,1,1000,1,'2020-09-07 11:37:31',NULL),(12,5,18,36,1,1000,1,'2020-09-07 11:37:31',NULL),(13,6,3,36,1,800,1,'2020-09-07 11:37:32',NULL),(14,6,27,36,1,800,1,'2020-09-07 11:37:32',NULL),(15,6,10,36,1,1000,1,'2020-09-07 11:37:32',NULL),(16,6,18,36,1,1000,1,'2020-09-07 11:37:32',NULL),(17,7,3,36,1,800,1,'2020-09-07 11:46:07',NULL),(18,7,23,36,2,700,1,'2020-09-07 11:46:07',NULL),(19,7,21,36,1,900,1,'2020-09-07 11:46:07',NULL),(20,7,18,36,1,1000,1,'2020-09-07 11:46:07',NULL),(21,8,48,36,4,350,1,'2020-09-07 17:47:27',NULL),(22,8,1,36,2,700,1,'2020-09-07 17:47:27',NULL),(23,9,23,36,3,700,1,'2020-09-07 17:48:12',NULL),(24,9,27,36,4,800,1,'2020-09-07 17:48:12',NULL),(25,9,18,36,7,1000,1,'2020-09-07 17:48:12',NULL),(26,10,27,36,1,800,1,'2020-09-09 11:55:06',NULL),(27,11,27,36,2,800,1,'2020-09-10 19:55:52',NULL),(28,12,80,36,10,1000,1,'2020-09-10 19:57:39',NULL),(29,12,23,36,10,700,1,'2020-09-10 19:57:39',NULL),(30,12,21,36,10,900,1,'2020-09-10 19:57:39',NULL),(31,12,10,36,8,1000,1,'2020-09-10 19:57:39',NULL),(32,12,91,36,10,1000,1,'2020-09-10 19:57:39',NULL),(33,12,155,36,7,1000,1,'2020-09-10 19:57:39',NULL),(34,12,15,36,10,1000,1,'2020-09-10 19:57:39',NULL),(38,14,27,36,1,800,1,'2020-09-10 20:21:10',NULL),(39,14,23,36,1,700,1,'2020-09-10 20:21:10',NULL),(40,14,19,36,1,900,1,'2020-09-10 20:21:10',NULL),(41,14,149,36,1,1000,1,'2020-09-10 20:21:10',NULL),(42,15,27,36,3,800,1,'2020-09-10 20:25:53',NULL),(43,15,149,36,1,1000,1,'2020-09-10 20:25:53',NULL),(44,15,15,36,1,1000,1,'2020-09-10 20:25:53',NULL),(45,15,18,36,2,1000,1,'2020-09-10 20:25:53',NULL),(46,15,173,36,4,1000,1,'2020-09-10 20:25:53',NULL),(47,15,91,36,2,1000,1,'2020-09-10 20:25:53',NULL),(48,15,92,36,1,1000,1,'2020-09-10 20:25:53',NULL),(49,15,29,36,3,1000,1,'2020-09-10 20:25:53',NULL),(50,15,93,36,1,1000,1,'2020-09-10 20:25:53',NULL),(51,15,80,36,1,1000,1,'2020-09-10 20:25:53',NULL),(52,15,3,36,1,800,1,'2020-09-10 20:25:53',NULL),(53,15,1,36,1,700,1,'2020-09-10 20:25:53',NULL),(54,15,10,36,1,1000,1,'2020-09-10 20:25:53',NULL),(55,15,23,36,1,700,1,'2020-09-10 20:25:53',NULL),(56,15,155,36,1,1000,1,'2020-09-10 20:25:53',NULL),(57,13,173,36,1,1000,1,'2020-09-10 20:26:17',NULL),(58,13,91,36,1,1000,1,'2020-09-10 20:26:17',NULL),(59,13,148,36,1,1000,1,'2020-09-10 20:26:17',NULL),(60,16,3,36,1,800,1,'2020-09-10 20:26:50',NULL),(61,16,18,36,1,1000,1,'2020-09-10 20:26:50',NULL),(62,16,10,36,1,1000,1,'2020-09-10 20:26:51',NULL),(63,16,19,36,1,900,1,'2020-09-10 20:26:51',NULL),(64,16,15,36,1,1000,1,'2020-09-10 20:26:51',NULL),(65,17,149,36,5,1000,1,'2020-09-10 20:26:54',NULL),(66,17,93,36,10,1000,1,'2020-09-10 20:26:54',NULL),(67,17,80,36,8,1000,1,'2020-09-10 20:26:55',NULL),(68,18,48,36,3,350,1,'2020-09-10 20:27:19',NULL),(69,18,27,36,2,800,1,'2020-09-10 20:27:19',NULL),(70,18,21,36,2,900,1,'2020-09-10 20:27:19',NULL),(71,18,15,36,3,1000,1,'2020-09-10 20:27:19',NULL),(72,19,23,36,1,700,1,'2020-09-10 20:27:47',NULL),(73,19,92,36,2,1000,1,'2020-09-10 20:27:47',NULL),(74,20,27,36,2,800,1,'2020-09-10 20:28:06',NULL),(75,20,148,36,2,1000,1,'2020-09-10 20:28:06',NULL),(76,20,173,36,1,1000,1,'2020-09-10 20:28:06',NULL),(77,20,29,36,1,1000,1,'2020-09-10 20:28:06',NULL),(78,20,93,36,1,1000,1,'2020-09-10 20:28:06',NULL),(79,20,3,36,1,800,1,'2020-09-10 20:28:06',NULL),(80,20,10,36,2,1000,1,'2020-09-10 20:28:06',NULL),(81,20,155,36,1,1000,1,'2020-09-10 20:28:06',NULL),(82,20,18,36,1,1000,1,'2020-09-10 20:28:06',NULL),(83,21,173,36,1,1000,1,'2020-09-10 20:28:51',NULL),(84,21,93,36,2,1000,1,'2020-09-10 20:28:51',NULL),(85,21,29,36,1,1000,1,'2020-09-10 20:28:51',NULL),(86,21,80,36,1,1000,1,'2020-09-10 20:28:51',NULL),(87,22,155,36,1,1000,1,'2020-09-10 20:30:03',NULL),(88,22,3,36,1,800,1,'2020-09-10 20:30:03',NULL),(89,22,30,36,1,750,1,'2020-09-10 20:30:03',NULL),(90,23,3,36,1,800,1,'2020-09-10 20:35:43',NULL),(91,23,80,36,1,1000,1,'2020-09-10 20:35:43',NULL),(92,23,29,36,1,1000,1,'2020-09-10 20:35:43',NULL),(93,23,93,36,1,1000,1,'2020-09-10 20:35:43',NULL),(94,24,27,36,3,800,1,'2020-09-10 20:56:08',NULL),(95,24,23,36,1,700,1,'2020-09-10 20:56:08',NULL),(96,24,19,36,1,900,1,'2020-09-10 20:56:08',NULL),(97,24,1,36,2,700,1,'2020-09-10 20:56:08',NULL),(98,25,27,36,4,800,1,'2020-09-10 21:00:44',NULL),(99,25,15,36,9,1000,1,'2020-09-10 21:00:44',NULL),(100,25,1,36,4,700,1,'2020-09-10 21:00:44',NULL),(101,26,27,36,3,800,1,'2020-09-10 21:04:34',NULL),(102,26,23,36,1,700,1,'2020-09-10 21:04:34',NULL),(103,26,21,36,6,900,1,'2020-09-10 21:04:34',NULL),(104,26,19,36,1,900,1,'2020-09-10 21:04:34',NULL),(105,27,23,36,6,700,1,'2020-09-10 21:05:09',NULL),(106,27,21,36,5,900,1,'2020-09-10 21:05:09',NULL),(107,27,27,36,5,800,1,'2020-09-10 21:05:09',NULL),(108,28,27,36,1,800,1,'2020-09-17 10:39:14',NULL),(109,28,18,36,1,1000,1,'2020-09-17 10:39:14',NULL),(110,28,48,36,1,350,1,'2020-09-17 10:39:14',NULL),(111,28,80,36,1,1000,1,'2020-09-17 10:39:14',NULL),(112,29,3,36,1,800,1,'2020-09-17 12:17:28',NULL),(113,29,21,36,1,900,1,'2020-09-17 12:17:28',NULL),(114,29,23,36,1,700,1,'2020-09-17 12:17:28',NULL),(115,30,27,36,1,800,1,'2020-09-17 12:18:40',NULL),(116,30,23,36,1,700,1,'2020-09-17 12:18:40',NULL),(117,30,19,36,1,900,1,'2020-09-17 12:18:40',NULL),(118,31,23,36,2,700,1,'2020-09-17 15:59:52',NULL),(119,31,21,36,1,900,1,'2020-09-17 15:59:52',NULL),(120,31,18,36,1,1000,1,'2020-09-17 15:59:52',NULL),(121,31,10,36,2,1000,1,'2020-09-17 15:59:52',NULL),(122,31,19,36,1,900,1,'2020-09-17 15:59:52',NULL),(123,31,1,36,1,700,1,'2020-09-17 15:59:52',NULL),(124,32,27,36,1,800,1,'2020-09-17 16:02:19',NULL),(125,32,23,36,1,700,1,'2020-09-17 16:02:19',NULL),(126,32,21,36,1,900,1,'2020-09-17 16:02:19',NULL),(127,32,19,36,1,900,1,'2020-09-17 16:02:19',NULL),(128,32,1,36,1,700,1,'2020-09-17 16:02:19',NULL),(129,33,2,33,1,949,1,'2020-09-18 22:20:33',NULL),(130,33,10,33,1,1082,1,'2020-09-18 22:20:33',NULL),(131,34,126,40,3,1000,1,'2020-09-24 18:21:25',NULL),(132,35,1,40,3,700,1,'2020-09-24 18:48:19',NULL),(133,35,126,40,2,1000,1,'2020-09-24 18:48:19',NULL),(135,36,1,40,1,700,1,'2020-09-24 18:58:31',NULL),(136,37,1,40,4,700,1,'2020-09-24 19:00:38',NULL),(137,37,126,40,4,1000,1,'2020-09-24 19:00:38',NULL),(138,37,44,40,5,700,1,'2020-09-24 19:00:38',NULL),(139,38,126,40,3,1000,1,'2020-09-25 10:55:13',NULL),(140,39,15,36,2,1000,1,'2020-10-09 14:17:03',NULL),(141,39,48,36,1,350,1,'2020-10-09 14:17:03',NULL),(142,39,10,36,1,1000,1,'2020-10-09 14:17:03',NULL),(143,40,3,36,2,800,1,'2020-10-09 14:23:11',NULL),(144,40,10,36,1,1000,1,'2020-10-09 14:23:11',NULL),(145,41,15,36,1,1000,1,'2020-10-09 21:51:59',NULL),(146,41,29,36,1,1000,1,'2020-10-09 21:51:59',NULL),(147,42,3,36,1,800,1,'2020-10-10 17:44:10',NULL),(148,42,27,36,1,800,1,'2020-10-10 17:44:10',NULL),(149,42,23,36,3,700,1,'2020-10-10 17:44:10',NULL),(150,43,1,44,1,1000,1,'2020-10-11 17:39:32',NULL),(151,43,7,44,6,1000,1,'2020-10-11 17:39:32',NULL),(152,43,29,44,1,1000,1,'2020-10-11 17:39:32',NULL),(153,44,7,45,2,1000,1,'2020-10-11 17:40:30',NULL),(154,45,29,45,1,1000,1,'2020-10-11 17:41:31',NULL),(155,46,7,44,4,1000,1,'2020-10-12 01:14:16',NULL),(156,46,29,44,2,1000,1,'2020-10-12 01:14:16',NULL),(157,47,7,44,3,1000,1,'2020-10-12 01:14:46',NULL),(158,47,1,44,2,1000,1,'2020-10-12 01:14:46',NULL),(159,48,1,45,2,1000,1,'2020-10-12 01:16:07',NULL),(160,49,1,44,1,1000,1,'2020-10-12 01:20:50',NULL),(161,50,3,36,1,800,1,'2020-10-12 06:44:27',NULL),(162,50,10,36,1,1000,1,'2020-10-12 06:44:27',NULL),(163,50,29,36,1,1000,1,'2020-10-12 06:44:27',NULL),(164,50,1,36,3,700,1,'2020-10-12 06:44:27',NULL),(165,50,15,36,5,1000,1,'2020-10-12 06:44:27',NULL),(166,51,27,36,1,800,1,'2020-10-12 07:00:48',NULL),(167,52,1,44,3,1000,1,'2020-10-12 08:11:40',NULL),(168,53,2,31,3,949,1,'2020-10-12 09:34:57',NULL),(169,53,14,31,3,1000,1,'2020-10-12 09:34:57',NULL),(170,54,1,31,3,953,1,'2020-10-12 12:38:06',NULL),(171,54,2,31,5,949,1,'2020-10-12 12:38:06',NULL),(172,54,7,31,6,1102,1,'2020-10-12 12:38:06',NULL),(173,55,3,36,3,800,1,'2020-10-13 15:46:31',NULL),(174,55,21,36,1,900,1,'2020-10-13 15:46:31',NULL),(175,55,19,36,1,900,1,'2020-10-13 15:46:31',NULL),(176,56,27,36,1,800,1,'2020-10-13 17:28:25',NULL),(177,56,18,36,2,1000,1,'2020-10-13 17:28:25',NULL),(178,56,10,36,1,1000,1,'2020-10-13 17:28:25',NULL),(179,56,48,36,1,350,1,'2020-10-13 17:28:25',NULL),(180,57,7,36,1,1000,1,'2020-11-02 22:28:36',NULL),(181,57,27,36,1,800,1,'2020-11-02 22:28:36',NULL),(182,57,80,36,1,1000,1,'2020-11-02 22:28:36',NULL),(183,58,7,36,1,1000,1,'2020-11-02 22:30:47',NULL),(184,58,27,36,1,800,1,'2020-11-02 22:30:47',NULL),(185,58,80,36,1,1000,1,'2020-11-02 22:30:47',NULL),(186,59,3,36,1,800,1,'2020-11-03 10:26:49',NULL),(187,59,21,36,1,900,1,'2020-11-03 10:26:49',NULL),(188,59,18,36,1,1000,1,'2020-11-03 10:26:49',NULL),(189,59,1,36,1,700,1,'2020-11-03 10:26:49',NULL),(190,60,3,36,1,800,1,'2020-11-03 10:27:59',NULL),(191,60,21,36,1,900,1,'2020-11-03 10:27:59',NULL),(192,60,18,36,1,1000,1,'2020-11-03 10:27:59',NULL),(193,60,1,36,1,700,1,'2020-11-03 10:27:59',NULL),(194,61,3,36,1,800,1,'2020-11-03 10:29:00',NULL),(195,61,21,36,1,900,1,'2020-11-03 10:29:00',NULL),(196,61,18,36,1,1000,1,'2020-11-03 10:29:00',NULL),(197,61,1,36,1,700,1,'2020-11-03 10:29:00',NULL),(198,62,1,33,3,953,1,'2020-11-03 17:31:32',NULL),(199,62,9,33,3,1052,1,'2020-11-03 17:31:32',NULL),(200,63,3,46,1,63,1,'2020-11-03 18:36:37',NULL),(201,64,1,46,9,30,1,'2020-11-03 18:43:26',NULL),(202,64,3,46,6,63,1,'2020-11-03 18:43:26',NULL),(203,65,3,46,1,63,1,'2020-11-03 19:06:52',NULL),(204,65,1,46,1,30,1,'2020-11-03 19:06:52',NULL),(205,66,1,46,9,30,1,'2020-11-03 19:10:14',NULL),(206,66,3,46,8,63,1,'2020-11-03 19:10:14',NULL),(207,67,1,31,2,953,1,'2020-11-03 19:29:51',NULL),(208,68,2,32,1,949,1,'2020-11-03 20:00:12',NULL),(209,69,2,31,1,949,1,'2020-11-03 21:49:12',NULL),(210,69,9,31,1,1052,1,'2020-11-03 21:49:12',NULL),(211,70,3,36,2,800,1,'2020-11-04 06:27:41',NULL),(212,70,23,36,3,700,1,'2020-11-04 06:27:41',NULL),(213,70,27,36,2,800,1,'2020-11-04 06:27:41',NULL),(214,71,3,36,1,800,1,'2020-11-04 07:33:25',NULL),(215,72,23,36,1,700,1,'2020-11-05 16:50:46',NULL),(216,72,21,36,1,900,1,'2020-11-05 16:50:46',NULL),(217,72,10,36,1,1000,1,'2020-11-05 16:50:46',NULL),(218,72,18,36,1,1000,1,'2020-11-05 16:50:46',NULL),(219,73,1,52,7,22,1,'2020-11-05 17:31:52',NULL),(220,74,1,52,10,22,1,'2020-11-05 17:35:03',NULL),(221,75,1,52,10,22,1,'2020-11-05 17:36:00',NULL),(222,76,1,52,33,22,1,'2020-11-05 17:55:11',NULL),(223,77,1,52,1,22,1,'2020-11-05 18:40:56',NULL),(224,78,1,52,1,22,1,'2020-11-05 18:42:06',NULL),(225,79,1,52,1,22,1,'2020-11-05 19:38:13',NULL),(226,80,1,52,7,22,1,'2020-11-06 16:48:26',NULL),(227,81,21,53,4,1000,1,'2020-11-06 18:36:12',NULL),(228,82,1,52,1,22,1,'2020-11-08 19:45:34',NULL),(229,83,1,52,1,22,1,'2020-11-08 19:46:28',NULL),(230,84,1,33,2,953,1,'2020-11-08 20:07:50',NULL),(231,85,10,36,1,1000,1,'2020-11-09 17:14:24',NULL),(232,85,48,36,1,350,1,'2020-11-09 17:14:24',NULL),(233,85,29,36,1,1000,1,'2020-11-09 17:14:24',NULL),(234,85,2,36,1,1000,1,'2020-11-09 17:14:24',NULL),(235,86,21,36,1,900,1,'2020-11-09 17:17:35',NULL),(236,86,19,36,1,900,1,'2020-11-09 17:17:35',NULL),(237,86,29,36,1,1000,1,'2020-11-09 17:17:35',NULL),(238,86,2,36,1,1000,1,'2020-11-09 17:17:35',NULL),(239,87,23,36,1,700,1,'2020-11-10 14:56:04',NULL),(240,87,27,36,1,800,1,'2020-11-10 14:56:04',NULL),(241,87,7,36,1,1000,1,'2020-11-10 14:56:04',NULL),(242,88,23,36,1,700,1,'2020-11-10 15:03:33',NULL),(243,88,18,36,1,1000,1,'2020-11-10 15:03:33',NULL),(244,88,1,36,1,700,1,'2020-11-10 15:03:33',NULL),(245,88,48,36,1,350,1,'2020-11-10 15:03:33',NULL),(246,88,148,36,1,1000,1,'2020-11-10 15:03:33',NULL),(247,89,7,53,1,1000,1,'2020-11-10 17:11:32',NULL),(248,89,21,53,1,1000,1,'2020-11-10 17:11:32',NULL),(249,89,210,53,1,1000,1,'2020-11-10 17:11:33',NULL),(250,89,49,53,1,1000,1,'2020-11-10 17:11:33',NULL),(251,90,7,53,1,1000,1,'2020-11-11 17:34:57',NULL),(252,90,21,53,1,1000,1,'2020-11-11 17:34:58',NULL),(253,91,210,53,1,1000,1,'2020-11-11 17:36:40',NULL),(254,92,1,52,1,22,1,'2020-11-11 17:53:31',NULL),(255,93,1,52,1,22,1,'2020-11-11 17:53:32',NULL),(256,94,1,52,1,22,1,'2020-11-11 17:53:32',NULL),(257,95,1,52,1,22,1,'2020-11-11 18:04:17',NULL),(258,96,1,52,1,22,1,'2020-11-11 18:20:53',NULL),(259,97,21,53,5,1000,1,'2020-11-12 16:51:32',NULL),(260,98,29,36,2,1000,1,'2020-11-12 22:03:56',NULL),(261,98,27,36,1,800,1,'2020-11-12 22:03:56',NULL),(262,98,19,36,1,900,1,'2020-11-12 22:03:56',NULL),(263,98,23,36,1,700,1,'2020-11-12 22:03:56',NULL),(264,99,1,57,2,4,1,'2020-11-13 17:46:33',NULL),(265,100,10,36,1,1000,1,'2020-11-16 19:08:36',NULL),(266,100,27,36,1,800,1,'2020-11-16 19:08:36',NULL),(267,100,18,36,1,1000,1,'2020-11-16 19:08:36',NULL),(268,100,15,36,1,1000,1,'2020-11-16 19:08:36',NULL),(269,100,29,36,1,1000,1,'2020-11-16 19:08:36',NULL),(270,100,1,36,1,700,1,'2020-11-16 19:08:36',NULL),(271,100,21,36,3,900,1,'2020-11-16 19:08:36',NULL),(272,101,4,58,5,1000,1,'2020-11-19 02:07:09',NULL),(273,101,15,58,3,1000,1,'2020-11-19 02:07:09',NULL),(274,102,4,60,2,1000,1,'2020-11-19 02:17:54',NULL),(275,103,11,58,1,1000,1,'2020-11-19 02:57:50',NULL),(276,104,11,60,2,1000,1,'2020-11-19 02:58:39',NULL),(277,105,4,58,3,1000,1,'2020-11-19 02:59:44',NULL),(278,105,20,58,1,1000,1,'2020-11-19 02:59:44',NULL),(279,106,1,57,2,4,1,'2020-11-20 06:09:06',NULL),(280,107,21,53,1,1000,1,'2020-11-21 01:25:50',NULL),(281,108,27,36,1,800,1,'2020-11-27 07:36:59',NULL),(282,108,18,36,1,1000,1,'2020-11-27 07:36:59',NULL),(283,108,1,36,1,700,1,'2020-11-27 07:36:59',NULL),(284,108,48,36,1,350,1,'2020-11-27 07:36:59',NULL),(285,109,23,36,1,700,1,'2020-11-27 21:32:01',NULL),(286,109,18,36,1,1000,1,'2020-11-27 21:32:01',NULL),(287,109,1,36,1,700,1,'2020-11-27 21:32:01',NULL),(288,109,29,36,1,1000,1,'2020-11-27 21:32:01',NULL),(289,109,80,36,1,1000,1,'2020-11-27 21:32:01',NULL),(290,110,21,53,41,1000,1,'2020-11-28 16:07:01',NULL),(291,111,23,36,1,700,1,'2020-12-02 07:57:28',NULL),(292,111,18,36,1,1000,1,'2020-12-02 07:57:28',NULL),(293,111,10,36,1,1000,1,'2020-12-02 07:57:28',NULL),(294,111,1,36,1,700,1,'2020-12-02 07:57:28',NULL),(295,111,48,36,1,350,1,'2020-12-02 07:57:28',NULL),(296,112,23,36,1,700,1,'2020-12-02 17:20:11',NULL),(297,112,1,36,1,700,1,'2020-12-02 17:20:11',NULL),(298,112,18,36,1,1000,1,'2020-12-02 17:20:11',NULL),(299,112,48,36,1,350,1,'2020-12-02 17:20:11',NULL),(300,112,15,36,1,1000,1,'2020-12-02 17:20:11',NULL),(301,113,27,36,2,800,1,'2020-12-05 10:37:11',NULL),(302,113,7,36,1,1000,1,'2020-12-05 10:37:11',NULL),(303,113,19,36,1,900,1,'2020-12-05 10:37:11',NULL),(304,113,18,36,2,1000,1,'2020-12-05 10:37:11',NULL),(305,113,23,36,1,700,1,'2020-12-05 10:37:11',NULL),(306,114,23,36,1,700,1,'2020-12-05 10:42:34',NULL),(307,114,21,36,1,900,1,'2020-12-05 10:42:34',NULL),(308,114,18,36,1,1000,1,'2020-12-05 10:42:34',NULL),(309,115,18,36,1,1000,1,'2020-12-05 11:20:46',NULL),(310,115,1,36,1,700,1,'2020-12-05 11:20:46',NULL),(311,115,29,36,1,1000,1,'2020-12-05 11:20:46',NULL),(312,115,7,36,1,1000,1,'2020-12-05 11:20:46',NULL),(313,116,23,36,8,700,1,'2020-12-07 11:44:26',NULL),(314,116,18,36,7,1000,1,'2020-12-07 11:44:26',NULL),(315,116,289,36,1,800,1,'2020-12-07 11:44:26',NULL),(316,117,23,36,1,700,1,'2020-12-07 12:05:13',NULL),(317,117,7,36,1,1000,1,'2020-12-07 12:05:14',NULL),(318,117,29,36,1,1000,1,'2020-12-07 12:05:14',NULL),(319,117,15,36,1,1000,1,'2020-12-07 12:05:14',NULL),(320,118,23,36,1,700,1,'2020-12-07 12:05:14',NULL),(321,118,7,36,1,1000,1,'2020-12-07 12:05:14',NULL),(322,118,29,36,1,1000,1,'2020-12-07 12:05:14',NULL),(323,118,15,36,1,1000,1,'2020-12-07 12:05:14',NULL);
/*!40000 ALTER TABLE `product_sale` ENABLE KEYS */;
UNLOCK TABLES;

--
-- Table structure for table `product_site`
--

DROP TABLE IF EXISTS `product_site`;
/*!40101 SET @saved_cs_client     = @@character_set_client */;
/*!50503 SET character_set_client = utf8mb4 */;
CREATE TABLE `product_site` (
  `site_id` int(10) unsigned NOT NULL,
  `product_id` int(10) unsigned NOT NULL,
  `taxe_id` int(11) DEFAULT NULL,
  `cost` double NOT NULL,
  `price` double NOT NULL,
  `qty` int(11) NOT NULL,
  `qty_alert` int(11) NOT NULL,
  `is_active` tinyint(4) NOT NULL DEFAULT '1',
  `promotion` tinyint(4) NOT NULL DEFAULT '0',
  `promotion_price` double DEFAULT NULL,
  `promotion_start` date DEFAULT NULL,
  `promotion_end` date DEFAULT NULL,
  `tax_method` varchar(191) COLLATE utf8mb4_unicode_ci DEFAULT NULL,
  `created_at` datetime NOT NULL DEFAULT CURRENT_TIMESTAMP,
  `deleted_at` timestamp NULL DEFAULT NULL
) ENGINE=InnoDB DEFAULT CHARSET=utf8mb4 COLLATE=utf8mb4_unicode_ci;
/*!40101 SET character_set_client = @saved_cs_client */;

--
-- Dumping data for table `product_site`
--

LOCK TABLES `product_site` WRITE;
/*!40000 ALTER TABLE `product_site` DISABLE KEYS */;
INSERT INTO `product_site` VALUES (36,3,NULL,500,800,91,10,1,0,NULL,NULL,NULL,NULL,'2020-09-04 12:41:49',NULL),(36,27,NULL,500,800,180,10,1,0,NULL,NULL,NULL,NULL,'2020-09-04 12:41:50',NULL),(36,23,NULL,500,700,299,10,1,0,NULL,NULL,NULL,NULL,'2020-09-04 12:41:50',NULL),(36,21,NULL,500,900,246,10,1,0,NULL,NULL,NULL,NULL,'2020-09-04 12:41:50',NULL),(36,18,NULL,500,1000,84,10,1,0,NULL,NULL,NULL,NULL,'2020-09-04 12:41:50',NULL),(36,10,NULL,500,1000,488,10,1,0,NULL,NULL,NULL,NULL,'2020-09-04 12:41:50',NULL),(31,1,NULL,534,953,47,0,1,0,NULL,NULL,NULL,NULL,'2020-09-04 16:48:29',NULL),(32,1,NULL,534,953,50,0,1,0,NULL,NULL,NULL,NULL,'2020-09-04 16:48:30',NULL),(33,1,NULL,534,953,44,0,1,0,NULL,NULL,NULL,NULL,'2020-09-04 16:48:30',NULL),(31,2,NULL,500,949,32,0,1,0,NULL,NULL,NULL,NULL,'2020-09-04 16:48:30',NULL),(32,2,NULL,500,949,40,0,1,0,NULL,NULL,NULL,NULL,'2020-09-04 16:48:30',NULL),(33,2,NULL,500,949,39,0,1,0,NULL,NULL,NULL,NULL,'2020-09-04 16:48:30',NULL),(31,9,NULL,559,1052,50,0,1,0,NULL,NULL,NULL,NULL,'2020-09-04 16:48:30',NULL),(32,9,NULL,559,1052,48,0,1,0,NULL,NULL,NULL,NULL,'2020-09-04 16:48:30',NULL),(33,9,NULL,559,1052,47,0,1,0,NULL,NULL,NULL,NULL,'2020-09-04 16:48:30',NULL),(31,10,NULL,500,1082,20,0,1,0,NULL,NULL,NULL,NULL,'2020-09-04 16:48:30',NULL),(32,10,NULL,500,1082,20,0,1,0,NULL,NULL,NULL,NULL,'2020-09-04 16:48:31',NULL),(33,10,NULL,500,1082,19,0,1,0,NULL,NULL,NULL,NULL,'2020-09-04 16:48:31',NULL),(31,7,NULL,584,1102,13,0,1,0,NULL,NULL,NULL,NULL,'2020-09-04 16:48:31',NULL),(32,7,NULL,584,1102,19,0,1,0,NULL,NULL,NULL,NULL,'2020-09-04 16:48:31',NULL),(33,7,NULL,584,1102,19,0,1,0,NULL,NULL,NULL,NULL,'2020-09-04 16:48:31',NULL),(31,14,NULL,500,1000,47,0,1,0,NULL,NULL,NULL,NULL,'2020-09-04 16:48:31',NULL),(32,14,NULL,500,1000,48,0,1,0,NULL,NULL,NULL,NULL,'2020-09-04 16:48:31',NULL),(33,14,NULL,500,1000,50,0,1,0,NULL,NULL,NULL,NULL,'2020-09-04 16:48:31',NULL),(31,23,NULL,630,1070,50,0,1,0,NULL,NULL,NULL,NULL,'2020-09-04 16:48:31',NULL),(32,23,NULL,630,1070,50,0,1,0,NULL,NULL,NULL,NULL,'2020-09-04 16:48:32',NULL),(33,23,NULL,630,1070,50,0,1,0,NULL,NULL,NULL,NULL,'2020-09-04 16:48:32',NULL),(31,86,NULL,553,1048,41,0,1,0,NULL,NULL,NULL,NULL,'2020-09-04 16:48:32',NULL),(32,86,NULL,553,1048,41,0,1,0,NULL,NULL,NULL,NULL,'2020-09-04 16:48:32',NULL),(33,86,NULL,553,1048,41,0,1,0,NULL,NULL,NULL,NULL,'2020-09-04 16:48:32',NULL),(31,89,NULL,571,1125,67,0,1,0,NULL,NULL,NULL,NULL,'2020-09-04 16:48:32',NULL),(32,89,NULL,571,1125,67,0,1,0,NULL,NULL,NULL,NULL,'2020-09-04 16:48:32',NULL),(33,89,NULL,571,1125,67,0,1,0,NULL,NULL,NULL,NULL,'2020-09-04 16:48:32',NULL),(36,1,NULL,5400,700,9,2,1,0,NULL,NULL,NULL,NULL,'2020-09-07 17:40:10',NULL),(36,30,NULL,7500,750,33,2,1,0,NULL,NULL,NULL,NULL,'2020-09-07 17:43:34',NULL),(36,48,NULL,3500,350,18,2,1,0,NULL,NULL,NULL,NULL,'2020-09-07 17:44:10',NULL),(36,19,NULL,2000,900,210,10,1,0,NULL,NULL,NULL,NULL,'2020-09-10 19:49:47',NULL),(36,15,NULL,5000,1000,179,10,1,0,NULL,NULL,NULL,NULL,'2020-09-10 19:49:47',NULL),(36,148,NULL,20000,1000,200,10,1,0,NULL,NULL,NULL,NULL,'2020-09-10 19:49:47',NULL),(36,149,NULL,15000,1000,200,10,1,0,NULL,NULL,NULL,NULL,'2020-09-10 19:49:48',NULL),(36,155,NULL,100000,1000,192,10,1,0,NULL,NULL,NULL,NULL,'2020-09-10 19:49:48',NULL),(36,155,NULL,100000,1000,192,10,1,0,NULL,NULL,NULL,NULL,'2020-09-10 19:49:48',NULL),(36,173,NULL,50000,1000,199,10,1,0,NULL,NULL,NULL,NULL,'2020-09-10 19:49:48',NULL),(36,173,NULL,50000,1000,199,10,1,0,NULL,NULL,NULL,NULL,'2020-09-10 19:49:48',NULL),(36,91,NULL,30000,1000,210,10,1,0,NULL,NULL,NULL,NULL,'2020-09-10 19:49:48',NULL),(36,91,NULL,30000,1000,210,10,1,0,NULL,NULL,NULL,NULL,'2020-09-10 19:49:48',NULL),(36,92,NULL,50000,1000,198,10,1,0,NULL,NULL,NULL,NULL,'2020-09-10 19:49:48',NULL),(36,92,NULL,50000,1000,198,10,1,0,NULL,NULL,NULL,NULL,'2020-09-10 19:49:48',NULL),(36,93,NULL,190000,1000,217,10,1,0,NULL,NULL,NULL,NULL,'2020-09-10 19:49:48',NULL),(36,93,NULL,190000,1000,217,10,1,0,NULL,NULL,NULL,NULL,'2020-09-10 19:49:48',NULL),(36,29,NULL,40000,1000,198,10,1,0,NULL,NULL,NULL,NULL,'2020-09-10 19:49:48',NULL),(36,29,NULL,40000,1000,198,10,1,0,NULL,NULL,NULL,NULL,'2020-09-10 19:49:48',NULL),(36,80,NULL,200000,1000,201,10,1,0,NULL,NULL,NULL,NULL,'2020-09-10 19:49:49',NULL),(36,80,NULL,200000,1000,201,10,1,0,NULL,NULL,NULL,NULL,'2020-09-10 19:49:49',NULL),(36,150,NULL,500,1000,0,0,1,0,NULL,NULL,NULL,NULL,'2020-09-14 15:56:41',NULL),(36,147,NULL,500,1000,0,0,1,0,NULL,NULL,NULL,NULL,'2020-09-14 15:56:41',NULL),(40,1,NULL,5400,700,11,2,1,0,NULL,NULL,NULL,NULL,'2020-09-24 18:19:22',NULL),(40,44,NULL,6400,700,24,2,1,0,NULL,NULL,NULL,NULL,'2020-09-24 18:20:06',NULL),(40,126,NULL,7000,1000,6,2,1,0,NULL,NULL,NULL,NULL,'2020-09-24 18:20:41',NULL),(36,289,NULL,500,800,499,10,1,0,NULL,NULL,NULL,NULL,'2020-10-09 21:20:43',NULL),(36,2,NULL,500,1000,0,0,1,0,NULL,NULL,NULL,NULL,'2020-10-09 21:42:05',NULL),(36,4,NULL,500,1000,0,0,1,0,NULL,NULL,NULL,NULL,'2020-10-09 21:42:05',NULL),(36,7,NULL,500,1000,-2,0,1,0,NULL,NULL,NULL,NULL,'2020-10-09 21:42:06',NULL),(36,6,NULL,500,1000,0,0,1,0,NULL,NULL,NULL,NULL,'2020-10-09 21:42:06',NULL),(44,1,NULL,500,1000,8,1,1,0,NULL,NULL,NULL,NULL,'2020-10-11 17:06:43',NULL),(45,1,NULL,500,1000,10,1,1,0,NULL,NULL,NULL,NULL,'2020-10-11 17:06:43',NULL),(44,7,NULL,500,1000,-6,1,1,0,NULL,NULL,NULL,NULL,'2020-10-11 17:06:43',NULL),(44,7,NULL,500,1000,-6,1,1,0,NULL,NULL,NULL,NULL,'2020-10-11 17:06:43',NULL),(45,7,NULL,500,1000,8,1,1,0,NULL,NULL,NULL,NULL,'2020-10-11 17:06:43',NULL),(45,7,NULL,500,1000,8,1,1,0,NULL,NULL,NULL,NULL,'2020-10-11 17:06:43',NULL),(44,29,NULL,500,1000,16,3,1,0,NULL,NULL,NULL,NULL,'2020-10-11 17:06:44',NULL),(45,29,NULL,500,1000,20,3,1,0,NULL,NULL,NULL,NULL,'2020-10-11 17:06:44',NULL),(44,29,NULL,500,1000,16,3,1,0,NULL,NULL,NULL,NULL,'2020-10-11 17:06:44',NULL),(45,29,NULL,500,1000,20,3,1,0,NULL,NULL,NULL,NULL,'2020-10-11 17:06:44',NULL),(46,3,NULL,46,63,5,11,1,0,NULL,NULL,NULL,NULL,'2020-11-03 18:34:06',NULL),(46,1,NULL,20,30,-2,9,1,0,NULL,NULL,NULL,NULL,'2020-11-03 18:42:15',NULL),(33,6,NULL,500,1000,0,0,1,0,NULL,NULL,NULL,NULL,'2020-11-04 19:25:02',NULL),(33,8,NULL,500,1000,0,0,1,0,NULL,NULL,NULL,NULL,'2020-11-04 19:25:02',NULL),(35,2,NULL,500,1000,1,0,1,0,NULL,NULL,NULL,NULL,'2020-11-04 20:22:19',NULL),(35,4,NULL,500,1000,0,0,1,0,NULL,NULL,NULL,NULL,'2020-11-04 20:22:19',NULL),(35,1,NULL,500,1000,4,0,1,0,NULL,NULL,NULL,NULL,'2020-11-04 20:22:19',NULL),(35,7,NULL,500,1000,6,0,1,0,NULL,NULL,NULL,NULL,'2020-11-04 20:22:19',NULL),(35,8,NULL,500,1000,5,0,1,0,NULL,NULL,NULL,NULL,'2020-11-04 20:22:19',NULL),(52,1,NULL,20,22,-61,8,1,0,NULL,NULL,NULL,NULL,'2020-11-05 16:45:31',NULL),(53,7,NULL,500,1000,-2,0,1,0,NULL,NULL,NULL,NULL,'2020-11-06 18:35:05',NULL),(53,8,NULL,500,1000,0,0,1,0,NULL,NULL,NULL,NULL,'2020-11-06 18:35:05',NULL),(53,21,NULL,500,1000,-1,32,1,0,NULL,NULL,NULL,NULL,'2020-11-06 18:35:05',NULL),(53,215,NULL,500,1000,32,18,1,0,NULL,NULL,NULL,NULL,'2020-11-06 18:35:06',NULL),(53,210,NULL,500,1000,-3,0,1,0,NULL,NULL,NULL,NULL,'2020-11-06 18:35:06',NULL),(53,49,NULL,500,1000,-2,0,1,0,NULL,NULL,NULL,NULL,'2020-11-06 18:35:06',NULL),(53,49,NULL,500,1000,-2,0,1,0,NULL,NULL,NULL,NULL,'2020-11-06 18:35:06',NULL),(53,9,NULL,500,1000,0,0,1,0,NULL,NULL,NULL,NULL,'2020-11-06 18:35:06',NULL),(57,1,NULL,2,4,2,1,1,0,NULL,NULL,NULL,NULL,'2020-11-10 18:35:23',NULL),(58,4,NULL,500,1000,127,4,1,0,NULL,NULL,NULL,NULL,'2020-11-19 01:59:25',NULL),(60,4,NULL,500,1000,100,4,1,0,NULL,NULL,NULL,NULL,'2020-11-19 01:59:25',NULL),(58,11,NULL,500,1000,141,4,1,0,NULL,NULL,NULL,NULL,'2020-11-19 01:59:25',NULL),(60,11,NULL,500,1000,100,4,1,0,NULL,NULL,NULL,NULL,'2020-11-19 01:59:25',NULL),(58,15,NULL,500,1000,97,4,1,0,NULL,NULL,NULL,NULL,'2020-11-19 01:59:25',NULL),(60,15,NULL,500,1000,100,4,1,0,NULL,NULL,NULL,NULL,'2020-11-19 01:59:25',NULL),(58,20,NULL,500,1000,111,4,1,0,NULL,NULL,NULL,NULL,'2020-11-19 01:59:25',NULL),(60,20,NULL,500,1000,100,4,1,0,NULL,NULL,NULL,NULL,'2020-11-19 01:59:25',NULL),(58,24,NULL,500,1000,100,4,1,0,NULL,NULL,NULL,NULL,'2020-11-19 01:59:26',NULL),(60,24,NULL,500,1000,100,4,1,0,NULL,NULL,NULL,NULL,'2020-11-19 01:59:26',NULL);
/*!40000 ALTER TABLE `product_site` ENABLE KEYS */;
UNLOCK TABLES;

--
-- Table structure for table `products`
--

DROP TABLE IF EXISTS `products`;
/*!40101 SET @saved_cs_client     = @@character_set_client */;
/*!50503 SET character_set_client = utf8mb4 */;
CREATE TABLE `products` (
  `id` int(10) unsigned NOT NULL AUTO_INCREMENT,
  `category_id` int(11) DEFAULT NULL,
  `unit_id` int(11) DEFAULT NULL,
  `name` varchar(191) COLLATE utf8mb4_unicode_ci NOT NULL,
  `code` varchar(191) COLLATE utf8mb4_unicode_ci DEFAULT NULL,
  `description` text COLLATE utf8mb4_unicode_ci,
  `brand` varchar(191) COLLATE utf8mb4_unicode_ci DEFAULT NULL,
  `type` varchar(191) COLLATE utf8mb4_unicode_ci DEFAULT NULL,
  `barcode_symbology` varchar(191) COLLATE utf8mb4_unicode_ci DEFAULT NULL,
  `photo` varchar(191) COLLATE utf8mb4_unicode_ci DEFAULT NULL,
  `is_active` tinyint(4) NOT NULL DEFAULT '1',
  `created_at` datetime NOT NULL DEFAULT CURRENT_TIMESTAMP,
  `deleted_at` timestamp NULL DEFAULT NULL,
  PRIMARY KEY (`id`),
  UNIQUE KEY `products_code_unique` (`code`)
) ENGINE=InnoDB AUTO_INCREMENT=293 DEFAULT CHARSET=utf8mb4 COLLATE=utf8mb4_unicode_ci;
/*!40101 SET character_set_client = @saved_cs_client */;

--
-- Dumping data for table `products`
--

LOCK TABLES `products` WRITE;
/*!40000 ALTER TABLE `products` DISABLE KEYS */;
INSERT INTO `products` VALUES (1,1,1,'Beaufort Tango 50cl','5f554c62e1805',NULL,'Brasseries',NULL,NULL,'template/assets/static/products/Snack Bar/Bières/Beaufort Tango 50cl.png',1,'2020-09-03 22:10:17',NULL),(2,1,1,'Isenbeck fut 30 litres','5f554c7dc4115',NULL,'Brasseries',NULL,NULL,'template/assets/static/products/Snack Bar/Bières/Isenbeck fut 30 litres.png',1,'2020-09-03 22:11:10',NULL),(3,1,1,'Isenbeck 33cl','5f5543a56e0b8',NULL,'Brasseries',NULL,NULL,'template/assets/static/products/Snack Bar/Bières/Isenbeck 33cl.png',1,'2020-09-03 22:12:01','2020-11-04 19:25:21'),(4,1,3,'Isenbeck 50cl','5f5545d12de97',NULL,'Brasseries',NULL,NULL,'template/assets/static/products/Snack Bar/Bières/Isenbeck 50cl.png',1,'2020-09-03 22:13:16',NULL),(5,1,1,'Isenbeck 65cl','5f5545facf9c4',NULL,'Brasseries',NULL,NULL,'template/assets/static/products/Snack Bar/Bières/Isenbeck 65cl.png',1,'2020-09-03 22:15:34','2020-11-06 17:59:17'),(6,1,1,'33 Export 33cl','5f5548dc24f81',NULL,'Brasseries',NULL,NULL,'template/assets/static/products/Snack Bar/Bières/33 Export 33cl.png',1,'2020-09-03 22:15:34','2020-11-04 19:25:33'),(7,1,1,'33 Export 50cl','5f5548f8313c6',NULL,'Brasseries',NULL,NULL,'template/assets/static/products/Snack Bar/Bières/33 Export 50cl.png',1,'2020-09-03 22:17:32',NULL),(8,1,1,'33 Export 65cl','5f554918aa531',NULL,'Brasseries',NULL,NULL,'template/assets/static/products/Snack Bar/Bières/33 Export 65cl.png',1,'2020-09-03 22:17:33',NULL),(9,1,1,'Beaufort Lager 50cl','5f626c722bfd0',NULL,'Brasseries',NULL,NULL,'template/assets/static/products/Snack Bar/Bières/Beaufort Lager 50cl.png',1,'2020-09-03 22:18:34',NULL),(10,1,1,'Beaufort Light 50cl','5f554a57acc51',NULL,'Brasseries',NULL,NULL,'template/assets/static/products/Snack Bar/Bières/Beaufort Light 50cl.png',1,'2020-09-03 22:25:55',NULL),(11,1,1,'Castel fut de 30 litres','5f554a7ec062d',NULL,'Brasseries',NULL,NULL,'template/assets/static/products/Snack Bar/Bières/Castel fut de 30 litres.png',1,'2020-09-03 22:29:09',NULL),(12,1,1,'Castel 33cl','5f569ea72a252',NULL,'Brasseries',NULL,NULL,'template/assets/static/products/Snack Bar/Bières/Castel 33cl.png',1,'2020-09-03 22:30:00',NULL),(13,1,1,'Castel 50cl','5f569ec58fe53',NULL,'Brasseries',NULL,NULL,'template/assets/static/products/Snack Bar/Bières/Castel 50cl.png',1,'2020-09-03 22:31:26',NULL),(14,1,1,'Castel 65cl','5f569ed5bd546',NULL,'Brasseries',NULL,NULL,'template/assets/static/products/Snack Bar/Bières/Castel 65cl.png',1,'2020-09-03 22:32:02',NULL),(15,1,1,'Manyan 65cl','5f569eee8a0d3',NULL,'Brasseries',NULL,NULL,'template/assets/static/products/Snack Bar/Bières/Manyan 65cl.png',1,'2020-09-03 22:33:51',NULL),(16,1,1,'Doppel Munich 33cl','5f569f02cd4a7',NULL,'Brasseries',NULL,NULL,'template/assets/static/products/Snack Bar/Bières/Doppel Munich 33cl.png',1,'2020-09-03 22:36:14',NULL),(17,1,1,'Doppel Munich 50cl','5f569f1a12e80',NULL,'Brasseries',NULL,NULL,'template/assets/static/products/Snack Bar/Bières/Doppel Munich 50cl.png',1,'2020-09-03 22:37:00',NULL),(18,1,1,'Doppel Munich 65cl','5f569f323f4bd',NULL,'Brasseries',NULL,NULL,'template/assets/static/products/Snack Bar/Bières/Doppel Munich 65cl.png',1,'2020-09-03 22:37:34',NULL),(19,1,1,'Pelforth Extra Stout 33cl','5f569f4947b77',NULL,'Brasseries',NULL,NULL,'template/assets/static/products/Snack Bar/Bières/Pelforth Extra Stout 33cl.png',1,'2020-09-03 22:39:07',NULL),(20,1,1,'Pelforth Extra Stout 65cl','5f5170be8546d',NULL,'Brasseries',NULL,NULL,'template/assets/static/products/Snack Bar/Bières/Pelforth Extra Stout 65cl.png',1,'2020-09-03 22:39:58',NULL),(21,1,1,'Amstel 65cl','5f569f8431f38',NULL,'Brasseries',NULL,NULL,'template/assets/static/products/Snack Bar/Bières/Amstel 65cl.png',1,'2020-09-03 22:41:21',NULL),(22,1,1,'Heineken 33cl','5f51728466fd3',NULL,'Brasseries',NULL,NULL,'template/assets/static/products/Snack Bar/Bières/Heineken 33cl.png',1,'2020-09-03 22:47:32',NULL),(23,1,3,'Heineken 50cl','5f5172c8d53f2',NULL,'Brasseries',NULL,NULL,'template/assets/static/products/Snack Bar/Bières/Heineken 50cl.png',1,'2020-09-03 22:48:41',NULL),(24,1,1,'Mutzig 33cl','5f52140f87099','','Brasseries',NULL,NULL,'template/assets/static/products/Snack Bar/Bières/Mutzig 33cl.png',1,'2020-09-04 10:16:47',NULL),(25,1,1,'Mutzig 50cl','5f52153cc5d61','','Brasseries',NULL,NULL,'template/assets/static/products/Snack Bar/Bières/Mutzig 50cl.png',1,'2020-09-04 10:21:49',NULL),(26,1,1,'Mutzig 65cl','5f52153d23d36','','Brasseries',NULL,NULL,'template/assets/static/products/Snack Bar/Bières/Mutzig 65cl.png',1,'2020-09-04 10:21:49',NULL),(27,1,1,'Mutzig 50cl','5f5215416e4c5','','Brasseries',NULL,NULL,'template/assets/static/products/Snack Bar/Bières/Mutzig 50cl.png',1,'2020-09-04 10:21:53',NULL),(28,1,1,'Mutzig 65cl','5f521541cb4b4','','Brasseries',NULL,NULL,'template/assets/static/products/Snack Bar/Bières/Mutzig 65cl.png',1,'2020-09-04 10:21:53',NULL),(29,1,1,'Castle Milk Stout 50cl','5f521584e8fb0',NULL,'Brasseries',NULL,NULL,'template/assets/static/products/Snack Bar/Bières/Castle Milk Stout 50cl.png',1,'2020-09-04 10:23:01',NULL),(30,2,1,'D\'jino C-Fruits  Pet 100cl','5f569fa30eaba',NULL,'Brasseries',NULL,NULL,'template/assets/static/products/Snack Bar/Boissons Gazeuses/D\'jino C-Fruits  Pet 100cl.png',1,'2020-09-04 10:26:13',NULL),(31,2,1,'D\'jino C-Fruits  Pet 200cl','5f569fd20b589',NULL,'Brasseries',NULL,NULL,'template/assets/static/products/Snack Bar/Boissons Gazeuses/D\'jino C-Fruits  Pet 200cl.png',1,'2020-09-04 10:26:13',NULL),(32,2,1,'D\'jino C-Fruits  Pet 35cl','5f569fef60cd8',NULL,'Brasseries',NULL,NULL,'template/assets/static/products/Snack Bar/Boissons Gazeuses/D\'jino C-Fruits  Pet 35cl.png',1,'2020-09-04 10:28:37',NULL),(33,2,1,'D\'jino C-Fruits  Pet 60cl','5f56a015b849a',NULL,'Brasseries',NULL,NULL,'template/assets/static/products/Snack Bar/Boissons Gazeuses/D\'jino C-Fruits  Pet 60cl.png',1,'2020-09-04 10:28:38',NULL),(34,2,1,'XXL 30cl','5f5218dcbcd93','1','Brasseries',NULL,NULL,'template/assets/static/products/Snack Bar/Boissons Gazeuses/XXL 30cl.png',1,'2020-09-04 10:37:16',NULL),(35,2,1,'XXL 33cl ','5f5218dd26bfd','1','Brasseries',NULL,NULL,'template/assets/static/products/Snack Bar/Boissons Gazeuses/XXL 33cl .png',1,'2020-09-04 10:37:17',NULL),(36,2,1,'XXL 35cl ','5f5218dd714c7','1','Brasseries',NULL,NULL,'template/assets/static/products/Snack Bar/Boissons Gazeuses/XXL 35cl .png',1,'2020-09-04 10:37:17',NULL),(37,2,1,'Sirop Grenadine 50cl','5f647338001d3',NULL,'Brasseries',NULL,NULL,'template/assets/static/products/Snack Bar/Boissons Gazeuses/Sirop Grenadine 50cl.png',1,'2020-09-04 10:52:01',NULL),(38,2,1,'Sirop Menthe 50cl','5f56a05789dab',NULL,'Brasseries',NULL,NULL,'template/assets/static/products/Snack Bar/Boissons Gazeuses/Sirop Menthe 50cl.png',1,'2020-09-04 10:52:01',NULL),(39,2,3,'Top Ananas Pet 100 CL','5f64707680d1e',NULL,'Brasseries',NULL,NULL,'template/assets/static/products/Snack Bar/Boissons Gazeuses/Top Ananas Pet 100 CL.png',1,'2020-09-04 10:52:01',NULL),(40,2,3,'Top Ananas Pet 200cl','5f64709e063bf',NULL,'Brasseries',NULL,NULL,'template/assets/static/products/Snack Bar/Boissons Gazeuses/Top Ananas Pet 200cl.png',1,'2020-09-04 11:00:21',NULL),(41,2,3,'Top Ananas 30cl','5f6470cc29d93',NULL,'Brasseries',NULL,NULL,'template/assets/static/products/Snack Bar/Boissons Gazeuses/Top Ananas 30cl.png',1,'2020-09-04 11:09:28',NULL),(42,2,3,'Top Anana Pet 35cl','5f69e23d8597e',NULL,'Brasseries',NULL,NULL,'template/assets/static/products/Snack Bar/Boissons Gazeuses/Top Anana Pet 35cl.png',1,'2020-09-04 11:10:57',NULL),(43,2,3,'Top Ananas 60cl','5f6470cbf0a69',NULL,'Brasseries',NULL,NULL,'template/assets/static/products/Snack Bar/Boissons Gazeuses/Top Ananas 60cl.png',1,'2020-09-04 11:21:39',NULL),(44,2,3,'Coca-Cola Pet 100cl','5f52251b889db',NULL,'Brasseries',NULL,NULL,'template/assets/static/products/Snack Bar/Boissons Gazeuses/Coca-Cola Pet 100cl.png',1,'2020-09-04 11:24:20',NULL),(45,2,3,'Coca-Cola Pet 200cl','5f5224d3191c3',NULL,'Brasseries',NULL,NULL,'template/assets/static/products/Snack Bar/Boissons Gazeuses/Coca-Cola Pet 200cl.png',1,'2020-09-04 11:28:19',NULL),(46,2,3,'Coca-Cola 30cl','5f5226fd8d8e1',NULL,'Brasseries',NULL,NULL,'template/assets/static/products/Snack Bar/Boissons Gazeuses/Coca-Cola 30cl.png',1,'2020-09-04 11:37:33',NULL),(47,2,3,'Coca-Cola33 CL','5f69e25f90d45',NULL,'Brasseries',NULL,NULL,'template/assets/static/products/Snack Bar/Boissons Gazeuses/Coca-Cola33 CL.png',1,'2020-09-04 11:42:36',NULL),(48,2,1,'Coca-Cola Pet 35cl','5f5229336199f',NULL,'Brasseries',NULL,NULL,'template/assets/static/products/Snack Bar/Boissons Gazeuses/Coca-Cola Pet 35cl.png',1,'2020-09-04 11:46:59',NULL),(49,12,1,'Malta Guinness 33 CL','5f625da16cb5a',NULL,'Guinness',NULL,NULL,'template/assets/static/products/Snack Bar/Malt/Malta Guinness 33 CL.png',1,'2020-09-04 12:52:45',NULL),(50,12,1,'MALTA GUINNESS 33 CL','5f554db1488ca',NULL,'Guinness',NULL,NULL,'template/assets/static/products/Snack Bar/Bières/MALTA GUINNESS 33 CL.png',1,'2020-09-04 12:52:45','2020-09-06 21:01:10'),(51,1,1,'MALTA GUINNESS 33 CL','5f52389dd0143','1','1',NULL,NULL,'template/assets/static/products/Snack Bar/Bières/MALTA GUINNESS 33 CL.png',1,'2020-09-04 12:52:46','2020-09-04 14:19:07'),(52,1,1,'HARP 60CL','5f52389dbcbda','1','1',NULL,NULL,'template/assets/static/products/Snack Bar/Bières/HARP 60CL.png',1,'2020-09-04 12:52:46','2020-09-04 14:18:55'),(53,1,1,'HARP 60CL','5f52389e892b7','1','1',NULL,NULL,'template/assets/static/products/Snack Bar/Bières/HARP 60CL.png',1,'2020-09-04 12:52:46','2020-09-04 14:19:00'),(54,12,1,'MALTA GUINNESS 33 CL','5f524cb48a566','1','1',NULL,NULL,'template/assets/static/products/Snack Bar/Bières/MALTA GUINNESS 33 CL.png',1,'2020-09-04 12:52:47','2020-09-06 21:01:26'),(55,1,1,'MALTA GUINNESS 33 CL','5f52389f73728','1','1',NULL,NULL,'template/assets/static/products/Snack Bar/Bières/MALTA GUINNESS 33 CL.png',1,'2020-09-04 12:52:47','2020-09-04 14:18:19'),(56,1,1,'MALTA GUINNESS 33 CL','5f52389fabc44','1','1',NULL,NULL,'template/assets/static/products/Snack Bar/Bières/MALTA GUINNESS 33 CL.png',1,'2020-09-04 12:52:48','2020-09-04 14:16:54'),(57,10,1,'HARP 60CL','5f554e5deebd0',NULL,'Guinness',NULL,NULL,'template/assets/static/products/Snack Bar/Bières/HARP 60CL.png',1,'2020-09-04 12:52:48',NULL),(58,10,1,'HARP 30CL','5f554e70189fb',NULL,'Guinness',NULL,NULL,'template/assets/static/products/Snack Bar/Bières/HARP 60CL.png',1,'2020-09-04 12:52:48',NULL),(59,1,1,'MALTA GUINNESS 33 CL','5f5238a106a70','1','1',NULL,NULL,'template/assets/static/products/Snack Bar/Bières/MALTA GUINNESS 33 CL.png',1,'2020-09-04 12:52:49','2020-09-04 12:54:01'),(60,1,1,'HARP 60CL','5f5238a14ccf8','1','1',NULL,NULL,'template/assets/static/products/Snack Bar/Bières/HARP 60CL.png',1,'2020-09-04 12:52:49','2020-09-04 13:03:44'),(61,7,1,'Henri Abelé','5f57a68642716',NULL,'Henri Abelé',NULL,NULL,'template/assets/static/products/Snack Bar/Champagnes/Henri Abelé.png',1,'2020-09-04 14:15:07',NULL),(62,7,1,'Lanson','5f5550c51bf6d',NULL,'Lanson-BCC',NULL,NULL,'template/assets/static/products/Snack Bar/Champagnes/CHAMPAGNE LANSON.png',1,'2020-09-04 14:15:07',NULL),(63,7,1,'Laurent Perrier','5f55513430363',NULL,'Laurent Perrier',NULL,NULL,'template/assets/static/products/Snack Bar/Champagnes/LAURENT PERRIER.png',1,'2020-09-04 14:15:07',NULL),(64,7,1,'HENRI ABELÉ','5f524bebd6a6f','1','1',NULL,NULL,'template/assets/static/products/Snack Bar/Champagnes/HENRI ABELÉ.png',1,'2020-09-04 14:15:08','2020-09-06 21:03:06'),(65,7,1,'Mercier','5f5553687a15a',NULL,'LVMH',NULL,NULL,'template/assets/static/products/Snack Bar/Champagnes/MERCIER.png',1,'2020-09-04 14:15:08',NULL),(66,7,1,'CHAMPAGNE LANSON','5f524bec2b3f5','1','1',NULL,NULL,'template/assets/static/products/Snack Bar/Champagnes/CHAMPAGNE LANSON.png',1,'2020-09-04 14:15:08','2020-09-06 21:22:38'),(67,7,1,'Moet Et Chandon','5f5553c52562f',NULL,'LVMH',NULL,NULL,'template/assets/static/products/Snack Bar/Champagnes/MOET ET CHANDON.png',1,'2020-09-04 14:15:08',NULL),(68,7,1,'LAURENT PERRIER','5f524bec70767','1','1',NULL,NULL,'template/assets/static/products/Snack Bar/Champagnes/LAURENT PERRIER.png',1,'2020-09-04 14:15:08','2020-09-06 21:24:06'),(69,7,1,'Gh Mumm&cie','5f55553a2e223',NULL,'Pernod Ricard',NULL,NULL,'template/assets/static/products/Snack Bar/Champagnes/MUMM.png',1,'2020-09-04 14:15:09',NULL),(70,7,1,'MERCIER','5f524beceece1','1','1',NULL,NULL,'template/assets/static/products/Snack Bar/Champagnes/MERCIER.png',1,'2020-09-04 14:15:09','2020-09-06 21:14:49'),(71,7,1,'Nicolas  Feuillatte','5f5555ae77549',NULL,'Nicolas  Feuillatte',NULL,NULL,'template/assets/static/products/Snack Bar/Champagnes/NICOLAS FEUILLATTE.png',1,'2020-09-04 14:15:09',NULL),(72,7,1,'MOET ET CHANDON','5f524bed3fd34','1','1',NULL,NULL,'template/assets/static/products/Snack Bar/Champagnes/MOET ET CHANDON.png',1,'2020-09-04 14:15:09','2020-09-06 21:29:11'),(73,7,1,'HENRI ABELÉ','5f524bed50c87','1','1',NULL,NULL,'template/assets/static/products/Snack Bar/Champagnes/HENRI ABELÉ.png',1,'2020-09-04 14:15:09','2020-09-06 21:29:00'),(74,7,1,'Piper-Heidsieck','5f625e2e35f4b','1','Piper-Heidsieck',NULL,NULL,'template/assets/static/products/Snack Bar/Bières/PIPER HEIDSIECK.png',1,'2020-09-04 14:15:09',NULL),(75,7,1,'MUMM','5f524beda102d','1','1',NULL,NULL,'template/assets/static/products/Snack Bar/Champagnes/MUMM.png',1,'2020-09-04 14:15:09','2020-09-06 21:30:46'),(76,7,1,'CHAMPAGNE LANSON','5f524beda55fe','1','1',NULL,NULL,'template/assets/static/products/Snack Bar/Champagnes/CHAMPAGNE LANSON.png',1,'2020-09-04 14:15:09','2020-09-06 21:30:54'),(77,7,1,'Pommery','5f625e8799cfd','1','Vranken - Pommery Monopole',NULL,NULL,'template/assets/static/products/Snack Bar/Bières/POMMERY.png',1,'2020-09-04 14:15:09','2020-11-06 17:29:03'),(78,7,1,'NICOLAS FEUILLATTE','5f524bede6af5','1','1',NULL,NULL,'template/assets/static/products/Snack Bar/Champagnes/NICOLAS FEUILLATTE.png',1,'2020-09-04 14:15:10','2020-09-16 18:52:38'),(79,7,1,'LAURENT PERRIER','5f524bedef093','1','1',NULL,NULL,'template/assets/static/products/Snack Bar/Champagnes/LAURENT PERRIER.png',1,'2020-09-04 14:15:10','2020-09-06 21:31:00'),(80,7,1,'Ruinart','5f62607d242cb','1','LVMH',NULL,NULL,'template/assets/static/products/Snack Bar/Bières/RUINART.png',1,'2020-09-04 14:15:10',NULL),(81,1,1,'PIPER HEIDSIECK','5f524bee34e03','1','1',NULL,NULL,'template/assets/static/products/Snack Bar/Bières/PIPER HEIDSIECK.png',1,'2020-09-04 14:15:10','2020-09-16 18:53:03'),(82,7,1,'MERCIER','5f524bee4ac36','1','1',NULL,NULL,'template/assets/static/products/Snack Bar/Champagnes/MERCIER.png',1,'2020-09-04 14:15:10','2020-09-06 21:31:08'),(83,7,1,'Taittinger','5f6260d523abe','1','Taittinger',NULL,NULL,'template/assets/static/products/Snack Bar/Bières/TAITTINGER.png',1,'2020-09-04 14:15:10',NULL),(84,1,1,'POMMERY','5f524bee971e3','1','1',NULL,NULL,'template/assets/static/products/Snack Bar/Bières/POMMERY.png',1,'2020-09-04 14:15:10','2020-09-16 18:52:57'),(85,7,1,'MOET ET CHANDON','5f524bee9bfb5','1','1',NULL,NULL,'template/assets/static/products/Snack Bar/Champagnes/MOET ET CHANDON.png',1,'2020-09-04 14:15:10','2020-09-06 21:44:38'),(86,7,1,'Veuve Clicquot','5f6261180ba56','1','LVMH',NULL,NULL,'template/assets/static/products/Snack Bar/Bières/VEUVE_CLICQUOT.png',1,'2020-09-04 14:15:10',NULL),(87,1,1,'RUINART','5f524beedfb10','1','1',NULL,NULL,'template/assets/static/products/Snack Bar/Bières/RUINART.png',1,'2020-09-04 14:15:11','2020-09-06 21:44:50'),(88,7,1,'MUMM','5f524beee92b2','1','1',NULL,NULL,'template/assets/static/products/Snack Bar/Champagnes/MUMM.png',1,'2020-09-04 14:15:11','2020-09-06 21:44:22'),(89,1,1,'TAITTINGER','5f524bef30e54','1','1',NULL,NULL,'template/assets/static/products/Snack Bar/Bières/TAITTINGER.png',1,'2020-09-04 14:15:11','2020-09-06 21:44:30'),(90,7,1,'NICOLAS FEUILLATTE','5f524bef350a5','1','1',NULL,NULL,'template/assets/static/products/Snack Bar/Champagnes/NICOLAS FEUILLATTE.png',1,'2020-09-04 14:15:11','2020-09-16 18:52:50'),(91,1,1,'VEUVE_CLICQUOT','5f524bef86234','1','1',NULL,NULL,'template/assets/static/products/Snack Bar/Bières/VEUVE_CLICQUOT.png',1,'2020-09-04 14:15:11','2020-09-16 18:53:26'),(92,1,1,'PIPER HEIDSIECK','5f524bef8cf27','1','1',NULL,NULL,'template/assets/static/products/Snack Bar/Bières/PIPER HEIDSIECK.png',1,'2020-09-04 14:15:11','2020-09-16 18:53:18'),(93,1,1,'POMMERY','5f524befd5bf3','1','1',NULL,NULL,'template/assets/static/products/Snack Bar/Bières/POMMERY.png',1,'2020-09-04 14:15:12','2020-09-16 18:53:11'),(94,1,1,'RUINART','5f524bf02ce85','1','1',NULL,NULL,'template/assets/static/products/Snack Bar/Bières/RUINART.png',1,'2020-09-04 14:15:12','2020-09-16 19:02:10'),(95,1,1,'TAITTINGER','5f524bf09237b','1','1',NULL,NULL,'template/assets/static/products/Snack Bar/Bières/TAITTINGER.png',1,'2020-09-04 14:15:12','2020-09-16 19:02:16'),(96,1,1,'VEUVE_CLICQUOT','5f524bf0d5e72','1','1',NULL,NULL,'template/assets/static/products/Snack Bar/Bières/VEUVE_CLICQUOT.png',1,'2020-09-04 14:15:13','2020-09-16 19:02:22'),(97,2,2,'Coca-Cola Zero Pet 50cl','5f5546b753114',NULL,'Brasseries',NULL,NULL,'template/assets/static/products/Snack Bar/Boissons Gazeuses/Coca-Cola Zero Pet 50cl.png',1,'2020-09-06 20:29:43',NULL),(98,2,3,'Coca-Cola Zero Pet 100cl','5f5547b984609','','Brasseries',NULL,NULL,'template/assets/static/products/Snack Bar/Boissons Gazeuses/Coca-Cola Zero Pet 100cl.png',1,'2020-09-06 20:34:01',NULL),(99,2,2,'Coca-Cola Zero Pet 30cl','5f5547b9c9663','','Brasseries',NULL,NULL,'template/assets/static/products/Snack Bar/Boissons Gazeuses/Coca-Cola Zero Pet 30cl.png',1,'2020-09-06 20:34:01',NULL),(100,2,3,'Coca-Cola Zero Pet 35cl','5f5547ba141f0','','Brasseries',NULL,NULL,'template/assets/static/products/Snack Bar/Boissons Gazeuses/Coca-Cola Zero Pet 35cl.png',1,'2020-09-06 20:34:02',NULL),(101,2,2,'Coca-Cola Zero Pet 60cl','5f5547ba6c898','','Brasseries',NULL,NULL,'template/assets/static/products/Snack Bar/Boissons Gazeuses/Coca-Cola Zero Pet 60cl.png',1,'2020-09-06 20:34:02',NULL),(102,2,1,'Fanta Apple Pet 100cl','5f5549e8c80dc','','Brasseries',NULL,NULL,'template/assets/static/products/Snack Bar/Boissons Gazeuses/Fanta Apple Pet 100cl.png',1,'2020-09-06 20:43:20',NULL),(103,2,1,'Fanta Apple Pet 30cl','5f5549e91a997','','Brasseries',NULL,NULL,'template/assets/static/products/Snack Bar/Boissons Gazeuses/Fanta Apple Pet 30cl.png',1,'2020-09-06 20:43:21',NULL),(104,2,1,'Fanta Apple Pet 35cl','5f5549e95a542','','Brasseries',NULL,NULL,'template/assets/static/products/Snack Bar/Boissons Gazeuses/Fanta Apple Pet 35cl.png',1,'2020-09-06 20:43:21',NULL),(105,2,1,'Fanta Apple Pet 60cl','5f5549e995ff5','','Brasseries',NULL,NULL,'template/assets/static/products/Snack Bar/Boissons Gazeuses/Fanta Apple Pet 60cl.png',1,'2020-09-06 20:43:21',NULL),(106,2,1,'Fanta Orange Pet 100cl','5f554b46885bf','','Brasseries',NULL,NULL,'template/assets/static/products/Snack Bar/Boissons Gazeuses/Fanta Orange Pet 100cl.png',1,'2020-09-06 20:49:10',NULL),(107,2,1,'Fanta Orange Pet 30cl','5f554b46c9f42','','Brasseries',NULL,NULL,'template/assets/static/products/Snack Bar/Boissons Gazeuses/Fanta Orange Pet 30cl.png',1,'2020-09-06 20:49:10',NULL),(108,2,1,'Fanta Orange Pet 33cl','5f554b4713a85','','Brasseries',NULL,NULL,'template/assets/static/products/Snack Bar/Boissons Gazeuses/Fanta Orange Pet 33cl.png',1,'2020-09-06 20:49:11',NULL),(109,2,1,'Fanta Orange Pet 35cl','5f554b4751c90','','Brasseries',NULL,NULL,'template/assets/static/products/Snack Bar/Boissons Gazeuses/Fanta Orange Pet 35cl.png',1,'2020-09-06 20:49:11',NULL),(110,2,1,'Fanta Orange Pet 60cl','5f554b4795794','','Brasseries',NULL,NULL,'template/assets/static/products/Snack Bar/Boissons Gazeuses/Fanta Orange Pet 60cl.png',1,'2020-09-06 20:49:11',NULL),(111,2,1,'Sprite 100cl','5f554fe9ed909','','Brasseries',NULL,NULL,'template/assets/static/products/Snack Bar/Boissons Gazeuses/Sprite 100cl.png',1,'2020-09-06 21:08:58',NULL),(112,2,1,'Sprite 30cl','5f554fea55320','','Brasseries',NULL,NULL,'template/assets/static/products/Snack Bar/Boissons Gazeuses/Sprite 30cl.png',1,'2020-09-06 21:08:58',NULL),(113,2,1,'Sprite 33cl','5f554fea8cd04','','Brasseries',NULL,NULL,'template/assets/static/products/Snack Bar/Boissons Gazeuses/Sprite 33cl.png',1,'2020-09-06 21:08:58',NULL),(114,2,1,'Sprite 35cl','5f554feac23ea','','Brasseries',NULL,NULL,'template/assets/static/products/Snack Bar/Boissons Gazeuses/Sprite 35cl.png',1,'2020-09-06 21:08:58',NULL),(115,2,1,'Sprite 60cl','5f554feb05425','','Brasseries',NULL,NULL,'template/assets/static/products/Snack Bar/Boissons Gazeuses/Sprite 60cl.png',1,'2020-09-06 21:08:59',NULL),(116,2,1,'Schweppes Agrumes','5f5551a41fa48',NULL,'Brasseries',NULL,NULL,'template/assets/static/products/Snack Bar/Boissons Gazeuses/Schweppes Agrumes.png',1,'2020-09-06 21:16:20',NULL),(117,2,1,'Schweppes Agrumes','5f5551a42d651',NULL,'Brasseries',NULL,NULL,'template/assets/static/products/Snack Bar/Boissons Gazeuses/Schweppes Agrumes.png',1,'2020-09-06 21:16:20','2020-09-06 21:20:50'),(118,2,1,'Vimto Pet 100cl','5f55527a59f68','','Brasseries',NULL,NULL,'template/assets/static/products/Snack Bar/Boissons Gazeuses/Vimto Pet 100cl.png',1,'2020-09-06 21:19:54',NULL),(119,2,1,'Vimto Pet 33cl','5f55527aa1eca','','Brasseries',NULL,NULL,'template/assets/static/products/Snack Bar/Boissons Gazeuses/Vimto Pet 33cl.png',1,'2020-09-06 21:19:54',NULL),(120,2,1,'Vimto Pet 35cl','5f55527af34ee','','Brasseries',NULL,NULL,'template/assets/static/products/Snack Bar/Boissons Gazeuses/Vimto Pet 35cl.png',1,'2020-09-06 21:19:55',NULL),(121,2,1,'Vimto Pet 60cl','5f55527b4d538','','Brasseries',NULL,NULL,'template/assets/static/products/Snack Bar/Boissons Gazeuses/Vimto Pet 60cl.png',1,'2020-09-06 21:19:55',NULL),(122,2,1,'Orangina 100cl ','5f555472d1333','','Brasseries',NULL,NULL,'template/assets/static/products/Snack Bar/Boissons Gazeuses/Orangina 100cl .png',1,'2020-09-06 21:28:19',NULL),(123,2,1,'Orangina 30CL','5f55569c16b27',NULL,'Brasseries',NULL,NULL,'template/assets/static/products/Snack Bar/Boissons Gazeuses/ORANGINA 30CL .png',1,'2020-09-06 21:28:19',NULL),(124,2,1,'Orangina 35CL','5f5556ab2986c',NULL,'Brasseries',NULL,NULL,'template/assets/static/products/Snack Bar/Boissons Gazeuses/ORANGINA 35CL .png',1,'2020-09-06 21:28:19',NULL),(125,2,1,'Orangina 60CL','5f5556b972559',NULL,'Brasseries',NULL,NULL,'template/assets/static/products/Snack Bar/Boissons Gazeuses/ORANGINA 60CL .png',1,'2020-09-06 21:28:19',NULL),(126,4,1,'Booster Gin Tonic 50cl','5f64775b03871',NULL,'Brasseries',NULL,NULL,'template/assets/static/products/Snack Bar/Alcools mix/Booster Gin Tonic 50cl.png',1,'2020-09-06 21:35:30',NULL),(127,5,1,'Aquabelle 150cl','5f56a13dc6085',NULL,'Brasseries',NULL,NULL,'template/assets/static/products/Snack Bar/Eaux/Aquabelle 150cl.png',1,'2020-09-07 21:08:13',NULL),(128,13,1,'Chateau De Cheverny','5f62626018c3b',NULL,'Cheverny',NULL,NULL,'template/assets/static/products/Snack Bar/Champagnes/CHATEAU DE CHEVERNY.png',1,'2020-09-08 15:57:11',NULL),(129,13,1,'Chateau D\'Issan','5f6262f094cd5',NULL,'Chateau D\'Issan',NULL,NULL,'template/assets/static/products/Snack Bar/Champagnes/CHATEAU D\'ISSAN.png',1,'2020-09-08 15:57:12',NULL),(130,13,1,'CAVEALLIEE','5f626374670e6',NULL,'CAVEALLIEE',NULL,NULL,'template/assets/static/products/Snack Bar/Champagnes/CAVEALLIEE.png',1,'2020-09-08 15:57:12',NULL),(131,7,1,'CHATEAU DE CHEVERNY','5f57a9d8b22f3','','',NULL,NULL,'template/assets/static/products/Snack Bar/Champagnes/CHATEAU DE CHEVERNY.png',1,'2020-09-08 15:57:13','2020-09-16 19:07:30'),(132,13,1,'Casanova','5f62638ed3da2',NULL,'Sofavinc',NULL,NULL,'template/assets/static/products/Snack Bar/Champagnes/CASANOVA.png',1,'2020-09-08 15:57:13',NULL),(133,7,1,'CHATEAU DE CHEVERNY','5f57a9d93fd0e','','',NULL,NULL,'template/assets/static/products/Snack Bar/Champagnes/CHATEAU DE CHEVERNY.png',1,'2020-09-08 15:57:13','2020-09-16 19:07:36'),(134,7,1,'CHATEAU D\'ISSAN','5f57a9d986bda','','',NULL,NULL,'template/assets/static/products/Snack Bar/Champagnes/CHATEAU D\'ISSAN.png',1,'2020-09-08 15:57:13','2020-09-16 19:07:42'),(135,7,1,'CHATEAU D\'ISSAN','5f57a9d99fb99','','',NULL,NULL,'template/assets/static/products/Snack Bar/Champagnes/CHATEAU D\'ISSAN.png',1,'2020-09-08 15:57:13','2020-09-16 19:13:19'),(136,13,1,'Cadillac','5f626575b691a',NULL,'Cadillac',NULL,NULL,'template/assets/static/products/Snack Bar/Champagnes/CADILLAC.png',1,'2020-09-08 15:57:13',NULL),(137,7,1,'CAVEALLIEE','5f57a9d9befb0','','',NULL,NULL,'template/assets/static/products/Snack Bar/Champagnes/CAVEALLIEE.png',1,'2020-09-08 15:57:13','2020-09-16 19:13:26'),(138,7,1,'CAVEALLIEE','5f57a9d9dd33e','','',NULL,NULL,'template/assets/static/products/Snack Bar/Champagnes/CAVEALLIEE.png',1,'2020-09-08 15:57:14','2020-09-16 19:20:47'),(139,7,1,'CASANOVA','5f57a9da0181f','','',NULL,NULL,'template/assets/static/products/Snack Bar/Champagnes/CASANOVA.png',1,'2020-09-08 15:57:14','2020-09-16 19:20:55'),(140,13,1,'Chateau De Fesles','5f6265f7e9c52',NULL,'Fesles THOUARCE',NULL,NULL,'template/assets/static/products/Snack Bar/Champagnes/CHATEAU DE FESLES.png',1,'2020-09-08 15:57:14',NULL),(141,7,1,'CADILLAC','5f57a9daadbd0','','',NULL,NULL,'template/assets/static/products/Snack Bar/Champagnes/CADILLAC.png',1,'2020-09-08 15:57:15','2020-09-16 19:21:03'),(142,13,1,'Chateau De Parenchere','5f62676894059',NULL,'Parenchere',NULL,NULL,'template/assets/static/products/Snack Bar/Champagnes/CHATEAU DE PARENCHERE.png',1,'2020-09-08 15:57:15',NULL),(143,7,1,'CHATEAU DE FESLES','5f57a9db29e5f','','',NULL,NULL,'template/assets/static/products/Snack Bar/Champagnes/CHATEAU DE FESLES.png',1,'2020-09-08 15:57:15','2020-09-16 19:22:42'),(144,13,1,'Chateau Giscours','5f62686cd66ec',NULL,'Giscours',NULL,NULL,'template/assets/static/products/Snack Bar/Bières/CHATEAU GISCOURS.png',1,'2020-09-08 15:57:15',NULL),(145,7,1,'CHATEAU DE PARENCHERE','5f57a9dbc4b12','','',NULL,NULL,'template/assets/static/products/Snack Bar/Champagnes/CHATEAU DE PARENCHERE.png',1,'2020-09-08 15:57:16','2020-09-16 19:28:53'),(146,13,1,'Vins de Bordeaux','5f62697b44334',NULL,'Bordeaux',NULL,NULL,'template/assets/static/products/Snack Bar/Bières/BORDEAUX.png',1,'2020-09-08 15:57:16',NULL),(147,1,1,'CHATEAU GISCOURS','5f57a9dc361d3','','',NULL,NULL,'template/assets/static/products/Snack Bar/Bières/CHATEAU GISCOURS.png',1,'2020-09-08 15:57:16','2020-09-16 19:29:00'),(148,13,1,'Domaine Comte Peraldi','5f626a0fc428b',NULL,'Peraldi',NULL,NULL,'template/assets/static/products/Snack Bar/Bières/DOMAINE COMTE PERALDI.png',1,'2020-09-08 15:57:16',NULL),(149,13,1,'JP Chenet','5f626a3a4b9d8',NULL,'Chenet',NULL,NULL,'template/assets/static/products/Snack Bar/Bières/JP CHENET.png',1,'2020-09-08 15:57:17','2020-09-16 19:42:02'),(150,1,1,'BORDEAUX','5f57a9dc9dc70','','',NULL,NULL,'template/assets/static/products/Snack Bar/Bières/BORDEAUX.png',1,'2020-09-08 15:57:17','2020-09-16 19:39:06'),(151,7,1,'CHATEAU DE CHEVERNY','5f57a9dcd6d46','','',NULL,NULL,'template/assets/static/products/Snack Bar/Champagnes/CHATEAU DE CHEVERNY.png',1,'2020-09-08 15:57:17','2020-09-16 19:37:51'),(152,1,1,'DOMAINE COMTE PERALDI','5f57a9dd410bc','','',NULL,NULL,'template/assets/static/products/Snack Bar/Bières/DOMAINE COMTE PERALDI.png',1,'2020-09-08 15:57:17','2020-09-16 19:38:59'),(153,7,1,'CHATEAU D\'ISSAN','5f57a9dd60fd0','','',NULL,NULL,'template/assets/static/products/Snack Bar/Champagnes/CHATEAU D\'ISSAN.png',1,'2020-09-08 15:57:17','2020-09-16 19:38:53'),(154,7,1,'CHATEAU DE CHEVERNY','5f57a9dd753de','','',NULL,NULL,'template/assets/static/products/Snack Bar/Champagnes/CHATEAU DE CHEVERNY.png',1,'2020-09-08 15:57:17','2020-09-16 19:38:27'),(155,1,1,'JP CHENET','5f57a9ddbec30','','',NULL,NULL,'template/assets/static/products/Snack Bar/Bières/JP CHENET.png',1,'2020-09-08 15:57:17','2020-09-16 19:38:34'),(156,7,1,'CHATEAU D\'ISSAN','5f57a9dde4bce','','',NULL,NULL,'template/assets/static/products/Snack Bar/Champagnes/CHATEAU D\'ISSAN.png',1,'2020-09-08 15:57:18','2020-09-16 19:38:40'),(157,7,1,'CAVEALLIEE','5f57a9ddea696','','',NULL,NULL,'template/assets/static/products/Snack Bar/Champagnes/CAVEALLIEE.png',1,'2020-09-08 15:57:18','2020-09-16 19:38:47'),(158,7,1,'CAVEALLIEE','5f57a9de4a4a8','','',NULL,NULL,'template/assets/static/products/Snack Bar/Champagnes/CAVEALLIEE.png',1,'2020-09-08 15:57:18','2020-09-16 19:41:52'),(159,7,1,'CASANOVA','5f57a9de6dbbf','','',NULL,NULL,'template/assets/static/products/Snack Bar/Champagnes/CASANOVA.png',1,'2020-09-08 15:57:18','2020-09-16 19:41:56'),(160,7,1,'CASANOVA','5f57a9debbe55','','',NULL,NULL,'template/assets/static/products/Snack Bar/Champagnes/CASANOVA.png',1,'2020-09-08 15:57:18','2020-09-16 19:42:07'),(161,7,1,'CADILLAC','5f57a9dede2de','','',NULL,NULL,'template/assets/static/products/Snack Bar/Champagnes/CADILLAC.png',1,'2020-09-08 15:57:19','2020-09-16 19:42:14'),(162,7,1,'CHATEAU DE CHEVERNY','5f57a9def129d','','',NULL,NULL,'template/assets/static/products/Snack Bar/Champagnes/CHATEAU DE CHEVERNY.png',1,'2020-09-08 15:57:19','2020-09-16 19:42:18'),(163,7,1,'CADILLAC','5f57a9df27cee','','',NULL,NULL,'template/assets/static/products/Snack Bar/Champagnes/CADILLAC.png',1,'2020-09-08 15:57:19','2020-09-16 19:42:23'),(164,7,1,'CHATEAU DE CHEVERNY','5f57a9df3ad48','','',NULL,NULL,'template/assets/static/products/Snack Bar/Champagnes/CHATEAU DE CHEVERNY.png',1,'2020-09-08 15:57:19','2020-09-16 19:42:36'),(165,7,1,'CHATEAU DE FESLES','5f57a9df67d36','','',NULL,NULL,'template/assets/static/products/Snack Bar/Champagnes/CHATEAU DE FESLES.png',1,'2020-09-08 15:57:19','2020-09-16 19:42:41'),(166,7,1,'CHATEAU D\'ISSAN','5f57a9df73f91','','',NULL,NULL,'template/assets/static/products/Snack Bar/Champagnes/CHATEAU D\'ISSAN.png',1,'2020-09-08 15:57:19','2020-09-16 19:42:46'),(167,7,1,'CHATEAU DE FESLES','5f57a9df94b39','','',NULL,NULL,'template/assets/static/products/Snack Bar/Champagnes/CHATEAU DE FESLES.png',1,'2020-09-08 15:57:19','2020-09-16 19:42:53'),(168,7,1,'CHATEAU D\'ISSAN','5f57a9dfa3b2f','','',NULL,NULL,'template/assets/static/products/Snack Bar/Champagnes/CHATEAU D\'ISSAN.png',1,'2020-09-08 15:57:19','2020-09-16 19:43:00'),(169,7,1,'CHATEAU DE PARENCHERE','5f57a9dfc3291','','',NULL,NULL,'template/assets/static/products/Snack Bar/Champagnes/CHATEAU DE PARENCHERE.png',1,'2020-09-08 15:57:19','2020-09-16 19:43:05'),(170,7,1,'CAVEALLIEE','5f57a9dfc6527','','',NULL,NULL,'template/assets/static/products/Snack Bar/Champagnes/CAVEALLIEE.png',1,'2020-09-08 15:57:19','2020-09-16 19:43:12'),(171,7,1,'CHATEAU DE PARENCHERE','5f57a9dfce78e','','',NULL,NULL,'template/assets/static/products/Snack Bar/Champagnes/CHATEAU DE PARENCHERE.png',1,'2020-09-08 15:57:20','2020-09-16 19:43:16'),(172,7,1,'CAVEALLIEE','5f57a9dfeae23','','',NULL,NULL,'template/assets/static/products/Snack Bar/Champagnes/CAVEALLIEE.png',1,'2020-09-08 15:57:20','2020-09-16 19:43:21'),(173,1,1,'CHATEAU GISCOURS','5f57a9e016af6','','',NULL,NULL,'template/assets/static/products/Snack Bar/Bières/CHATEAU GISCOURS.png',1,'2020-09-08 15:57:20','2020-09-16 19:43:28'),(174,7,1,'CASANOVA','5f57a9e01af6b','','',NULL,NULL,'template/assets/static/products/Snack Bar/Champagnes/CASANOVA.png',1,'2020-09-08 15:57:20','2020-09-16 19:43:40'),(175,13,1,'CHATEAU GISCOURS','5f626b3fc5d4e',NULL,NULL,NULL,NULL,'template/assets/static/products/Snack Bar/Bières/CHATEAU GISCOURS.png',1,'2020-09-08 15:57:20','2020-09-16 19:45:10'),(176,13,1,'CASANOVA','5f57aad01a668',NULL,NULL,NULL,NULL,'template/assets/static/products/Snack Bar/Champagnes/CASANOVA.png',1,'2020-09-08 15:57:20','2020-09-16 19:45:14'),(177,13,1,'BORDEAUX','5f57aadb9de47',NULL,NULL,NULL,NULL,'template/assets/static/products/Snack Bar/Bières/BORDEAUX.png',1,'2020-09-08 15:57:20','2020-09-16 19:45:19'),(178,13,1,'CADILLAC','5f57aae7d6a44',NULL,NULL,NULL,NULL,'template/assets/static/products/Snack Bar/Champagnes/CADILLAC.png',1,'2020-09-08 15:57:20','2020-09-16 19:45:25'),(179,7,1,'CADILLAC','5f57a9e09c52c','','',NULL,NULL,'template/assets/static/products/Snack Bar/Champagnes/CADILLAC.png',1,'2020-09-08 15:57:20','2020-09-08 16:02:02'),(180,13,1,'BORDEAUX','5f57ab026d153',NULL,NULL,NULL,NULL,'template/assets/static/products/Snack Bar/Bières/BORDEAUX.png',1,'2020-09-08 15:57:20','2020-09-16 19:45:44'),(181,13,1,'DOMAINE COMTE PERALDI','5f57ab171ad15',NULL,NULL,NULL,NULL,'template/assets/static/products/Snack Bar/Bières/DOMAINE COMTE PERALDI.png',1,'2020-09-08 15:57:21','2020-09-08 16:06:49'),(182,13,1,'CHATEAU DE FESLES','5f57ab1fd1a26',NULL,NULL,NULL,NULL,'template/assets/static/products/Snack Bar/Champagnes/CHATEAU DE FESLES.png',1,'2020-09-08 15:57:21','2020-09-08 16:06:39'),(183,13,1,'CHATEAU DE FESLES','5f57ab2c1e4f6',NULL,NULL,NULL,NULL,'template/assets/static/products/Snack Bar/Champagnes/CHATEAU DE FESLES.png',1,'2020-09-08 15:57:21','2020-09-16 19:45:49'),(184,13,1,'DOMAINE COMTE PERALDI','5f57ab376d111',NULL,NULL,NULL,NULL,'template/assets/static/products/Snack Bar/Bières/DOMAINE COMTE PERALDI.png',1,'2020-09-08 15:57:21','2020-09-16 19:45:56'),(185,13,1,'CHATEAU DE PARENCHERE','5f57ab477bcaa',NULL,NULL,NULL,NULL,'template/assets/static/products/Snack Bar/Champagnes/CHATEAU DE PARENCHERE.png',1,'2020-09-08 15:57:21','2020-09-16 19:46:05'),(186,13,1,'JP CHENET','5f57ab556ad7e',NULL,NULL,NULL,NULL,'template/assets/static/products/Snack Bar/Bières/JP CHENET.png',1,'2020-09-08 15:57:21','2020-09-08 16:07:00'),(187,13,1,'CHATEAU DE PARENCHERE','5f57ab63cc554',NULL,NULL,NULL,NULL,'template/assets/static/products/Snack Bar/Champagnes/CHATEAU DE PARENCHERE.png',1,'2020-09-08 15:57:21','2020-09-16 19:46:11'),(188,13,1,'JP CHENET','5f57ab89142ad',NULL,NULL,NULL,NULL,'template/assets/static/products/Snack Bar/Bières/JP CHENET.png',1,'2020-09-08 15:57:21','2020-09-16 19:46:17'),(189,13,1,'CHATEAU GISCOURS','5f57ab968d6d8',NULL,NULL,NULL,NULL,'template/assets/static/products/Snack Bar/Bières/CHATEAU GISCOURS.png',1,'2020-09-08 15:57:22','2020-09-16 19:46:22'),(190,1,1,'CHATEAU GISCOURS','5f57a9e1b0023','','',NULL,NULL,'template/assets/static/products/Snack Bar/Bières/CHATEAU GISCOURS.png',1,'2020-09-08 15:57:22','2020-09-08 16:04:51'),(191,13,1,'BORDEAUX','5f57abab3f2b6',NULL,NULL,NULL,NULL,'template/assets/static/products/Snack Bar/Bières/BORDEAUX.png',1,'2020-09-08 15:57:22','2020-09-08 16:07:24'),(192,1,1,'BORDEAUX','5f57a9e2334c6','','',NULL,NULL,'template/assets/static/products/Snack Bar/Bières/BORDEAUX.png',1,'2020-09-08 15:57:22','2020-09-08 16:05:10'),(193,1,1,'DOMAINE COMTE PERALDI','5f57a9e28647a','','',NULL,NULL,'template/assets/static/products/Snack Bar/Bières/DOMAINE COMTE PERALDI.png',1,'2020-09-08 15:57:22','2020-09-08 16:05:17'),(194,13,1,'DOMAINE COMTE PERALDI','5f57abd4e7144',NULL,NULL,NULL,NULL,'template/assets/static/products/Snack Bar/Bières/DOMAINE COMTE PERALDI.png',1,'2020-09-08 15:57:22','2020-09-08 16:07:08'),(195,13,1,'JP CHENET','5f57aa9348a0b',NULL,NULL,NULL,NULL,'template/assets/static/products/Snack Bar/Bières/JP CHENET.png',1,'2020-09-08 15:57:22','2020-09-08 16:05:31'),(196,13,1,'JP CHENET','5f57aa522c846',NULL,NULL,NULL,NULL,'template/assets/static/products/Snack Bar/Bières/JP CHENET.png',1,'2020-09-08 15:57:23','2020-09-08 16:05:26'),(197,5,1,'Tangui Pet 50cl','5f62522fd0ef4',NULL,'Brasseries',NULL,NULL,'template/assets/static/products/Snack Bar/Eaux/Tangui Pet 50cl.png',1,'2020-09-16 17:58:08',NULL),(198,5,1,'Tangui Pet 100cl','5f62527a42d73',NULL,'Brasseries',NULL,NULL,'template/assets/static/products/Snack Bar/Eaux/Tangui Pet 100cl.png',1,'2020-09-16 17:59:22',NULL),(199,5,1,'Tangui Pet 150cl','5f6252bcc9140',NULL,'Brasseries',NULL,NULL,'template/assets/static/products/Snack Bar/Eaux/Tangui Pet 150cl.png',1,'2020-09-16 18:00:28',NULL),(200,5,1,'Tangui Pet 33cl','5f625338c36d1',NULL,'Brasseries',NULL,NULL,'template/assets/static/products/Snack Bar/Eaux/Tangui Pet 33cl.png',1,'2020-09-16 18:02:32',NULL),(201,5,1,'Bidon Eau Vitale 10l','5f6253c6ab8b1',NULL,'Brasseries',NULL,NULL,'template/assets/static/products/Snack Bar/Eaux/Bidon Eau Vitale 10l.png',1,'2020-09-16 18:04:54',NULL),(202,5,1,'Eau Vitale 150cl','5f625447c650e',NULL,'Brasseries',NULL,NULL,'template/assets/static/products/Snack Bar/Eaux/Eau Vitale 150cl.png',1,'2020-09-16 18:07:04',NULL),(203,5,1,'Eau Vitale 0,5l','5f6257f571332',NULL,'Brasseries',NULL,NULL,'template/assets/static/products/Snack Bar/Eaux/Eau Vitale 0,5l.png',1,'2020-09-16 18:22:45',NULL),(204,9,1,'Guinness Fes 33cl','5f625a5c8ee5c',NULL,'Guinness',NULL,NULL,'template/assets/static/products/Snack Bar/STOUT BEER/Guinness Fes 33cl.png',1,'2020-09-16 18:33:00',NULL),(205,9,1,'Guinness Fes 65cl','5f625afceee14',NULL,'Guinness',NULL,NULL,'template/assets/static/products/Snack Bar/Stout Beer/Guinness Fes 65cl.png',1,'2020-09-16 18:35:41',NULL),(206,9,1,'Guinness Smooth','5f625b7cb822a',NULL,'Guinness',NULL,NULL,'template/assets/static/products/Snack Bar/Stout Beer/Guinness Smooth.png',1,'2020-09-16 18:37:48',NULL),(207,11,1,'Orijin 60cl','5f625cc71ad16',NULL,'Guinness',NULL,NULL,'template/assets/static/products/Snack Bar/Bières/Orijin 60cl.png',1,'2020-09-16 18:41:09',NULL),(208,11,1,'Orijin 30cl','5f625d28739f5',NULL,'Guinness',NULL,NULL,'template/assets/static/products/Snack Bar/Ready To Drink/Orijin 30cl.png',1,'2020-09-16 18:44:56',NULL),(209,1,1,'Satzenbrau','5f626dad9cd57',NULL,'Brasseries',NULL,NULL,'template/assets/static/products/Snack Bar/Bières/Satzenbrau.png',1,'2020-09-16 19:55:25',NULL),(210,12,1,'Malta Tonic','5f62705ebc2bf',NULL,'Guinness',NULL,NULL,'template/assets/static/products/Snack Bar/Bières/Malta Tonic.png',1,'2020-09-16 20:06:19',NULL),(211,11,1,'Smirnoff Ice Black','5f627104128db',NULL,'Guinness',NULL,NULL,'template/assets/static/products/Snack Bar/Ready To Drink/Smirnoff Ice Black.png',1,'2020-09-16 20:09:40',NULL),(212,11,1,'Smirnoff Ice','5f62713ce1700',NULL,'Guinness',NULL,NULL,'template/assets/static/products/Snack Bar/Ready To Drink/Smirnoff Ice.png',1,'2020-09-16 20:10:37',NULL),(213,11,1,'Smirnoff Ice Red','5f6271461cff1',NULL,'Guinness',NULL,NULL,'template/assets/static/products/Snack Bar/Ready To Drink/Smirnoff Ice Red.png',1,'2020-09-16 20:10:46','2020-09-16 20:12:36'),(214,11,1,'Smirnoff Ice Red','5f62714627777',NULL,'Guinness',NULL,NULL,'template/assets/static/products/Snack Bar/Ready To Drink/Smirnoff Ice Red.png',1,'2020-09-16 20:10:46','2020-09-16 20:12:48'),(215,6,1,'Black&White','5f62726cecbfc',NULL,'Guinness',NULL,NULL,'template/assets/static/products/Snack Bar/Whisky/Black&White.png',1,'2020-09-16 20:15:41',NULL),(216,6,1,'Black Label','5f6273c8cd8d1',NULL,'Guinness',NULL,NULL,'template/assets/static/products/Snack Bar/Whisky/Black Label.png',1,'2020-09-16 20:21:29',NULL),(217,6,1,'Black Label','5f6273c8c9335',NULL,'Guinness',NULL,NULL,'template/assets/static/products/Snack Bar/Whisky/Black Label.png',1,'2020-09-16 20:21:29','2020-09-22 11:41:05'),(218,6,1,'Blue Label','5f62741939683',NULL,'Guinness',NULL,NULL,'template/assets/static/products/Snack Bar/Whisky/Blue Label.png',1,'2020-09-16 20:22:49',NULL),(219,13,1,'Domaine Bastille Blanche','5f627a96cb260',NULL,'Domaine  Bastille Blanche',NULL,NULL,'template/assets/static/products/Snack Bar/Vins/Domaine Rose Bastille Blanche.png',1,'2020-09-16 20:33:55',NULL),(220,13,1,'Chateau Bertrand','5f627aa44e209',NULL,'Chateau Bertrand',NULL,NULL,'template/assets/static/products/Snack Bar/Vins/Rose Chateau Bertrand.png',1,'2020-09-16 20:36:57',NULL),(221,13,1,'Chateau Du Seuil','5f627ab50c2fb',NULL,'Chateau Du Seuil',NULL,NULL,'template/assets/static/products/Snack Bar/Vins/Rose Chateau Du Seuil.png',1,'2020-09-16 20:44:59',NULL),(222,13,1,'Chateau Peigros','5f627ac40c048',NULL,'Chateau Peigros',NULL,NULL,'template/assets/static/products/Snack Bar/Vins/Rose Chateau Peigros.png',1,'2020-09-16 20:48:14',NULL),(223,13,1,'Domaine de la Font Des Peres','5f627b10be81a',NULL,'Domaine de la Font Des Peres',NULL,NULL,'template/assets/static/products/Snack Bar/Vins/Domaine de la Font Des Peres.png',1,'2020-09-16 20:52:32',NULL),(224,13,1,'Luc Belaire','5f627b75322e5',NULL,'Luc Belaire',NULL,NULL,'template/assets/static/products/Snack Bar/Vins/Luc Belaire.png',1,'2020-09-16 20:54:13',NULL),(225,6,1,'Glenfiddich','5f627bc7c92eb',NULL,'Glenfiddich',NULL,NULL,'template/assets/static/products/Snack Bar/Whisky/Glenfiddich.png',1,'2020-09-16 20:55:35',NULL),(226,6,1,'The Glenlivet','5f627c1d1c601',NULL,'The Glenlivet',NULL,NULL,'template/assets/static/products/Snack Bar/Whisky/The Glenlivet.png',1,'2020-09-16 20:57:01',NULL),(227,6,1,'Grant\'s','5f627c6cbdc32',NULL,'Grant\'s',NULL,NULL,'template/assets/static/products/Snack Bar/Whisky/Grant\'s.png',1,'2020-09-16 20:58:20',NULL),(228,6,1,'Hennessy','5f627cee068a1',NULL,'Hennessy',NULL,NULL,'template/assets/static/products/Snack Bar/Whisky/Hennessy.png',1,'2020-09-16 21:00:30',NULL),(229,6,1,'J&B','5f627d37c1872',NULL,'J&B',NULL,NULL,'template/assets/static/products/Snack Bar/Whisky/J&B.png',1,'2020-09-16 21:01:43',NULL),(230,6,1,'Jack Daniel\'s','5f627d89c40d8',NULL,'Jack Daniel\'s',NULL,NULL,'template/assets/static/products/Snack Bar/Whisky/Jack Daniel\'s.png',1,'2020-09-16 21:03:05',NULL),(231,6,1,'Johnnie Walker','5f627de7a66b5',NULL,'Jack Daniel\'s',NULL,NULL,'template/assets/static/products/Snack Bar/Whisky/Johnnie Walker.png',1,'2020-09-16 21:04:39',NULL),(232,6,1,'The Singleton','5f627e395325a',NULL,'The Singleton',NULL,NULL,'template/assets/static/products/Snack Bar/Whisky/The Singleton.png',1,'2020-09-16 21:06:01',NULL),(233,6,1,'Ballantines','5f627ea6c4067',NULL,'Ballantines',NULL,NULL,'template/assets/static/products/Snack Bar/Whisky/Ballantines.png',1,'2020-09-16 21:07:50',NULL),(234,6,1,'Chivas','5f627ef10f740',NULL,'Chivas',NULL,NULL,'template/assets/static/products/Snack Bar/Whisky/Chivas.png',1,'2020-09-16 21:09:05',NULL),(235,6,1,'Clan Campbell','5f627f60edd21',NULL,'Clan Campbell',NULL,NULL,'template/assets/static/products/Snack Bar/Whisky/Clan Campbell.png',1,'2020-09-16 21:10:57',NULL),(236,2,1,'Grenadine Pet 100cl','5f6472ae45e3e',NULL,'Brasseries',NULL,NULL,'template/assets/static/products/Snack Bar/Boissons Gazeuses/Grenadine Pet 100cl.png',1,'2020-09-18 08:41:18',NULL),(237,2,1,'Grenadine Pet 100cl','5f6472aff0098','','Brasseries',NULL,NULL,'template/assets/static/products/Snack Bar/Boissons Gazeuses/Grenadine Pet 100cl.png',1,'2020-09-18 08:41:20','2020-09-18 08:42:50'),(238,2,1,'Grenadine Pet 200cl','5f6472b03d86a','','Brasseries',NULL,NULL,'template/assets/static/products/Snack Bar/Boissons Gazeuses/Grenadine Pet 200cl.png',1,'2020-09-18 08:41:20',NULL),(239,2,1,'Grenadine Pet 30cl','5f6472b08145b','','Brasseries',NULL,NULL,'template/assets/static/products/Snack Bar/Boissons Gazeuses/Grenadine Pet 30cl.png',1,'2020-09-18 08:41:20',NULL),(240,2,1,'Grenadine Pet 35cl','5f6472b0c7ba5','','Brasseries',NULL,NULL,'template/assets/static/products/Snack Bar/Boissons Gazeuses/Grenadine Pet 35cl.png',1,'2020-09-18 08:41:20',NULL),(241,2,1,'Grenadine Pet 60cl','5f6472b11c147','','Brasseries',NULL,NULL,'template/assets/static/products/Snack Bar/Boissons Gazeuses/Grenadine Pet 60cl.png',1,'2020-09-18 08:41:21',NULL),(242,2,1,'Top Orange Pet 100cl','5f6473ec72cb5',NULL,'Brasseries',NULL,NULL,'template/assets/static/products/Snack Bar/Boissons Gazeuses/Top Orange Pet 100cl.png',1,'2020-09-18 08:46:36',NULL),(243,2,1,'Top Orange Pet 30cl','5f6474302e2b5',NULL,'Brasseries',NULL,NULL,'template/assets/static/products/Snack Bar/Boissons Gazeuses/Top Orange Pet 30cl.png',1,'2020-09-18 08:47:44',NULL),(244,2,1,'Top Orange Pet 35cl','5f6474723b359',NULL,'Brasseries',NULL,NULL,'template/assets/static/products/Snack Bar/Boissons Gazeuses/Top Orange Pet 35cl.png',1,'2020-09-18 08:48:50',NULL),(245,2,1,'Top Orange Pet 60cl','5f6474b49f226',NULL,'Brasseries',NULL,NULL,'template/assets/static/products/Snack Bar/Boissons Gazeuses/Top Orange Pet 60cl.png',1,'2020-09-18 08:49:56',NULL),(246,2,1,'Pamplemousse Pet 100cl','5f647507c8efc',NULL,'Brasseries',NULL,NULL,'template/assets/static/products/Snack Bar/Boissons Gazeuses/Pamplemousse Pet 100cl.png',1,'2020-09-18 08:51:19',NULL),(247,2,1,'Pamplemousse Pet 150cl','5f64753f25aca',NULL,'Brasseries',NULL,NULL,'template/assets/static/products/Snack Bar/Boissons Gazeuses/Pamplemousse Pet 150cl.png',1,'2020-09-18 08:52:15',NULL),(248,2,1,'Pamplemousse Pet 200cl','5f6475b4eb5a1',NULL,'Brasseries',NULL,NULL,'template/assets/static/products/Snack Bar/Boissons Gazeuses/Pamplemousse Pet 200cl.png',1,'2020-09-18 08:54:13',NULL),(249,2,1,'Pamplemousse Pet 30cl','5f6476022bd21',NULL,'Brasseries',NULL,NULL,'template/assets/static/products/Snack Bar/Boissons Gazeuses/Pamplemousse Pet 30cl.png',1,'2020-09-18 08:55:30',NULL),(250,2,1,'Pamplemousse Pet 35cl','5f64763adf5e1',NULL,'Brasseries',NULL,NULL,'template/assets/static/products/Snack Bar/Boissons Gazeuses/Pamplemousse Pet 35cl.png',1,'2020-09-18 08:56:27',NULL),(251,2,1,'Pamplemousse Pet 60cl','5f6476741e39a',NULL,'Brasseries',NULL,NULL,'template/assets/static/products/Snack Bar/Boissons Gazeuses/Pamplemousse Pet 60cl.png',1,'2020-09-18 08:57:24',NULL),(252,5,1,'Madiba','5f69e32fb6030',NULL,'UCB',NULL,NULL,'template/assets/static/products/Snack Bar/Eaux/MADIBA.png',1,'2020-09-20 21:18:29',NULL),(253,1,1,'K44','5f67c725a7f0a','','UCB',NULL,NULL,'template/assets/static/products/Snack Bar/Bières/K44.png',1,'2020-09-20 21:18:29',NULL),(254,1,1,'Kadji','5f69e352c28af',NULL,'UCB',NULL,NULL,'template/assets/static/products/Snack Bar/Bières/KADJI.png',1,'2020-09-20 21:18:30',NULL),(255,1,1,'King','5f69e367149cd',NULL,'UCB',NULL,NULL,'template/assets/static/products/Snack Bar/Bières/KING.png',1,'2020-09-20 21:18:30',NULL),(256,2,1,'Special Pamplemousse','5f69e387b369e',NULL,'UCB',NULL,NULL,'template/assets/static/products/Snack Bar/Cocktails/SPECIAL_DRINKS.png',1,'2020-09-20 21:18:30',NULL),(257,5,1,'MADIBA','5f67c726a67bb','','UCB',NULL,NULL,'template/assets/static/products/Snack Bar/Eaux/MADIBA.png',1,'2020-09-20 21:18:31','2020-09-22 11:44:33'),(258,8,1,'PAMPLEMOUSSE','5f67c7271e1c6','','UCB',NULL,NULL,'template/assets/static/products/Snack Bar/Cocktails/PAMPLEMOUSSE.png',1,'2020-09-20 21:18:31','2020-09-22 11:45:13'),(259,1,1,'K44','5f67c7273869c','','UCB',NULL,NULL,'template/assets/static/products/Snack Bar/Bières/K44.png',1,'2020-09-20 21:18:31','2020-09-22 11:45:19'),(260,1,1,'KADJI','5f67c7279c1a3','','UCB',NULL,NULL,'template/assets/static/products/Snack Bar/Bières/KADJI.png',1,'2020-09-20 21:18:31','2020-09-22 11:45:24'),(261,1,1,'KING','5f67c727df9e2','','UCB',NULL,NULL,'template/assets/static/products/Snack Bar/Bières/KING.png',1,'2020-09-20 21:18:32','2020-09-22 11:45:34'),(262,8,1,'SPECIAL_DRINKS','5f67c7284c777','','',NULL,NULL,'template/assets/static/products/Snack Bar/Cocktails/SPECIAL_DRINKS.png',1,'2020-09-20 21:18:32','2020-09-22 11:45:39'),(263,5,1,'MADIBA','5f67c728b8aeb','','UCB',NULL,NULL,'template/assets/static/products/Snack Bar/Eaux/MADIBA.png',1,'2020-09-20 21:18:32','2020-09-22 11:45:44'),(264,8,1,'PAMPLEMOUSSE','5f67c728d02f7','','UCB',NULL,NULL,'template/assets/static/products/Snack Bar/Cocktails/PAMPLEMOUSSE.png',1,'2020-09-20 21:18:33','2020-09-22 11:45:53'),(265,1,1,'K44','5f67c7292c3c9','','UCB',NULL,NULL,'template/assets/static/products/Snack Bar/Bières/K44.png',1,'2020-09-20 21:18:33','2020-09-22 11:46:08'),(266,1,1,'KADJI','5f67c7297e390','','UCB',NULL,NULL,'template/assets/static/products/Snack Bar/Bières/KADJI.png',1,'2020-09-20 21:18:33','2020-09-22 12:05:50'),(267,1,1,'KING','5f67c729c0361','','UCB',NULL,NULL,'template/assets/static/products/Snack Bar/Bières/KING.png',1,'2020-09-20 21:18:33','2020-09-22 12:04:37'),(268,8,1,'SPECIAL_DRINKS','5f67c72a1515a','','',NULL,NULL,'template/assets/static/products/Snack Bar/Cocktails/SPECIAL_DRINKS.png',1,'2020-09-20 21:18:34','2020-09-22 12:04:43'),(269,8,1,'PAMPLEMOUSSE','5f67c72a6ef70','','UCB',NULL,NULL,'template/assets/static/products/Snack Bar/Cocktails/PAMPLEMOUSSE.png',1,'2020-09-20 21:18:34','2020-09-22 12:04:48'),(270,5,1,'MADIBA','5f67c72adbe37','','UCB',NULL,NULL,'template/assets/static/products/Snack Bar/Eaux/MADIBA.png',1,'2020-09-20 21:18:35','2020-09-22 12:04:54'),(271,1,1,'K44','5f67c72b3373a','','UCB',NULL,NULL,'template/assets/static/products/Snack Bar/Bières/K44.png',1,'2020-09-20 21:18:35','2020-09-22 12:05:03'),(272,1,1,'KADJI','5f67c72b90bcf','','UCB',NULL,NULL,'template/assets/static/products/Snack Bar/Bières/KADJI.png',1,'2020-09-20 21:18:35','2020-09-22 12:05:09'),(273,5,1,'MADIBA','5f67c72c0c301','','UCB',NULL,NULL,'template/assets/static/products/Snack Bar/Eaux/MADIBA.png',1,'2020-09-20 21:18:36','2020-09-20 21:25:25'),(274,1,1,'KING','5f67c72c0df2a','','UCB',NULL,NULL,'template/assets/static/products/Snack Bar/Bières/KING.png',1,'2020-09-20 21:18:36','2020-09-20 21:24:55'),(275,2,1,'SPECIAL_DRINKS','5f67c844b1b48',NULL,'UCB',NULL,NULL,'template/assets/static/products/Snack Bar/Cocktails/SPECIAL_DRINKS.png',1,'2020-09-20 21:18:36','2020-09-20 21:24:47'),(276,5,1,'MADIBA','5f67c72c5cb8b','','UCB',NULL,NULL,'template/assets/static/products/Snack Bar/Eaux/MADIBA.png',1,'2020-09-20 21:18:36','2020-09-22 12:05:14'),(277,1,1,'K44','5f67c72c5d573','','UCB',NULL,NULL,'template/assets/static/products/Snack Bar/Bières/K44.png',1,'2020-09-20 21:18:36','2020-09-20 21:24:42'),(278,8,1,'PAMPLEMOUSSE','5f67c72cadd25','','UCB',NULL,NULL,'template/assets/static/products/Snack Bar/Cocktails/PAMPLEMOUSSE.png',1,'2020-09-20 21:18:36','2020-09-20 21:24:04'),(279,1,1,'K44','5f67c72cb36ab','','UCB',NULL,NULL,'template/assets/static/products/Snack Bar/Bières/K44.png',1,'2020-09-20 21:18:36','2020-09-22 12:05:20'),(280,1,1,'KADJI','5f67c72cce623','','UCB',NULL,NULL,'template/assets/static/products/Snack Bar/Bières/KADJI.png',1,'2020-09-20 21:18:36','2020-09-20 21:23:55'),(281,1,1,'KADJI','5f67c72d14344','','UCB',NULL,NULL,'template/assets/static/products/Snack Bar/Bières/KADJI.png',1,'2020-09-20 21:18:37','2020-09-22 12:05:25'),(282,1,1,'KING','5f67c72d30156','','UCB',NULL,NULL,'template/assets/static/products/Snack Bar/Bières/KING.png',1,'2020-09-20 21:18:37','2020-09-22 12:05:31'),(283,1,1,'KING','5f67c72d68da8','','UCB',NULL,NULL,'template/assets/static/products/Snack Bar/Bières/KING.png',1,'2020-09-20 21:18:37','2020-09-20 21:23:51'),(284,8,1,'SPECIAL_DRINKS','5f67c72d76f97','','',NULL,NULL,'template/assets/static/products/Snack Bar/Cocktails/SPECIAL_DRINKS.png',1,'2020-09-20 21:18:37','2020-09-20 21:23:47'),(285,2,1,'SPECIAL_DRINKS','5f67c89270848',NULL,'UCB',NULL,NULL,'template/assets/static/products/Snack Bar/Cocktails/SPECIAL_DRINKS.png',1,'2020-09-20 21:18:37','2020-09-22 12:04:25'),(286,2,1,'PAMPLEMOUSSE','5f67c87ccea63',NULL,'UCB',NULL,NULL,'template/assets/static/products/Snack Bar/Cocktails/PAMPLEMOUSSE.png',1,'2020-09-20 21:18:37','2020-09-22 12:04:10'),(287,8,1,'PAMPLEMOUSSE','5f67c72e0689d','','UCB',NULL,NULL,'template/assets/static/products/Snack Bar/Cocktails/PAMPLEMOUSSE.png',1,'2020-09-20 21:18:38','2020-09-20 21:23:42'),(288,4,1,'Booster Caramel 30cl','5f69ea8a19c10',NULL,'Brasseries',NULL,NULL,'template/assets/static/products/Snack Bar/Alcools mix/Booster Caramel 30cl.png',1,'2020-09-22 12:14:02',NULL),(289,4,1,'Booster Rhum Ginger 50cl','5f69ebda40535',NULL,'Brasseries',NULL,NULL,'template/assets/static/products/Snack Bar/Alcools mix/Booster Rhum Ginger 50cl.png',1,'2020-09-22 12:19:38',NULL),(290,4,1,'Booster Whisky Cola 30cl','5f69ec34535dc',NULL,'Brasseries',NULL,NULL,'template/assets/static/products/Snack Bar/Alcools mix/Booster Whisky Cola 30cl.png',1,'2020-09-22 12:21:08',NULL),(291,4,1,'Booster Whisky Cola 50cl','5f69ec725c287',NULL,'Brasseries',NULL,NULL,'template/assets/static/products/Snack Bar/Alcools mix/Booster Whisky Cola 50cl.png',1,'2020-09-22 12:22:10',NULL),(292,5,1,'Supermont 1,5l','5f69f1eec93f9',NULL,'Source du Pays',NULL,NULL,'template/assets/static/products/Snack Bar/Eaux/Supermont 1,5l.png',1,'2020-09-22 12:45:34',NULL);
/*!40000 ALTER TABLE `products` ENABLE KEYS */;
UNLOCK TABLES;

--
-- Table structure for table `purchases`
--

DROP TABLE IF EXISTS `purchases`;
/*!40101 SET @saved_cs_client     = @@character_set_client */;
/*!50503 SET character_set_client = utf8mb4 */;
CREATE TABLE `purchases` (
  `id` int(10) unsigned NOT NULL AUTO_INCREMENT,
  `supplier_id` int(11) DEFAULT NULL,
  `site_id` int(11) NOT NULL,
  `initiator_id` int(11) NOT NULL,
  `validator_id` int(11) DEFAULT NULL,
  `code` varchar(191) COLLATE utf8mb4_unicode_ci NOT NULL,
  `status` tinyint(4) NOT NULL DEFAULT '0',
  `shipping_cost` double DEFAULT NULL,
  `purchase_text` text COLLATE utf8mb4_unicode_ci,
  `paying_method` varchar(191) COLLATE utf8mb4_unicode_ci DEFAULT NULL,
  `is_active` tinyint(4) NOT NULL DEFAULT '1',
  `created_at` datetime NOT NULL DEFAULT CURRENT_TIMESTAMP,
  `deleted_at` timestamp NULL DEFAULT NULL,
  PRIMARY KEY (`id`),
  UNIQUE KEY `purchases_code_unique` (`code`)
) ENGINE=InnoDB AUTO_INCREMENT=21 DEFAULT CHARSET=utf8mb4 COLLATE=utf8mb4_unicode_ci;
/*!40101 SET character_set_client = @saved_cs_client */;

--
-- Dumping data for table `purchases`
--

LOCK TABLES `purchases` WRITE;
/*!40000 ALTER TABLE `purchases` DISABLE KEYS */;
INSERT INTO `purchases` VALUES (1,41,36,49,49,'2419652',1,NULL,NULL,'om',1,'2020-09-08 18:06:37',NULL),(2,41,36,49,49,'4397845',1,NULL,NULL,'momo',1,'2020-09-10 21:10:16',NULL),(3,43,31,8,NULL,'9307332',1,NULL,NULL,'cash',1,'2020-10-09 09:33:46',NULL),(4,41,36,49,49,'9987426',1,NULL,'je serais absent mais ma caissière sera présente','om',1,'2020-10-10 16:26:24',NULL),(5,47,44,67,NULL,'2007022',1,NULL,NULL,'om',1,'2020-10-11 17:35:25',NULL),(6,51,46,70,70,'9287378',1,NULL,NULL,'cash',1,'2020-11-03 18:39:57',NULL),(7,52,46,70,70,'4752616',1,NULL,NULL,'om',1,'2020-11-03 18:45:16',NULL),(8,51,46,70,NULL,'3662590',0,NULL,NULL,'momo',1,'2020-11-03 18:46:07',NULL),(9,54,35,31,31,'7323526',1,NULL,NULL,'cash',1,'2020-11-04 20:22:51',NULL),(10,45,33,19,19,'4852305',1,NULL,NULL,'cash',1,'2020-11-04 20:26:43',NULL),(11,56,53,70,NULL,'8305837',1,NULL,NULL,'om',1,'2020-11-06 18:40:41',NULL),(12,46,36,49,NULL,'8512337',0,NULL,'Commande prioritaire','om',1,'2020-11-06 20:00:32',NULL),(13,55,52,99,NULL,'9289205',1,NULL,'QLKSFNQI','cash',1,'2020-11-11 18:06:49',NULL),(14,55,52,99,NULL,'2761249',1,NULL,'PODKVGSE','om',1,'2020-11-11 18:09:25',NULL),(15,45,33,21,NULL,'5670392',0,NULL,NULL,'cash',1,'2020-11-13 04:38:22','2020-11-13 09:19:40'),(16,59,58,8,NULL,'8220466',0,NULL,NULL,'om',1,'2020-11-19 02:00:43',NULL),(17,59,58,8,8,'8561527',1,NULL,NULL,'om',1,'2020-11-19 02:00:43',NULL),(18,41,36,49,NULL,'2291948',1,NULL,'je veux être livré a 10h','om',1,'2020-12-02 17:16:25',NULL),(19,46,36,49,NULL,'3625869',1,NULL,NULL,'momo',1,'2020-12-02 17:17:47',NULL),(20,41,36,49,49,'7183241',1,NULL,'livré a 15H','om',1,'2020-12-07 11:29:37',NULL);
/*!40000 ALTER TABLE `purchases` ENABLE KEYS */;
UNLOCK TABLES;

--
-- Table structure for table `roles`
--

DROP TABLE IF EXISTS `roles`;
/*!40101 SET @saved_cs_client     = @@character_set_client */;
/*!50503 SET character_set_client = utf8mb4 */;
CREATE TABLE `roles` (
  `id` int(10) unsigned NOT NULL AUTO_INCREMENT,
  `site_id` int(11) DEFAULT NULL,
  `is_active` tinyint(4) NOT NULL DEFAULT '1',
  `name` varchar(191) COLLATE utf8mb4_unicode_ci NOT NULL,
  `slug` varchar(191) COLLATE utf8mb4_unicode_ci NOT NULL,
  `description` text COLLATE utf8mb4_unicode_ci,
  `created_at` datetime NOT NULL DEFAULT CURRENT_TIMESTAMP,
  `deleted_at` timestamp NULL DEFAULT NULL,
  PRIMARY KEY (`id`)
) ENGINE=InnoDB AUTO_INCREMENT=6 DEFAULT CHARSET=utf8mb4 COLLATE=utf8mb4_unicode_ci;
/*!40101 SET character_set_client = @saved_cs_client */;

--
-- Dumping data for table `roles`
--

LOCK TABLES `roles` WRITE;
/*!40000 ALTER TABLE `roles` DISABLE KEYS */;
INSERT INTO `roles` VALUES (1,NULL,1,'Caissier','cashier',NULL,'2020-11-07 02:38:50',NULL),(2,NULL,1,'Serveur','server',NULL,'2020-11-07 02:38:50',NULL),(3,NULL,1,'Magasinier','storekeeper',NULL,'2020-11-07 02:38:50',NULL),(4,NULL,1,'Gérant','manager',NULL,'2020-11-07 02:38:50',NULL),(5,NULL,1,'Directeur','boss',NULL,'2020-11-07 02:38:50',NULL);
/*!40000 ALTER TABLE `roles` ENABLE KEYS */;
UNLOCK TABLES;

--
-- Table structure for table `sales`
--

DROP TABLE IF EXISTS `sales`;
/*!40101 SET @saved_cs_client     = @@character_set_client */;
/*!50503 SET character_set_client = utf8mb4 */;
CREATE TABLE `sales` (
  `id` int(10) unsigned NOT NULL AUTO_INCREMENT,
  `site_id` int(11) DEFAULT NULL,
  `initiator_id` int(11) DEFAULT NULL,
  `validator_id` int(11) DEFAULT NULL,
  `customer_id` int(11) DEFAULT NULL,
  `code` varchar(191) COLLATE utf8mb4_unicode_ci DEFAULT NULL,
  `is_active` tinyint(4) NOT NULL DEFAULT '1',
  `status` tinyint(4) NOT NULL DEFAULT '0',
  `shipping_cost` double DEFAULT NULL,
  `sale_note` text COLLATE utf8mb4_unicode_ci,
  `seller_note` text COLLATE utf8mb4_unicode_ci,
  `paying_method` varchar(191) COLLATE utf8mb4_unicode_ci DEFAULT NULL,
  `created_at` datetime NOT NULL DEFAULT CURRENT_TIMESTAMP,
  `deleted_at` timestamp NULL DEFAULT NULL,
  PRIMARY KEY (`id`)
) ENGINE=InnoDB AUTO_INCREMENT=119 DEFAULT CHARSET=utf8mb4 COLLATE=utf8mb4_unicode_ci;
/*!40101 SET character_set_client = @saved_cs_client */;

--
-- Dumping data for table `sales`
--

LOCK TABLES `sales` WRITE;
/*!40000 ALTER TABLE `sales` DISABLE KEYS */;
INSERT INTO `sales` VALUES (1,36,49,50,1,'1455403',1,2,NULL,NULL,NULL,'cash','2020-09-04 13:09:02',NULL),(2,32,8,8,3,'9240650',1,2,NULL,NULL,NULL,'cash','2020-09-04 16:49:37',NULL),(3,32,8,8,3,'4410001',1,2,NULL,NULL,NULL,'cash','2020-09-04 17:55:44',NULL),(4,32,8,8,3,'8459316',1,2,NULL,NULL,NULL,'cash','2020-09-04 17:56:50',NULL),(5,36,49,50,1,'7375249',1,2,NULL,NULL,NULL,'cash','2020-09-07 11:37:31',NULL),(6,36,49,NULL,1,'4945321',1,2,NULL,NULL,NULL,'cash','2020-09-07 11:37:32',NULL),(7,36,49,49,1,'6410031',1,2,NULL,NULL,NULL,'cash','2020-09-07 11:46:07',NULL),(8,36,51,50,1,'5702834',1,2,NULL,NULL,NULL,'om','2020-09-07 17:47:27',NULL),(9,36,51,50,1,'8247509',1,2,NULL,NULL,NULL,'cash','2020-09-07 17:48:12',NULL),(10,36,52,50,1,'3379963',1,2,NULL,NULL,NULL,'cash','2020-09-09 11:55:05',NULL),(11,36,51,NULL,1,'3469016',1,2,NULL,NULL,NULL,'cash','2020-09-10 19:55:52',NULL),(12,36,49,50,1,'7510661',1,2,NULL,NULL,NULL,'cash','2020-09-10 19:57:39',NULL),(13,36,49,NULL,1,'9859623',1,2,NULL,NULL,NULL,'cash','2020-09-10 20:04:11',NULL),(14,36,49,NULL,1,'7640065',1,2,NULL,NULL,NULL,'cash','2020-09-10 20:21:09',NULL),(15,36,49,NULL,1,'7303694',1,2,NULL,NULL,NULL,'momo','2020-09-10 20:25:53',NULL),(16,36,52,NULL,1,'8974866',1,2,NULL,NULL,NULL,'cash','2020-09-10 20:26:50',NULL),(17,36,49,NULL,1,'7174267',1,2,NULL,NULL,NULL,'cash','2020-09-10 20:26:54',NULL),(18,36,53,NULL,1,'7528186',1,2,NULL,NULL,NULL,'om','2020-09-10 20:27:19',NULL),(19,36,53,50,1,'8106212',1,2,NULL,NULL,NULL,'cash','2020-09-10 20:27:47',NULL),(20,36,49,NULL,1,'7560685',1,2,NULL,NULL,NULL,'cash','2020-09-10 20:28:06',NULL),(21,36,49,50,1,'5291688',1,2,NULL,NULL,NULL,'cash','2020-09-10 20:28:51',NULL),(22,36,53,50,1,'9987716',1,2,NULL,NULL,NULL,'cash','2020-09-10 20:30:03',NULL),(23,36,52,50,1,'5663326',1,2,NULL,NULL,NULL,'cash','2020-09-10 20:35:43',NULL),(24,36,49,50,1,'1069582',1,2,NULL,'client bizarre',NULL,'momo','2020-09-10 20:56:08',NULL),(25,36,51,50,1,'9358217',1,2,NULL,NULL,NULL,'cash','2020-09-10 21:00:44',NULL),(26,36,49,NULL,1,'6770163',1,2,NULL,NULL,NULL,'om','2020-09-10 21:04:34',NULL),(27,36,53,NULL,1,'9858855',1,2,NULL,NULL,NULL,'cash','2020-09-10 21:05:09',NULL),(28,36,49,NULL,1,'5853681',1,2,NULL,NULL,NULL,'cash','2020-09-17 10:39:14',NULL),(29,36,49,49,1,'1772380',1,2,NULL,NULL,NULL,'momo','2020-09-17 12:17:28',NULL),(30,36,49,64,1,'6436796',1,2,NULL,NULL,NULL,'cash','2020-09-17 12:18:40',NULL),(31,36,49,NULL,1,'6344281',1,2,NULL,NULL,NULL,'om','2020-09-17 15:59:52',NULL),(32,36,51,NULL,1,'2798156',1,2,NULL,NULL,NULL,'cash','2020-09-17 16:02:19',NULL),(33,33,9,8,3,'3872192',1,2,NULL,NULL,NULL,'cash','2020-09-18 22:20:33',NULL),(34,40,58,58,5,'2433038',1,2,NULL,NULL,NULL,'cash','2020-09-24 18:21:25',NULL),(35,40,60,NULL,5,'9356023',1,0,NULL,NULL,NULL,'cash','2020-09-24 18:48:19',NULL),(36,40,59,61,5,'3137278',1,2,NULL,NULL,NULL,'cash','2020-09-24 18:49:14',NULL),(37,40,60,NULL,5,'9889091',1,0,NULL,NULL,NULL,'cash','2020-09-24 19:00:38',NULL),(38,40,59,61,5,'8003752',1,2,NULL,NULL,NULL,'cash','2020-09-25 10:55:13',NULL),(39,36,49,49,1,'8719741',1,2,NULL,NULL,NULL,'cash','2020-10-09 14:17:03',NULL),(40,36,51,NULL,1,'6744620',1,2,NULL,'beaufort non glacé',NULL,'cash','2020-10-09 14:23:11',NULL),(41,36,49,NULL,1,'3907587',1,2,NULL,NULL,NULL,'cash','2020-10-09 21:51:59',NULL),(42,36,49,49,1,'2888706',1,2,NULL,NULL,NULL,'cash','2020-10-10 17:44:10',NULL),(43,44,67,67,10,'2305769',1,2,NULL,NULL,NULL,'om','2020-10-11 17:39:32',NULL),(44,45,67,67,11,'5024279',1,2,NULL,NULL,NULL,'momo','2020-10-11 17:40:30',NULL),(45,45,67,NULL,11,'2678401',1,1,NULL,NULL,NULL,'cash','2020-10-11 17:41:31',NULL),(46,44,67,67,3,'6204011',1,2,NULL,NULL,NULL,'C A S H','2020-10-12 01:14:16',NULL),(47,44,67,NULL,3,'3820088',1,0,NULL,NULL,NULL,'C A S H','2020-10-12 01:14:46',NULL),(48,45,67,NULL,3,'9078236',1,0,NULL,NULL,NULL,'C A S H','2020-10-12 01:16:07',NULL),(49,44,67,NULL,3,'7190532',1,0,NULL,NULL,NULL,'C A S H','2020-10-12 01:20:50',NULL),(50,36,51,NULL,1,'6953634',1,2,NULL,NULL,NULL,'cash','2020-10-12 06:44:27',NULL),(51,36,49,NULL,1,'4693467',1,2,NULL,NULL,NULL,'cash','2020-10-12 07:00:48',NULL),(52,44,67,NULL,3,'2581018',1,0,NULL,NULL,NULL,'C A S H','2020-10-12 08:11:40',NULL),(53,31,8,8,3,'5249003',1,2,NULL,NULL,NULL,'C A S H','2020-10-12 09:34:57',NULL),(54,31,8,8,6,'9057668',1,2,NULL,NULL,NULL,'om','2020-10-12 12:38:06',NULL),(55,36,49,NULL,3,'1092529',1,2,NULL,NULL,NULL,'M O M O','2020-10-13 15:46:31',NULL),(56,36,49,NULL,1,'7241329',1,2,NULL,NULL,NULL,'om','2020-10-13 17:28:25',NULL),(57,36,49,49,3,'4578403',1,2,NULL,NULL,NULL,'C A S H','2020-11-02 22:28:36',NULL),(58,36,49,49,3,'6262137',1,2,NULL,NULL,NULL,'C A S H','2020-11-02 22:30:47',NULL),(59,36,49,49,3,'3771203',1,2,NULL,NULL,NULL,'C A S H','2020-11-03 10:26:49',NULL),(60,36,49,49,3,'9893366',1,2,NULL,NULL,NULL,'C A S H','2020-11-03 10:27:59',NULL),(61,36,49,NULL,3,'9425976',1,2,NULL,NULL,NULL,'C A S H','2020-11-03 10:29:00',NULL),(62,33,8,8,3,'6448319',1,2,NULL,NULL,NULL,'C A S H','2020-11-03 17:31:32',NULL),(63,46,70,NULL,12,'7322140',1,0,NULL,NULL,NULL,'om','2020-11-03 18:36:37',NULL),(64,46,70,79,12,'6177420',1,2,NULL,NULL,NULL,'cash','2020-11-03 18:43:26',NULL),(65,46,70,NULL,12,'2551328',1,1,NULL,NULL,NULL,'cash','2020-11-03 19:06:52',NULL),(66,46,70,70,12,'6301514',1,2,NULL,'ojzionzjgnsiognsv ngzio',NULL,'om','2020-11-03 19:10:14',NULL),(67,31,8,NULL,3,'6733665',1,1,NULL,NULL,NULL,'C A S H','2020-11-03 19:29:51',NULL),(68,32,8,NULL,3,'6999860',1,0,NULL,NULL,NULL,'C A S H','2020-11-03 20:00:12',NULL),(69,31,8,NULL,3,'4906898',1,0,NULL,NULL,NULL,'M O M O','2020-11-03 21:49:12',NULL),(70,36,49,49,3,'7581724',1,2,NULL,NULL,NULL,'C A S H','2020-11-04 06:27:41',NULL),(71,36,49,NULL,3,'4036969',1,2,NULL,NULL,NULL,'C A S H','2020-11-04 07:33:25',NULL),(72,36,49,49,1,'9972014',1,2,NULL,NULL,NULL,'om','2020-11-05 16:50:46',NULL),(73,52,70,99,3,'5118189',1,2,NULL,NULL,NULL,'O M','2020-11-05 17:31:52',NULL),(74,52,70,NULL,3,'5129301',1,2,NULL,NULL,NULL,'M O M O','2020-11-05 17:35:03',NULL),(75,52,70,70,3,'4067020',1,2,NULL,NULL,NULL,'M O M O','2020-11-05 17:36:00',NULL),(76,52,70,NULL,3,'1500264',1,2,NULL,NULL,NULL,'M O M O','2020-11-05 17:55:11',NULL),(77,52,70,NULL,3,'5812255',1,1,NULL,NULL,NULL,'C A S H','2020-11-05 18:40:56',NULL),(78,52,70,NULL,3,'5927672',1,1,NULL,NULL,NULL,'M O M O','2020-11-05 18:42:06',NULL),(79,52,70,NULL,3,'7354598',1,1,NULL,NULL,NULL,'M O M O','2020-11-05 19:38:13','2020-11-09 16:43:12'),(80,52,70,NULL,3,'6055112',1,2,NULL,NULL,NULL,'C A S H','2020-11-06 16:48:26',NULL),(81,53,70,NULL,20,'5709434',1,1,NULL,NULL,NULL,'cash','2020-11-06 18:36:12',NULL),(82,52,70,NULL,3,'9298736',1,1,NULL,NULL,NULL,'C A S H','2020-11-08 19:45:34',NULL),(83,52,70,NULL,3,'5049797',1,2,NULL,NULL,NULL,'O M','2020-11-08 19:46:28',NULL),(84,33,8,NULL,3,'4131512',1,1,NULL,NULL,NULL,'O M','2020-11-08 20:07:50',NULL),(85,36,49,NULL,3,'6590083',1,2,NULL,NULL,NULL,'O M','2020-11-09 17:14:24',NULL),(86,36,49,NULL,3,'7898404',1,2,NULL,NULL,NULL,'M O M O','2020-11-09 17:17:35',NULL),(87,36,49,NULL,1,'8137064',1,2,NULL,'Client compliqué',NULL,'om','2020-11-10 14:56:03',NULL),(88,36,49,NULL,3,'7860485',1,2,NULL,NULL,NULL,'O M','2020-11-10 15:03:33',NULL),(89,53,70,70,3,'5668779',1,2,NULL,NULL,NULL,'M O M O','2020-11-10 17:11:32',NULL),(90,53,70,NULL,3,'2847544',1,0,NULL,NULL,NULL,'C A S H','2020-11-11 17:34:57','2020-11-13 18:13:19'),(91,53,70,70,3,'3070271',1,2,NULL,NULL,NULL,'C A S H','2020-11-11 17:36:40',NULL),(92,52,99,NULL,18,'8572729',1,0,NULL,NULL,NULL,'cash','2020-11-11 17:53:31',NULL),(93,52,99,NULL,18,'3384104',1,0,NULL,NULL,NULL,'cash','2020-11-11 17:53:32',NULL),(94,52,99,NULL,18,'9042357',1,0,NULL,NULL,NULL,'cash','2020-11-11 17:53:32',NULL),(95,52,98,NULL,18,'6823561',1,0,NULL,NULL,NULL,'cash','2020-11-11 18:04:17',NULL),(96,52,97,NULL,18,'1769977',1,2,NULL,NULL,NULL,'cash','2020-11-11 18:20:53',NULL),(97,53,70,NULL,20,'5314043',1,0,NULL,NULL,NULL,'cash','2020-11-12 16:51:32','2020-11-12 18:39:08'),(98,36,49,NULL,1,'4222689',1,2,NULL,NULL,NULL,'om','2020-11-12 22:03:56',NULL),(99,57,70,NULL,25,'2041184',1,1,NULL,NULL,NULL,'cash','2020-11-13 17:46:33','2020-11-13 18:19:54'),(100,36,49,NULL,1,'1148607',1,2,NULL,'cool',NULL,'momo','2020-11-16 19:08:36',NULL),(101,58,8,8,3,'5553427',1,2,NULL,NULL,NULL,'O M','2020-11-19 02:07:09',NULL),(102,60,8,NULL,3,'1379193',1,0,NULL,NULL,NULL,'M O M O','2020-11-19 02:17:54',NULL),(103,58,8,NULL,3,'3015001',1,0,NULL,NULL,NULL,'C A S H','2020-11-19 02:57:49','2020-11-19 03:09:22'),(104,60,8,NULL,3,'2879307',1,0,NULL,NULL,NULL,'C A S H','2020-11-19 02:58:39','2020-11-19 03:12:03'),(105,58,8,NULL,3,'3797931',1,1,NULL,NULL,NULL,'M O M O','2020-11-19 02:59:44',NULL),(106,57,70,NULL,3,'7180729',1,0,NULL,NULL,NULL,'O M','2020-11-20 06:09:06',NULL),(107,53,70,70,3,'8938077',1,2,NULL,NULL,NULL,'M O M O','2020-11-21 01:25:50',NULL),(108,36,49,NULL,3,'7496527',1,2,NULL,NULL,NULL,'C A S H','2020-11-27 07:36:59',NULL),(109,36,49,NULL,3,'9949572',1,2,NULL,NULL,NULL,'C A S H','2020-11-27 21:32:01',NULL),(110,53,70,70,3,'2533379',1,2,NULL,NULL,NULL,'C A S H','2020-11-28 16:07:01',NULL),(111,36,49,49,3,'9565381',1,2,NULL,NULL,NULL,'O M','2020-12-02 07:57:28',NULL),(112,36,49,NULL,1,'8094313',1,0,NULL,'client dangereux',NULL,'om','2020-12-02 17:20:11',NULL),(113,36,49,NULL,1,'5256909',1,0,NULL,NULL,NULL,'om','2020-12-05 10:37:11',NULL),(114,36,114,NULL,1,'9619516',1,0,NULL,NULL,NULL,'cash','2020-12-05 10:42:34',NULL),(115,36,114,NULL,1,'9923952',1,1,NULL,NULL,NULL,'momo','2020-12-05 11:20:45',NULL),(116,36,49,49,1,'1589371',1,2,NULL,NULL,NULL,'cash','2020-12-07 11:44:26',NULL),(117,36,52,NULL,1,'4710466',1,0,NULL,NULL,NULL,'momo','2020-12-07 12:05:13',NULL),(118,36,52,NULL,1,'8894719',1,0,NULL,NULL,NULL,'momo','2020-12-07 12:05:14',NULL);
/*!40000 ALTER TABLE `sales` ENABLE KEYS */;
UNLOCK TABLES;

--
-- Table structure for table `sites`
--

DROP TABLE IF EXISTS `sites`;
/*!40101 SET @saved_cs_client     = @@character_set_client */;
/*!50503 SET character_set_client = utf8mb4 */;
CREATE TABLE `sites` (
  `id` bigint(20) unsigned NOT NULL AUTO_INCREMENT,
  `company_id` bigint(20) unsigned NOT NULL,
  `name` varchar(191) COLLATE utf8mb4_unicode_ci DEFAULT NULL,
  `slug` varchar(191) COLLATE utf8mb4_unicode_ci DEFAULT NULL,
  `email` varchar(191) COLLATE utf8mb4_unicode_ci NOT NULL,
  `phone1` varchar(191) COLLATE utf8mb4_unicode_ci DEFAULT NULL,
  `phone2` varchar(191) COLLATE utf8mb4_unicode_ci DEFAULT NULL,
  `town` varchar(191) COLLATE utf8mb4_unicode_ci DEFAULT NULL,
  `street` varchar(191) COLLATE utf8mb4_unicode_ci DEFAULT NULL,
  `is_active` tinyint(4) NOT NULL DEFAULT '1',
  `created_at` datetime NOT NULL DEFAULT CURRENT_TIMESTAMP,
  `deleted_at` timestamp NULL DEFAULT NULL,
  PRIMARY KEY (`id`)
) ENGINE=InnoDB AUTO_INCREMENT=66 DEFAULT CHARSET=utf8mb4 COLLATE=utf8mb4_unicode_ci;
/*!40101 SET character_set_client = @saved_cs_client */;

--
-- Dumping data for table `sites`
--

LOCK TABLES `sites` WRITE;
/*!40000 ALTER TABLE `sites` DISABLE KEYS */;
INSERT INTO `sites` VALUES (1,2,'Becker-Bashirian','becker-bashirian','uwiegand@lebsack.com','916-649-5010 x76626','349.369.5571','Hawaii','East Dennisville',1,'2020-09-03 21:56:09',NULL),(2,4,'Schimmel, Brown and Wilderman','schimmelbrownandwilderman','emanuel.schulist@stanton.com','329.531.9870 x4009','1-540-667-7621 x25875','Virginia','North Kirahaven',1,'2020-09-03 21:56:09',NULL),(3,1,'Wiegand PLC','wiegandplc','reggie.zboncak@dooley.com','1-569-395-9429 x07576','+1-885-816-4144','Tennessee','Christopbury',1,'2020-09-03 21:56:09',NULL),(4,4,'Lakin Inc','lakininc','josue.kemmer@hartmann.org','210.901.9945 x62724','263.724.9848','Indiana','South Nathenside',1,'2020-09-03 21:56:09',NULL),(5,1,'Klein, Hodkiewicz and Ledner','kleinhodkiewiczandledner','qdeckow@wuckert.net','(224) 478-8907 x70915','+1-923-884-2461','Hawaii','Lanefort',1,'2020-09-03 21:56:09',NULL),(6,2,'Wolf-Hills','wolf-hills','rkreiger@abernathy.net','(496) 428-7744','+1-423-450-9962','Louisiana','Dannyport',1,'2020-09-03 21:56:09',NULL),(7,1,'Wunsch-Spinka','wunsch-spinka','simonis.reagan@lehner.com','1-987-613-6099 x97303','658.963.1186 x8538','Iowa','Karliefort',1,'2020-09-03 21:56:09',NULL),(8,3,'Ratke Inc','ratkeinc','matteo83@romaguera.com','(949) 676-2274','493.770.3181 x374','Nebraska','Eddside',1,'2020-09-03 21:56:09',NULL),(9,1,'Berge, Jones and Gleason','bergejonesandgleason','medhurst.kenna@marquardt.org','1-513-673-5676 x7974','1-297-997-4192','Kansas','Eldoraville',1,'2020-09-03 21:56:10',NULL),(10,1,'Jones Inc','jonesinc','jpowlowski@ullrich.biz','1-715-486-9474 x5840','1-812-878-5101 x3989','Indiana','New Joeltown',1,'2020-09-03 21:56:10',NULL),(11,3,'Okuneva, Blanda and Swaniawski','okunevablandaandswaniawski','winnifred89@ziemann.org','(726) 345-6035','961.671.8216 x95688','Kentucky','North Celestineview',1,'2020-09-03 21:56:10',NULL),(12,4,'Huel-Harvey','huel-harvey','reynolds.tess@pacocha.org','1-826-914-6943','(747) 879-1959 x12404','Oregon','North Christophe',1,'2020-09-03 21:56:10',NULL),(13,3,'Reilly, Jast and Casper','reillyjastandcasper','abernathy.braxton@rodriguez.com','1-354-800-2064','290.964.4725','North Carolina','North Nelleton',1,'2020-09-03 21:56:10',NULL),(14,3,'Hudson, Kutch and Schoen','hudsonkutchandschoen','davis.karl@king.com','1-539-760-0948 x4896','953.352.9960','West Virginia','Ashlytown',1,'2020-09-03 21:56:10',NULL),(15,1,'McCullough, Strosin and McKenzie','mcculloughstrosinandmckenzie','runolfsson.juvenal@marquardt.org','+1-710-449-0055','(412) 592-8248','Maryland','Ornside',1,'2020-09-03 21:56:10',NULL),(16,1,'Kessler Inc','kesslerinc','tluettgen@kohler.com','+1-606-502-4832','214.765.7833 x527','Montana','West Delilahview',1,'2020-09-03 21:56:10',NULL),(17,2,'Wiza-Stracke','wiza-stracke','terrence.quigley@bayer.com','1-882-319-7595','+1.821.963.9898','Mississippi','South Laila',1,'2020-09-03 21:56:10',NULL),(18,2,'Kozey-Wintheiser','kozey-wintheiser','hegmann.nakia@west.com','796-636-3403 x3770','1-374-561-1312','Mississippi','Port Juvenal',1,'2020-09-03 21:56:10',NULL),(19,1,'Heller, Mayert and Quigley','hellermayertandquigley','homenick.jerrold@powlowski.com','+1-730-380-8103','713.644.1754 x58362','Ohio','South Esperanza',1,'2020-09-03 21:56:10',NULL),(20,2,'Emmerich Group','emmerichgroup','clovis11@bashirian.info','(525) 347-8023 x5044','+1 (793) 687-7527','California','Handton',1,'2020-09-03 21:56:10',NULL),(21,3,'Hilpert and Sons','hilpertandsons','jaskolski.hortense@haley.com','591-392-5316 x162','+1-219-812-2718','Florida','South Tavares',1,'2020-09-03 21:56:10',NULL),(22,2,'Reilly, Baumbach and Harber','reillybaumbachandharber','lurline81@rippin.info','+1-703-889-0803','389-933-5112 x420','Hawaii','Tyresemouth',1,'2020-09-03 21:56:11',NULL),(23,4,'Olson and Sons','olsonandsons','theron.lind@koepp.com','871-485-2243 x325','939.415.2356','Georgia','New Dana',1,'2020-09-03 21:56:11',NULL),(24,4,'Veum LLC','veumllc','trycia.barton@tromp.com','852-350-0787 x450','(783) 749-7345','Kentucky','Eleonoremouth',1,'2020-09-03 21:56:11',NULL),(25,3,'Harvey-Cummerata','harvey-cummerata','stanley.kertzmann@robel.com','+1 (285) 707-2484','547.798.6099 x56259','West Virginia','Yundtchester',1,'2020-09-03 21:56:11',NULL),(26,3,'Cormier, Will and Murazik','cormierwillandmurazik','greenfelder.dorthy@casper.net','224.646.3678','550.281.7927 x156','Kentucky','North Anthony',1,'2020-09-03 21:56:11',NULL),(27,3,'Wiegand Inc','wiegandinc','fanny.thompson@lind.org','473.495.0380','(360) 589-1658','Maryland','Braunmouth',1,'2020-09-03 21:56:11',NULL),(28,2,'Ziemann and Sons','ziemannandsons','monserrate.rowe@klocko.net','670.277.7917 x233','(785) 600-5554','Minnesota','Julioland',1,'2020-09-03 21:56:11',NULL),(29,1,'Goyette, D\'Amore and Considine','goyettedamoreandconsidine','renner.etha@wunsch.com','340-398-8821','1-558-504-6418','Virginia','Hermannmouth',1,'2020-09-03 21:56:11',NULL),(30,3,'Cronin-Price','cronin-price','herzog.marie@fisher.org','+15816160629','1-529-297-8160 x4510','Virginia','Ziemeton',1,'2020-09-03 21:56:11',NULL),(31,6,'le Relais Bastos','slug1','lrbastos@gmail.com','223344556',NULL,'Yaoundé','Miniprix Bastos',1,'2020-09-03 21:56:19','2020-11-04 18:59:47'),(32,6,'Le Relais Elig-edzoa','slug2','lrnlongkak@gmail.com','223984456',NULL,'Yaoundé','Elig-edzoa Pharmacie',1,'2020-09-03 21:56:19','2020-11-04 19:00:09'),(33,6,'le Relais Akwa','slug3','lrakwa@gmail.com','223344556',NULL,'Douala','Akwa',1,'2020-09-03 21:56:19','2020-11-13 18:22:42'),(34,5,'Facebook','slug4','facebook@gmail.com','224144556',NULL,'Douala','Ange raphael',1,'2020-09-03 21:56:19',NULL),(35,5,'Dream palace','slug5','dream@gmail.com','227144556',NULL,'Douala','Ange raphael',1,'2020-09-03 21:56:19',NULL),(36,7,'John lounge','john-lounge','test@gmail','696926144','696926144','yaoundé','odza',1,'2020-09-04 12:25:01',NULL),(37,8,'hamid','hamid','ipem_laure@yahoo.fr','652656083',NULL,'yde','mvan',1,'2020-09-06 09:52:00',NULL),(38,9,'Sarah love','sarah-love','sarahdikosso@gmail.com','699712102',NULL,'Yaoundé','Mimboman',1,'2020-09-06 10:52:39',NULL),(39,10,'jkdfslfjs','jkdfslfjs','jdksljflkreo@jfklsf.com','655775646',NULL,'kjdlsjlw','djsklfjslw',1,'2020-09-15 14:51:54',NULL),(40,11,'Smiley','smiley','smiley@gmail.com','654236789',NULL,'yaounde','retraite',1,'2020-09-24 17:50:39',NULL),(41,6,'zouaves','zouaves','email@hmail.com','655256396',NULL,'Yaounde','jouvence',1,'2020-10-10 03:26:41','2020-11-03 16:51:11'),(42,12,'DianaPub1','dianapub1','dianaaalger@gmail.com','699999999',NULL,'Yaoundé','City',1,'2020-10-10 21:09:47',NULL),(43,12,'DianaPub2','dianapub2','dianaaalger@gmail.com','699999998',NULL,'Yaoundé','odja',1,'2020-10-10 22:01:52',NULL),(44,13,'TchopEnjoy','tchopenjoy','tchopenjoy@gmail.com','675678765',NULL,'Yaounde','Mendong',1,'2020-10-11 13:53:19',NULL),(45,13,'Djoungolo','djoungolo','djoungolo@gmail.com','675645342',NULL,'Douala','Akwa',1,'2020-10-11 14:06:17',NULL),(46,14,'easytech','easytech','kinguedominique294@gmail.com','697214611','6992146110','yaounde','odza',1,'2020-11-02 17:12:24','2020-11-04 19:01:41'),(47,15,'resto1ékoumdoum','resto1koumdoum','rkape01@gmail.com','656299612','671546291','Yaoundé','ékoumdoum',1,'2020-11-02 18:03:16',NULL),(48,14,'yann','yann','kingu.yann@yahoo.fr','677232354',NULL,'douala','odza',1,'2020-11-02 19:13:43','2020-11-03 16:47:50'),(49,16,'Site basgos','site-basgos','bagos@gmail.com','675845636',NULL,'Yaoundé','Happi',1,'2020-11-04 17:27:37',NULL),(50,17,'site1','site1','site1@gmail.com','652563968','695859535','Yaounde','Awae',1,'2020-11-04 18:36:31',NULL),(51,18,'snack1','snack1','kingsop@yahoo.fr','693232359',NULL,'yaounde','odza',1,'2020-11-04 19:28:06',NULL),(52,14,'easytech1','easytech1','easytech@gmail.com','675816224','697738196','douala','Nkomo',1,'2020-11-04 20:02:28','2020-11-13 15:48:32'),(53,14,'op','op','op@gmail.com','548751546','548745215','yaoundé','mkomo',1,'2020-11-06 17:33:39',NULL),(54,14,'Douala','douala','neraspirata@gmail.com','693757273','692856896','yaounde','nkomo',1,'2020-11-08 17:25:09','2020-11-09 16:34:16'),(55,19,'daniel','daniel','danielndam9@gmail.com','698985253','698741332','Yaoundé','awai',1,'2020-11-09 11:36:48',NULL),(56,14,'VERIFICATION','verification','VERIF@GMAIL.COM','999999888','999666888','NGOAYA','TCHADA',1,'2020-11-09 16:33:37',NULL),(57,14,'gamba','gamba','gamba@gmail.com','663669336','693696463','gamba city','gamba city',1,'2020-11-10 16:41:27',NULL),(58,6,'Essai','essai','essaiw@gmail.com','668985898',NULL,'Yaounde','Journée',1,'2020-11-13 18:08:41',NULL),(59,6,'essai','essai','essai2@gmail.com','689689858',NULL,'Yaounde','Jouvence',1,'2020-11-13 20:19:46','2020-11-13 20:20:52'),(60,6,'blackish','blackish','blackish@gmail.com','678954348',NULL,'Yaounde','Jouvence',1,'2020-11-19 01:50:29','2020-12-07 18:33:00'),(61,6,'delete','delete','delete123@gmail.com','654567865',NULL,'Douala','Bonanjo',1,'2020-11-19 01:51:16','2020-11-19 01:51:50'),(62,20,'nouveau site','nouveau-site','nouveausite@gmail.com','688998877',NULL,'Yaounde','Jouvence',1,'2020-11-19 21:56:00',NULL),(63,21,'nouveau site9','nouveau-site9','nouveausite9@gmail.com','688998876',NULL,'Yaounde','Jouvence',1,'2020-11-19 21:57:26',NULL),(64,7,'John Lounge vip','john-lounge-vip','johnvip@gmail.com','698787878','698878787','Douala','Bonapriso',1,'2020-11-30 09:08:50',NULL),(65,22,'Le chico Ekoumdoum','le-chico-ekoumdoum','josephyvesmanga@yahoo.fr','695002777',NULL,'Yaoundé','Ekoumdoum',1,'2020-12-07 10:20:05',NULL);
/*!40000 ALTER TABLE `sites` ENABLE KEYS */;
UNLOCK TABLES;

--
-- Table structure for table `subscriptions`
--

DROP TABLE IF EXISTS `subscriptions`;
/*!40101 SET @saved_cs_client     = @@character_set_client */;
/*!50503 SET character_set_client = utf8mb4 */;
CREATE TABLE `subscriptions` (
  `id` int(10) unsigned NOT NULL AUTO_INCREMENT,
  `company_id` int(11) DEFAULT NULL,
  `type_id` int(11) DEFAULT NULL,
  `end_date` datetime NOT NULL,
  `status` tinyint(4) NOT NULL DEFAULT '0',
  `is_active` tinyint(4) NOT NULL DEFAULT '1',
  `created_at` datetime NOT NULL DEFAULT CURRENT_TIMESTAMP,
  `deleted_at` timestamp NULL DEFAULT NULL,
  `licence_number` varchar(191) COLLATE utf8mb4_unicode_ci NOT NULL DEFAULT 'TEST',
  PRIMARY KEY (`id`)
) ENGINE=InnoDB AUTO_INCREMENT=84 DEFAULT CHARSET=utf8mb4 COLLATE=utf8mb4_unicode_ci;
/*!40101 SET character_set_client = @saved_cs_client */;

--
-- Dumping data for table `subscriptions`
--

LOCK TABLES `subscriptions` WRITE;
/*!40000 ALTER TABLE `subscriptions` DISABLE KEYS */;
INSERT INTO `subscriptions` VALUES (1,5,1,'2020-11-03 21:56:18',0,1,'2020-09-03 21:56:19',NULL,'TEST'),(2,6,1,'2020-11-03 21:56:18',0,1,'2020-09-03 21:56:19',NULL,'TEST'),(3,1,4,'2020-09-04 21:56:38',0,1,'2020-09-03 21:56:38',NULL,'TEST'),(4,2,3,'2020-09-15 21:56:38',0,1,'2020-09-03 21:56:38',NULL,'TEST'),(5,3,1,'2020-09-06 21:56:38',0,1,'2020-09-03 21:56:38',NULL,'TEST'),(6,4,2,'2020-09-09 21:56:39',0,1,'2020-09-03 21:56:39',NULL,'TEST'),(7,5,3,'2020-09-15 21:56:39',0,0,'2020-09-03 21:56:39',NULL,'TEST'),(8,6,3,'2020-09-15 21:56:39',0,0,'2020-09-03 21:56:39',NULL,'TEST'),(10,8,2,'2020-09-12 09:52:00',0,1,'2020-09-06 09:52:00',NULL,'TEST'),(11,9,4,'2020-09-07 10:52:39',0,0,'2020-09-06 10:52:39',NULL,'TEST'),(12,10,1,'2020-09-18 14:51:54',0,1,'2020-09-15 14:51:54',NULL,'TEST'),(13,6,3,'2020-10-21 23:03:36',0,1,'2020-09-21 23:03:36',NULL,'TEST'),(16,6,4,'2020-11-05 17:06:32',0,0,'2020-09-24 17:06:32',NULL,'TEST'),(19,7,3,'2020-12-14 17:46:06',0,1,'2020-09-24 17:12:42',NULL,'TEST'),(20,7,3,'2020-12-14 17:46:06',0,1,'2020-09-24 17:12:44',NULL,'TEST'),(21,7,3,'2020-12-14 17:46:06',0,1,'2020-09-24 17:13:31',NULL,'TEST'),(22,11,1,'2020-10-24 17:50:40',0,1,'2020-09-24 17:50:40',NULL,'TEST'),(23,7,3,'2020-12-14 17:46:06',0,1,'2020-09-25 12:32:40',NULL,'TEST'),(26,8,1,'2020-10-25 14:53:31',0,1,'2020-09-25 14:53:31',NULL,'TEST'),(28,5,1,'2020-10-25 15:50:51',0,1,'2020-09-25 15:50:51',NULL,'TEST'),(30,5,4,'2020-10-10 15:56:32',0,1,'2020-09-25 15:56:32',NULL,'TEST'),(31,1,1,'2020-10-25 16:19:25',0,1,'2020-09-25 16:19:25',NULL,'TEST'),(32,2,4,'2020-10-10 16:22:45',0,1,'2020-09-25 16:22:45',NULL,'TEST'),(33,1,2,'2020-10-25 16:24:11',0,1,'2020-09-25 16:24:11',NULL,'TEST'),(34,1,4,'2020-10-10 16:24:49',0,1,'2020-09-25 16:24:49',NULL,'TEST'),(35,1,3,'2020-11-08 16:28:26',0,1,'2020-09-25 16:28:26',NULL,'TEST'),(36,1,1,'2020-11-08 16:29:19',0,1,'2020-09-25 16:29:19',NULL,'TEST'),(37,1,4,'2020-10-24 16:30:43',0,1,'2020-09-25 16:30:43',NULL,'TEST'),(38,1,1,'2020-11-22 16:31:44',0,1,'2020-09-25 16:31:44',NULL,'TEST'),(39,1,2,'2020-11-22 16:33:55',0,1,'2020-09-25 16:33:55',NULL,'TEST'),(40,8,4,'2020-10-10 16:49:07',0,1,'2020-09-25 16:49:07',NULL,'TEST'),(41,10,4,'2020-10-10 16:51:27',0,1,'2020-09-25 16:51:27',NULL,'TEST'),(42,9,2,'2020-10-25 16:53:47',0,1,'2020-09-25 16:53:47',NULL,'TEST'),(43,3,1,'2020-10-25 16:54:15',0,1,'2020-09-25 16:54:15',NULL,'TEST'),(44,12,1,'2020-11-09 21:09:47',0,1,'2020-10-10 21:09:47',NULL,'TEST'),(45,13,4,'2020-10-26 13:53:19',0,1,'2020-10-11 13:53:19',NULL,'TEST'),(46,7,3,'2020-12-14 17:46:06',0,1,'2020-10-28 10:17:39',NULL,'TEST'),(47,7,3,'2020-12-14 17:46:06',0,1,'2020-10-28 10:19:37',NULL,'TEST'),(48,7,3,'2020-12-14 17:46:06',0,1,'2020-10-28 10:20:20',NULL,'TEST'),(49,7,3,'2020-12-14 17:46:06',0,1,'2020-10-28 10:25:37',NULL,'TEST'),(50,7,3,'2020-12-14 17:46:06',0,1,'2020-10-28 10:26:07',NULL,'TEST'),(51,7,3,'2020-12-14 17:46:06',0,1,'2020-10-28 10:53:35',NULL,'TEST'),(52,7,3,'2020-12-14 17:46:06',0,1,'2020-10-28 11:15:31',NULL,'TEST'),(53,7,3,'2020-12-14 17:46:06',0,1,'2020-10-28 20:40:18',NULL,'TEST'),(54,7,3,'2020-12-14 17:46:06',0,1,'2020-10-28 20:40:43',NULL,'TEST'),(55,1,1,'2020-11-28 05:02:57',0,1,'2020-10-29 05:02:57',NULL,'TEST'),(56,13,1,'2020-11-28 05:03:21',0,1,'2020-10-29 05:03:21',NULL,'TEST'),(57,1,1,'2020-11-28 05:05:46',0,1,'2020-10-29 05:05:46',NULL,'TEST'),(58,1,1,'2020-11-28 07:44:53',0,1,'2020-10-29 07:44:53',NULL,'TEST'),(59,1,4,'2020-11-13 07:47:17',0,1,'2020-10-29 07:47:17',NULL,'TEST'),(60,1,4,'2020-11-27 07:47:19',0,1,'2020-10-29 07:47:19',NULL,'TEST'),(61,6,4,'2020-11-20 07:48:10',0,0,'2020-10-29 07:48:10',NULL,'TEST'),(62,7,3,'2020-12-14 17:46:06',0,1,'2020-10-30 17:53:09',NULL,'TEST'),(63,7,3,'2020-12-14 17:46:06',0,1,'2020-10-30 17:55:20',NULL,'TEST'),(65,7,3,'2020-12-14 17:46:06',0,1,'2020-10-30 17:58:28',NULL,'TEST'),(66,7,3,'2020-12-14 17:46:06',0,1,'2020-10-30 18:01:08',NULL,'TEST'),(67,7,3,'2020-12-14 17:46:06',0,1,'2020-10-30 18:01:27',NULL,'TEST'),(68,7,3,'2020-12-14 17:46:06',0,1,'2020-10-30 18:01:27',NULL,'TEST'),(69,7,3,'2020-12-14 17:46:06',0,1,'2020-10-30 18:03:08',NULL,'TEST'),(70,7,3,'2020-12-14 17:46:06',0,1,'2020-10-30 18:03:31',NULL,'TEST'),(71,7,3,'2020-12-14 17:46:06',0,1,'2020-10-30 18:03:32',NULL,'TEST'),(73,5,3,'2020-11-29 18:46:22',0,1,'2020-10-30 18:46:22',NULL,'TEST'),(75,5,4,'2020-11-14 21:55:11',0,1,'2020-10-30 21:55:11',NULL,'TEST'),(76,14,4,'2021-01-31 17:12:24',0,1,'2020-11-02 17:12:24',NULL,'TEST'),(77,15,1,'2020-12-02 18:03:16',0,1,'2020-11-02 18:03:16',NULL,'TEST'),(78,16,1,'2020-12-04 17:27:37',0,1,'2020-11-04 17:27:37',NULL,'TEST'),(79,17,3,'2020-12-04 18:36:31',0,1,'2020-11-04 18:36:31',NULL,'TEST'),(80,18,1,'2020-12-04 19:28:06',0,1,'2020-11-04 19:28:06',NULL,'TEST'),(81,20,3,'2020-12-19 21:56:01',0,0,'2020-11-19 21:56:01',NULL,'L122L1KZ'),(82,21,3,'2020-12-19 21:57:26',0,0,'2020-11-19 21:57:26',NULL,'L122L1KZ'),(83,22,4,'2021-03-07 10:20:05',0,0,'2020-12-07 10:20:05',NULL,'L122L1KZ');
/*!40000 ALTER TABLE `subscriptions` ENABLE KEYS */;
UNLOCK TABLES;

--
-- Table structure for table `suppliers`
--

DROP TABLE IF EXISTS `suppliers`;
/*!40101 SET @saved_cs_client     = @@character_set_client */;
/*!50503 SET character_set_client = utf8mb4 */;
CREATE TABLE `suppliers` (
  `id` int(10) unsigned NOT NULL AUTO_INCREMENT,
  `site_id` int(11) DEFAULT NULL,
  `name` varchar(191) COLLATE utf8mb4_unicode_ci NOT NULL,
  `company_name` varchar(191) COLLATE utf8mb4_unicode_ci DEFAULT NULL,
  `email` varchar(191) COLLATE utf8mb4_unicode_ci DEFAULT NULL,
  `phone1` varchar(191) COLLATE utf8mb4_unicode_ci DEFAULT NULL,
  `phone2` varchar(191) COLLATE utf8mb4_unicode_ci DEFAULT NULL,
  `town` varchar(191) COLLATE utf8mb4_unicode_ci DEFAULT NULL,
  `postal_code` varchar(191) COLLATE utf8mb4_unicode_ci DEFAULT NULL,
  `street` varchar(191) COLLATE utf8mb4_unicode_ci DEFAULT NULL,
  `is_active` tinyint(4) NOT NULL DEFAULT '1',
  `created_at` datetime NOT NULL DEFAULT CURRENT_TIMESTAMP,
  `deleted_at` timestamp NULL DEFAULT NULL,
  PRIMARY KEY (`id`)
) ENGINE=InnoDB AUTO_INCREMENT=61 DEFAULT CHARSET=utf8mb4 COLLATE=utf8mb4_unicode_ci;
/*!40101 SET character_set_client = @saved_cs_client */;

--
-- Dumping data for table `suppliers`
--

LOCK TABLES `suppliers` WRITE;
/*!40000 ALTER TABLE `suppliers` DISABLE KEYS */;
INSERT INTO `suppliers` VALUES (1,28,'Josianne Toy','Macejkovic, Russel and Rempel','lloyd.gislason@lueilwitz.com','648.908.5551 x3353','+1-343-883-6438','Illinois',NULL,'South Marilyne',1,'2020-09-03 21:56:13',NULL),(2,3,'Dr. Brooks Murphy','Hirthe Ltd','zschimmel@romaguera.org','(467) 663-3994','306-427-8078 x7290','Alaska',NULL,'Port Heloise',1,'2020-09-03 21:56:13',NULL),(3,10,'Javier O\'Reilly','Roberts-Torphy','oda.klein@wuckert.com','1-713-937-0950 x5150','307.847.1815 x837','Hawaii',NULL,'Constanceville',1,'2020-09-03 21:56:14',NULL),(4,9,'Frederique Stokes','Wiza LLC','ezekiel.abshire@russel.com','(316) 487-9260','1-318-483-2758','Ohio',NULL,'South Jonland',1,'2020-09-03 21:56:14',NULL),(5,22,'Freddie Emmerich','Moen-Kozey','abshire.florence@rosenbaum.org','1-629-801-4323','(934) 202-9487','South Dakota',NULL,'Port Soledad',1,'2020-09-03 21:56:14',NULL),(6,24,'Beau Dooley Sr.','Ebert-Schiller','adams.frida@koepp.biz','1-876-357-0848','+1 (716) 377-9809','Wisconsin',NULL,'New Kelly',1,'2020-09-03 21:56:14',NULL),(7,26,'Garry Thompson DDS','Kassulke PLC','nvandervort@konopelski.net','(450) 705-2674 x6301','(802) 554-9416 x2041','South Dakota',NULL,'East Ubaldostad',1,'2020-09-03 21:56:14',NULL),(8,4,'Prof. Joanny Wyman MD','Nitzsche PLC','reilly.abdiel@roob.com','(972) 702-5431 x5854','1-204-484-6970','Alaska',NULL,'Lake Daishatown',1,'2020-09-03 21:56:14',NULL),(9,30,'Ms. Jade Corkery III','Marquardt, Schinner and Glover','schowalter.marta@morissette.com','842.767.2521 x79536','1-726-859-4167 x536','Idaho',NULL,'Port Amyaborough',1,'2020-09-03 21:56:14',NULL),(10,1,'Mrs. Earnestine Wolf PhD','Marks-Sipes','hamill.king@ortiz.com','338-841-7496','397-908-6115 x851','Vermont',NULL,'North Federicoton',1,'2020-09-03 21:56:14',NULL),(11,14,'Kristian Anderson','Mann Inc','violet.rogahn@ruecker.com','967.571.6567 x1341','+1 (579) 253-9227','South Carolina',NULL,'West Mafalda',1,'2020-09-03 21:56:14',NULL),(12,12,'Andreane Rowe','Hamill-Simonis','roel92@blanda.com','932.239.0969 x7301','(359) 927-7014 x9894','Minnesota',NULL,'Lake Helen',1,'2020-09-03 21:56:14',NULL),(13,30,'Lina Mante','Hahn Inc','bennie.olson@labadie.info','547-788-5715','473.313.2301 x68293','Utah',NULL,'Lavonshire',1,'2020-09-03 21:56:14',NULL),(14,19,'Jennie Jacobi Jr.','Pfannerstill, McDermott and Bernier','harry.thiel@hamill.com','+1-473-686-6826','(436) 492-5478 x0566','Utah',NULL,'Pamelafort',1,'2020-09-03 21:56:14',NULL),(15,5,'Ms. Jessica Kautzer DDS','Stoltenberg-Schmitt','johns.margaret@franecki.net','1-919-574-2239 x369','271-639-2878 x3876','Kansas',NULL,'Port Kasandramouth',1,'2020-09-03 21:56:14',NULL),(16,7,'Dr. Angelita Lowe PhD','Bradtke Ltd','zterry@zboncak.com','1-517-528-8831 x17750','821-667-4051 x4916','Nebraska',NULL,'Jazmynefort',1,'2020-09-03 21:56:15',NULL),(17,18,'Prof. Dimitri McKenzie','Goldner Ltd','wilfred25@wilderman.com','1-430-566-3951 x0114','858-315-3200','Virginia',NULL,'Nikolausfort',1,'2020-09-03 21:56:15',NULL),(18,15,'Dr. Summer Rosenbaum II','Leannon-Mills','berta53@keeling.com','(740) 512-0844','+1 (234) 838-3674','Georgia',NULL,'Huelsborough',1,'2020-09-03 21:56:15',NULL),(19,13,'Selena Osinski','Yundt-Considine','amelie.cole@rowe.com','972.440.1255 x60610','1-725-387-4459','Arizona',NULL,'Predovicland',1,'2020-09-03 21:56:15',NULL),(20,12,'Genoveva Ritchie','Bahringer, Armstrong and Schmeler','rtorp@buckridge.net','956.944.6690','552-424-3060 x923','Illinois',NULL,'Spencerhaven',1,'2020-09-03 21:56:15',NULL),(21,23,'Dr. Corine McGlynn V','Ferry, Huel and Altenwerth','abailey@shields.com','1-734-814-3453 x836','370.576.8028','District of Columbia',NULL,'Smithport',1,'2020-09-03 21:56:15',NULL),(22,24,'Miss Velda Roberts','Boehm, Nicolas and Metz','ukihn@aufderhar.com','1-869-283-7863','+1 (782) 859-9157','Iowa',NULL,'Port Hailie',1,'2020-09-03 21:56:15',NULL),(23,25,'Deanna Senger','Hessel, Schinner and Sporer','swatsica@hammes.biz','+1-245-387-4851','1-372-833-1191 x051','Wisconsin',NULL,'Brennahaven',1,'2020-09-03 21:56:15',NULL),(24,7,'Ms. Sierra O\'Hara','Fay-Wintheiser','furman21@waters.com','+12166784292','523.205.9476 x1471','New Jersey',NULL,'Boylefort',1,'2020-09-03 21:56:15',NULL),(25,26,'Lyda Greenfelder','Braun-Schuppe','haley.juston@lakin.com','(792) 841-1131 x719','856-858-5429 x03789','Indiana',NULL,'Jonathonfurt',1,'2020-09-03 21:56:15',NULL),(26,23,'Leanne Oberbrunner','Reilly Group','anastacio68@miller.com','396.681.1039 x7056','(345) 457-8371 x4137','California',NULL,'New Agustin',1,'2020-09-03 21:56:15',NULL),(27,3,'Alvera Littel','Schaden-Waters','botsford.davonte@keeling.com','576.475.7746 x240','+1-984-548-8660','North Dakota',NULL,'Colleenfort',1,'2020-09-03 21:56:15',NULL),(28,13,'Darion Dickens','Prohaska, Sanford and Lebsack','katherine16@bernier.net','+1-774-230-7765','312.306.7425 x1390','Georgia',NULL,'Shanahanfort',1,'2020-09-03 21:56:15',NULL),(29,18,'Clifford Kautzer','Zulauf-Breitenberg','ecormier@becker.com','(253) 259-8260 x971','1-494-485-7260 x917','Kentucky',NULL,'Borisside',1,'2020-09-03 21:56:15',NULL),(30,16,'Enrico O\'Keefe','Jerde Inc','emerson.stracke@wyman.com','(593) 590-6019','968.553.4369 x697','Wyoming',NULL,'North Kathrynhaven',1,'2020-09-03 21:56:15',NULL),(31,24,'Kenya Zboncak','Farrell, Trantow and Dooley','creynolds@streich.com','(698) 471-5731 x05606','930-761-5453','Washington',NULL,'New Kylieview',1,'2020-09-03 21:56:16',NULL),(32,12,'Mazie Mayert','Emmerich PLC','douglas.deanna@vandervort.info','364-257-9423 x2624','(779) 707-6195','Massachusetts',NULL,'Nathanielchester',1,'2020-09-03 21:56:16',NULL),(33,10,'Dr. Trevion Brekke II','Paucek-Hauck','benton11@west.net','238.710.8901 x7719','1-412-544-6189 x8704','California',NULL,'Port Tressie',1,'2020-09-03 21:56:16',NULL),(34,27,'Lottie Bashirian','Schumm, Friesen and Gleichner','aufderhar.aaron@wilkinson.com','541-540-2784','589-450-6236','Delaware',NULL,'East Destin',1,'2020-09-03 21:56:16',NULL),(35,16,'Gay Boyer','Roberts PLC','geoffrey68@damore.com','+18548523404','(257) 490-2764 x69958','Washington',NULL,'Estellemouth',1,'2020-09-03 21:56:16',NULL),(36,8,'Prof. Libbie Casper','Maggio-Ferry','antonia.ullrich@kuphal.net','+1-458-678-0134','254.615.7444 x8915','California',NULL,'East Jarrettview',1,'2020-09-03 21:56:16',NULL),(37,8,'Miss Susan Kuhic','Leuschke, Zboncak and Maggio','carroll.fernando@abbott.com','913.596.5574 x0360','+1 (385) 516-1398','Wisconsin',NULL,'South Joyceberg',1,'2020-09-03 21:56:16',NULL),(38,8,'Mr. Alec Gleason Jr.','Runte Inc','ortiz.victoria@sawayn.biz','609-441-2525','+1-924-841-5548','Iowa',NULL,'Juvenalmouth',1,'2020-09-03 21:56:16',NULL),(39,13,'Dr. Americo Parker','VonRueden and Sons','wmcdermott@rutherford.com','+1-496-251-4775','763.347.6037','Delaware',NULL,'Trompbury',1,'2020-09-03 21:56:16',NULL),(40,23,'Mr. Kenyon Jenkins','Spinka, Walker and Cronin','block.nelson@christiansen.com','982.846.1102','308.364.3744','Oregon',NULL,'Flavioville',1,'2020-09-03 21:56:16',NULL),(41,36,'Marlyne Daisy','Depot Daisy','depot@gmail.com','677926144',NULL,'Yaoundé',NULL,'Mbog abang',1,'2020-09-04 12:59:37',NULL),(42,40,'Andre Abessolo','Time to tchop','andre@gmail.com','657234567',NULL,'Yaounde','bp534','ekoumdoum',1,'2020-09-24 18:23:25',NULL),(43,31,'Brasseries','Brasserie','test@gmail.com','665544225',NULL,'Ville','963','Quartier',1,'2020-10-09 09:30:25',NULL),(44,32,'Brasseries','Brasserie','test@gmail.com','665544225',NULL,'Ville','963','Quartier',1,'2020-10-09 09:30:26',NULL),(45,33,'Brasseries','Brasserie','test@gmail.com','665544225',NULL,'Ville','963','Quartier',1,'2020-10-09 09:30:26',NULL),(46,36,'Dejo','Le Chico','lechico@test.com','697726144',NULL,'Yaounde','471','Nkomo',1,'2020-10-09 20:42:28',NULL),(47,44,'Brasseries du Cameroun','Brasserie','brasseriecameroun@gmail.com','678956845',NULL,'Yaounde','36789 Yde','Efoula',1,'2020-10-11 17:32:24',NULL),(48,45,'Brasseries du Cameroun','Brasserie','brasseriecameroun@gmail.com','678956845',NULL,'Yaounde','36789 Yde','Efoula',1,'2020-10-11 17:32:24',NULL),(49,44,'Kadji','Kadji','kadji@gmail.com','655745754',NULL,'Douala','56778 Dla','Akwa',1,'2020-10-11 17:33:15',NULL),(50,45,'Kadji','Kadji','kadji@gmail.com','655745754',NULL,'Douala','56778 Dla','Akwa',1,'2020-10-11 17:33:15',NULL),(51,46,'hartin','easytech','kingu.yann@gmail.com','697462111','656556226206','yaounde','237','odza',1,'2020-11-03 18:26:05',NULL),(52,46,'kin','dalas','kingorg@gmail.com','565822546',NULL,'yaounde','565','odza',1,'2020-11-03 18:40:44',NULL),(53,46,'khkhg',NULL,NULL,'778578541',NULL,'ykyto','rtyo','royjt',1,'2020-11-03 18:46:10',NULL),(54,35,'fournisseur',NULL,NULL,'889988999','778877665','ville',NULL,'quartier',1,'2020-11-04 20:21:03',NULL),(55,52,'king','dcdr','kingu.yann@yahoo.com','653221900','552869030','yaounde','237','odza',1,'2020-11-05 18:42:37',NULL),(56,53,'fopa','2k Food&Drink','armelfopa6@gmail.com','653381728','691966122','douala','237','bonapriso',1,'2020-11-06 18:07:58',NULL),(57,53,'dovv','dovv','dovv@gmail.com','699999999','789797616','yaounde','237','messamendongo',1,'2020-11-06 18:14:31','2020-11-06 18:14:58'),(58,52,'BABAH','BABAH SARL','BABAH@GMAIL.COM','622222222','699955888','YOKADOUMA','237','AUCUN',1,'2020-11-11 17:46:15','2020-11-11 17:46:28'),(59,58,'Brasseries Du Cameroun','SABC','sabc@gmail.com','698584934','685948545','Yaounde','30738 Yde','Awae-Escalier',1,'2020-11-19 01:57:44',NULL),(60,60,'Brasseries Du Cameroun','SABC','sabc@gmail.com','698584934','685948545','Yaounde','30738 Yde','Awae-Escalier',1,'2020-11-19 01:57:44',NULL);
/*!40000 ALTER TABLE `suppliers` ENABLE KEYS */;
UNLOCK TABLES;

--
-- Table structure for table `taxes`
--

DROP TABLE IF EXISTS `taxes`;
/*!40101 SET @saved_cs_client     = @@character_set_client */;
/*!50503 SET character_set_client = utf8mb4 */;
CREATE TABLE `taxes` (
  `id` int(10) unsigned NOT NULL AUTO_INCREMENT,
  `name` varchar(191) COLLATE utf8mb4_unicode_ci DEFAULT NULL,
  `rate` double DEFAULT NULL,
  `is_active` tinyint(4) NOT NULL DEFAULT '1',
  `created_at` datetime NOT NULL DEFAULT CURRENT_TIMESTAMP,
  `deleted_at` timestamp NULL DEFAULT NULL,
  PRIMARY KEY (`id`)
) ENGINE=InnoDB DEFAULT CHARSET=utf8mb4 COLLATE=utf8mb4_unicode_ci;
/*!40101 SET character_set_client = @saved_cs_client */;

--
-- Dumping data for table `taxes`
--

LOCK TABLES `taxes` WRITE;
/*!40000 ALTER TABLE `taxes` DISABLE KEYS */;
/*!40000 ALTER TABLE `taxes` ENABLE KEYS */;
UNLOCK TABLES;

--
-- Table structure for table `team_user`
--

DROP TABLE IF EXISTS `team_user`;
/*!40101 SET @saved_cs_client     = @@character_set_client */;
/*!50503 SET character_set_client = utf8mb4 */;
CREATE TABLE `team_user` (
  `user_id` int(10) unsigned NOT NULL,
  `team_id` int(10) unsigned NOT NULL
) ENGINE=InnoDB DEFAULT CHARSET=utf8mb4 COLLATE=utf8mb4_unicode_ci;
/*!40101 SET character_set_client = @saved_cs_client */;

--
-- Dumping data for table `team_user`
--

LOCK TABLES `team_user` WRITE;
/*!40000 ALTER TABLE `team_user` DISABLE KEYS */;
INSERT INTO `team_user` VALUES (52,1),(50,2),(51,2),(53,2),(15,3),(22,3),(27,4),(25,4),(53,1),(56,1),(88,5),(84,5),(84,8),(86,8),(90,8),(9,10),(10,10),(13,10),(9,11),(10,11),(21,11),(28,11),(30,11),(41,11),(13,11),(9,12),(13,12),(9,13),(10,13),(13,13),(21,13),(30,13),(9,14),(9,15),(10,15),(9,16),(105,18),(106,18),(107,19),(105,19),(94,20),(103,20),(103,21),(94,22),(103,22),(94,23);
/*!40000 ALTER TABLE `team_user` ENABLE KEYS */;
UNLOCK TABLES;

--
-- Table structure for table `teams`
--

DROP TABLE IF EXISTS `teams`;
/*!40101 SET @saved_cs_client     = @@character_set_client */;
/*!50503 SET character_set_client = utf8mb4 */;
CREATE TABLE `teams` (
  `id` int(10) unsigned NOT NULL AUTO_INCREMENT,
  `site_id` int(11) NOT NULL,
  `day` int(11) NOT NULL,
  `start` varchar(191) COLLATE utf8mb4_unicode_ci NOT NULL,
  `end` varchar(191) COLLATE utf8mb4_unicode_ci NOT NULL,
  `status` enum('1','0') COLLATE utf8mb4_unicode_ci NOT NULL DEFAULT '1',
  `created_at` datetime NOT NULL DEFAULT CURRENT_TIMESTAMP,
  PRIMARY KEY (`id`)
) ENGINE=InnoDB AUTO_INCREMENT=25 DEFAULT CHARSET=utf8mb4 COLLATE=utf8mb4_unicode_ci;
/*!40101 SET character_set_client = @saved_cs_client */;

--
-- Dumping data for table `teams`
--

LOCK TABLES `teams` WRITE;
/*!40000 ALTER TABLE `teams` DISABLE KEYS */;
INSERT INTO `teams` VALUES (1,36,1,'08:00','20:00','1','2020-09-26 11:34:37'),(2,36,1,'20:00','00:00','1','2020-09-26 11:36:24'),(3,31,1,'07:15','04:20','1','2020-10-09 06:16:18'),(4,31,1,'06:30','10:30','1','2020-10-09 06:19:01'),(5,52,1,'07:05','16:45','1','2020-11-09 16:44:02'),(8,52,6,'20:25','21:25','1','2020-11-09 19:25:21'),(10,33,1,'02:14','03:15','1','2020-11-11 01:15:31'),(11,33,1,'04:25','03:30','1','2020-11-11 01:16:52'),(12,33,2,'00:17','03:21','1','2020-11-11 01:17:28'),(13,33,3,'00:17','15:17','1','2020-11-11 01:18:18'),(14,33,3,'21:18','00:18','1','2020-11-11 01:18:52'),(15,33,7,'02:57','05:57','1','2020-11-11 01:57:29'),(16,33,5,'02:57','17:57','1','2020-11-11 01:57:59'),(17,52,1,'20:04','16:04','1','2020-11-11 19:04:33'),(18,58,1,'21:11','03:11','1','2020-11-13 20:15:59'),(19,58,6,'23:16','02:20','1','2020-11-13 20:16:43'),(20,53,1,'02:00','05:00','1','2020-11-20 01:01:03'),(21,53,3,'02:01','16:01','1','2020-11-20 01:01:34'),(22,53,3,'15:15','03:01','1','2020-11-20 01:02:08'),(23,53,5,'00:02','02:02','1','2020-11-20 01:02:59'),(24,53,1,'00:00','10:00','1','2020-12-02 17:14:01');
/*!40000 ALTER TABLE `teams` ENABLE KEYS */;
UNLOCK TABLES;

--
-- Table structure for table `types`
--

DROP TABLE IF EXISTS `types`;
/*!40101 SET @saved_cs_client     = @@character_set_client */;
/*!50503 SET character_set_client = utf8mb4 */;
CREATE TABLE `types` (
  `id` bigint(20) unsigned NOT NULL AUTO_INCREMENT,
  `title` varchar(191) COLLATE utf8mb4_unicode_ci NOT NULL,
  `duration` int(11) NOT NULL,
  `number_of_site` int(11) NOT NULL,
  `number_of_employee` int(11) NOT NULL,
  `price` int(11) NOT NULL,
  `is_active` tinyint(4) NOT NULL DEFAULT '1',
  `created_at` datetime NOT NULL DEFAULT CURRENT_TIMESTAMP,
  `deleted_at` timestamp NULL DEFAULT NULL,
  PRIMARY KEY (`id`)
) ENGINE=InnoDB AUTO_INCREMENT=6 DEFAULT CHARSET=utf8mb4 COLLATE=utf8mb4_unicode_ci;
/*!40101 SET character_set_client = @saved_cs_client */;

--
-- Dumping data for table `types`
--

LOCK TABLES `types` WRITE;
/*!40000 ALTER TABLE `types` DISABLE KEYS */;
INSERT INTO `types` VALUES (1,'silver',30,1,10,45000,1,'2020-09-03 21:56:16',NULL),(2,'bronze',30,1,25,50000,1,'2020-09-03 21:56:16',NULL),(3,'gold',30,1,50,70000,1,'2020-09-03 21:56:16',NULL),(4,'Version d\'Essaie',90,1,15,0,1,'2020-09-03 21:56:16',NULL);
/*!40000 ALTER TABLE `types` ENABLE KEYS */;
UNLOCK TABLES;

--
-- Table structure for table `units`
--

DROP TABLE IF EXISTS `units`;
/*!40101 SET @saved_cs_client     = @@character_set_client */;
/*!50503 SET character_set_client = utf8mb4 */;
CREATE TABLE `units` (
  `id` int(10) unsigned NOT NULL AUTO_INCREMENT,
  `code` varchar(191) COLLATE utf8mb4_unicode_ci NOT NULL,
  `name` varchar(191) COLLATE utf8mb4_unicode_ci NOT NULL,
  `base_unit` varchar(191) COLLATE utf8mb4_unicode_ci DEFAULT NULL,
  `operator` varchar(191) COLLATE utf8mb4_unicode_ci DEFAULT NULL,
  `operator_value` double DEFAULT NULL,
  `is_active` tinyint(4) NOT NULL DEFAULT '1',
  `created_at` datetime NOT NULL DEFAULT CURRENT_TIMESTAMP,
  `deleted_at` timestamp NULL DEFAULT NULL,
  PRIMARY KEY (`id`)
) ENGINE=InnoDB AUTO_INCREMENT=4 DEFAULT CHARSET=utf8mb4 COLLATE=utf8mb4_unicode_ci;
/*!40101 SET character_set_client = @saved_cs_client */;

--
-- Dumping data for table `units`
--

LOCK TABLES `units` WRITE;
/*!40000 ALTER TABLE `units` DISABLE KEYS */;
INSERT INTO `units` VALUES (1,'Btle','Bouteille',NULL,NULL,NULL,1,'2020-09-03 21:56:33',NULL),(2,'casier','Casier',NULL,NULL,NULL,1,'2020-09-03 21:56:33',NULL),(3,'carton','Carton',NULL,NULL,NULL,1,'2020-09-03 21:56:33',NULL);
/*!40000 ALTER TABLE `units` ENABLE KEYS */;
UNLOCK TABLES;

--
-- Table structure for table `users`
--

DROP TABLE IF EXISTS `users`;
/*!40101 SET @saved_cs_client     = @@character_set_client */;
/*!50503 SET character_set_client = utf8mb4 */;
CREATE TABLE `users` (
  `id` int(10) unsigned NOT NULL AUTO_INCREMENT,
  `role_id` int(11) DEFAULT NULL,
  `name` varchar(191) COLLATE utf8mb4_unicode_ci NOT NULL,
  `username` varchar(191) COLLATE utf8mb4_unicode_ci NOT NULL,
  `email` varchar(191) COLLATE utf8mb4_unicode_ci DEFAULT NULL,
  `phone` varchar(191) COLLATE utf8mb4_unicode_ci DEFAULT NULL,
  `photo` varchar(191) COLLATE utf8mb4_unicode_ci DEFAULT NULL,
  `address` varchar(191) COLLATE utf8mb4_unicode_ci DEFAULT NULL,
  `bio` text COLLATE utf8mb4_unicode_ci,
  `password` varchar(191) COLLATE utf8mb4_unicode_ci NOT NULL,
  `is_active` tinyint(4) NOT NULL DEFAULT '1',
  `is_admin` tinyint(4) NOT NULL DEFAULT '1',
  `email_verified_at` timestamp NULL DEFAULT NULL,
  `remember_token` varchar(100) COLLATE utf8mb4_unicode_ci DEFAULT NULL,
  `created_at` datetime NOT NULL DEFAULT CURRENT_TIMESTAMP,
  `deleted_at` timestamp NULL DEFAULT NULL,
  PRIMARY KEY (`id`)
) ENGINE=InnoDB AUTO_INCREMENT=120 DEFAULT CHARSET=utf8mb4 COLLATE=utf8mb4_unicode_ci;
/*!40101 SET character_set_client = @saved_cs_client */;

--
-- Dumping data for table `users`
--

LOCK TABLES `users` WRITE;
/*!40000 ALTER TABLE `users` DISABLE KEYS */;
INSERT INTO `users` VALUES (1,4,'Margaret Donnelly','mohammad.shanahan','annabel.walsh@example.org','+1-505-525-7640',NULL,'9233 Brent Shoals Apt. 291\nEast Tiffanyberg, VA 20896','Consequatur culpa accusantium officiis laudantium accusantium accusamus sit. Perspiciatis a eligendi fugit alias pariatur amet officiis. Reiciendis tempora voluptatem aut.','$2y$10$92IXUNpkjO0rOQ5byMi.Ye4oKoEa3Ro9llC/.og/at2.uheWG/igi',1,2,'2020-09-03 21:56:07','vbAxLfE4wK','2020-09-03 21:56:07',NULL),(2,1,'Prof. Al Bergstrom V','bschmidt','hills.tanya@example.com','532.785.5060 x509',NULL,'798 Satterfield Road Apt. 945\nMalliemouth, RI 99147-2331','Omnis quas eum inventore velit saepe. Corporis et sunt sint vitae et maxime autem. Cum aliquam nihil explicabo. Blanditiis accusamus et voluptatem nemo perspiciatis qui.','$2y$10$92IXUNpkjO0rOQ5byMi.Ye4oKoEa3Ro9llC/.og/at2.uheWG/igi',1,2,'2020-09-03 21:56:07','FL0RqGetNA','2020-09-03 21:56:07',NULL),(3,2,'Nikko Gulgowski','jherzog','desmond86@example.net','1-361-561-1930 x259',NULL,'66056 Emanuel Oval\nPort Otismouth, OH 45252','Amet rerum est ullam pariatur. Fuga rerum minima molestiae libero. Excepturi est et aperiam. Dolorum aut voluptatem veniam.','$2y$10$92IXUNpkjO0rOQ5byMi.Ye4oKoEa3Ro9llC/.og/at2.uheWG/igi',1,2,'2020-09-03 21:56:07','TO7rI7hoez','2020-09-03 21:56:07',NULL),(4,2,'Mr. Branson Bednar Jr.','nathanial21','andy.kuphal@example.com','1-631-555-0746 x818',NULL,'99766 Feeney Avenue Suite 424\nAsiahaven, IN 19311','Ducimus corporis tempore sunt fuga consequatur voluptates aut. Odit ullam iste qui dolores debitis corporis rerum. Nam officia nemo vero a.','$2y$10$92IXUNpkjO0rOQ5byMi.Ye4oKoEa3Ro9llC/.og/at2.uheWG/igi',1,2,'2020-09-03 21:56:07','R0oKKjgTJH','2020-09-03 21:56:07',NULL),(5,2,'Super Administrator','superAdmin','superadmin@easytrack.com','123456789',NULL,'Bastos - Yaoundé',NULL,'$2y$10$6i0GNo3KFpPtjLS58CbY1uLuBFfJOPwhazu.s.8.7s8KGGp/AH.I2',1,3,NULL,NULL,'2020-09-03 21:56:18',NULL),(6,2,'Steve Wiltek','wiltek','wiltek@easytrack.com','698154430',NULL,'Santa Barbara - Yaoundé',NULL,'$2y$10$WFaPe78Hbq38grxVr7267O/YAbE5/21r4dkNExkimOfIDYipLgPL2',1,3,NULL,NULL,'2020-09-03 21:56:18',NULL),(7,1,'Estelle Belinga','estelle','estelle@easytrack.com','659401381',NULL,'Awaie Escalier - Yaoundé',NULL,'$2y$10$JkztvsOXFpvjDQCmYGhMteHvyBlgPpj2t1WYri/r0tJQ8fqRb8v36',1,2,NULL,NULL,'2020-09-03 21:56:18',NULL),(8,5,'Administrateur Directeur','admin','admin@easytrack.com','687601381',NULL,'Akwa  - Douala',NULL,'$2y$10$qg9f6zUhQ/4Ngm7lM.GKSOvqVWxTh.vmreGJJD7VPqrRryXt7oVOu',1,2,NULL,NULL,'2020-09-03 21:56:18',NULL),(9,2,'employee 0','employee0','employee0@gmail.com','874907779','template/assets/static/users/Le Relais de la Citée/le Relais Akwa/employee0.png','adresse employee0',NULL,'$2y$10$e5li20V1bFGrfiOI3R1zD.NAnHO1DQO9cGhMfXd8fVdeTKYQbWM5y',1,1,NULL,NULL,'2020-09-03 21:56:19','2020-11-13 18:22:40'),(10,4,'employee 1','employee1','employee1@gmail.com','973501933',NULL,'adresse employee1',NULL,'$2y$10$ycb7/Y.6bImrSSglswcKTuxpjGk20N38lwzknio2phTN86y1dvMUS',1,1,NULL,NULL,'2020-09-03 21:56:20','2020-11-13 18:22:41'),(11,3,'employee 2','employee2','employee2@gmail.com','863905051',NULL,'adresse employee2',NULL,'$2y$10$hN4GyB6KHpwPuepdko1zvOryhAwixphdvOoHMQ0pxKeJz3n0lmai2',1,1,NULL,NULL,'2020-09-03 21:56:20',NULL),(12,4,'employee 3','employee3','employee3@gmail.com','947257439',NULL,'adresse employee3',NULL,'$2y$10$I1P/OIXAKE0AJffKx4SyH..RkYD2LHmaJ46hcliPr.83EiYZNqAaO',1,1,NULL,NULL,'2020-09-03 21:56:20',NULL),(13,1,'employee 4','employee4','employee4@gmail.com','994970855',NULL,'adresse employee4',NULL,'$2y$10$41w4QLxjZmVpYr0iHTgeCee9.1vZLOYytBuK3TTAkn0dGER2.lWJW',1,1,NULL,NULL,'2020-09-03 21:56:21','2020-11-13 18:22:41'),(14,2,'employee 5','employee5','employee5@gmail.com','829943184',NULL,'adresse employee5',NULL,'$2y$10$ddnK9ZwJRI.P52WY1TUIgeo1Pbmh5AHzeQcBCpvFKAaBN3N0852nW',1,1,NULL,NULL,'2020-09-03 21:56:21',NULL),(15,1,'employee 6','employee6','employee6@gmail.com','850657698',NULL,'adresse employee6',NULL,'$2y$10$uoZDSk5mH36IeUmeRpClz.rLbVrjt3ZBw6zaBFoqLGiP4XFDo6cda',1,1,NULL,NULL,'2020-09-03 21:56:21','2020-11-04 18:59:44'),(16,3,'employee 7','employee7','employee7@gmail.com','852610281',NULL,'adresse employee7',NULL,'$2y$10$YXxWUYwICMLKrH9biUpuDOh0GEqPnhFa2Ud1s7k2jdEziavKxawkO',1,1,NULL,NULL,'2020-09-03 21:56:22',NULL),(17,1,'employee 8','employee8','employee8@gmail.com','936894573',NULL,'adresse employee8',NULL,'$2y$10$59dgKJA89xVPiOPs/ASWhONrXmnDL7GK.c1cutx1wXTxQW5CXLUf6',1,1,NULL,NULL,'2020-09-03 21:56:22',NULL),(18,4,'employee 9','employee9','employee9@gmail.com','959647037',NULL,'adresse employee9',NULL,'$2y$10$dpwQhIzzuSuNvlMeZxng8ecMtGSsly3MjdafzlY9ULqbzsU/ML1nG',1,1,NULL,NULL,'2020-09-03 21:56:22','2020-11-13 18:22:41'),(19,4,'employee 10','employee10','employee10@gmail.com','986905914',NULL,'adresse employee10',NULL,'$2y$10$ayc33bETWQwc0PEY8rFPTOBYlPP.qPbK0pubO0Rwjvea21oI6EHba',1,1,NULL,NULL,'2020-09-03 21:56:23','2020-11-04 20:27:44'),(20,2,'employee 11','employee11','employee11@gmail.com','983049519',NULL,'adresse employee11',NULL,'$2y$10$W3yiFm2wPNE5XdMcPgWT0uiaCAoQKMbUMT7YjF3r7LsAirfGHFVcy',1,1,NULL,NULL,'2020-09-03 21:56:23',NULL),(21,4,'employee 12','employee12','employee12@gmail.com','986810189',NULL,'adresse employee12',NULL,'$2y$10$DMwmhsW2d61y7FNjfZcUru1FD1kM4sJXTvuZ3cCk6xHQhcdzW1yTG',1,1,NULL,NULL,'2020-09-03 21:56:23','2020-11-13 18:22:41'),(22,1,'employee 13','employee13','employee13@gmail.com','935701449',NULL,'adresse employee13',NULL,'$2y$10$UpnL6neAYUHO/3ZhRCjCd.6Fwyq9W0439qCmg0JOAtLRigi4.qJCy',1,1,NULL,NULL,'2020-09-03 21:56:24','2020-11-04 18:59:45'),(23,1,'employee 14','employee14','employee14@gmail.com','972613642',NULL,'adresse employee14',NULL,'$2y$10$Ch4usOXtsofJA.S2odkpBOJxXE/XhVM1O8O5LTPSS8MGgjHmnTrt6',1,1,NULL,NULL,'2020-09-03 21:56:24','2020-11-04 19:00:07'),(24,2,'employee 15','employee15','employee15@gmail.com','967819846',NULL,'adresse employee15',NULL,'$2y$10$LebSwB3Mc.DCgyxc3RLcweqk9KWj.fpWh/DuU1Wn8FJG/KRtUH8sO',1,1,NULL,NULL,'2020-09-03 21:56:24','2020-11-04 18:59:45'),(25,3,'employee 16','employee16','employee16@gmail.com','830227101',NULL,'adresse employee16',NULL,'$2y$10$Wt8YSvTFLi5VoOwEthmQ9O2H8CDauNkiKjk36G8vLSiQvcyY4lELC',1,1,NULL,NULL,'2020-09-03 21:56:25','2020-11-04 18:59:45'),(26,2,'employee 17','employee17','employee17@gmail.com','991488387',NULL,'adresse employee17',NULL,'$2y$10$rZNv8M1c9Jgl6tQu9wta0uPtNu7UCHXOEQeeL3mnNsq60SDftImNq',1,1,NULL,NULL,'2020-09-03 21:56:25','2020-11-04 19:00:08'),(27,1,'employee 18','employee18','employee18@gmail.com','875346470',NULL,'adresse employee18',NULL,'$2y$10$Dfjrm9wBCkaz8qAa.ai9a..hrKAe5s5Q24ZEOgYASfCWCIU1akOLq',1,1,NULL,NULL,'2020-09-03 21:56:25','2020-11-04 18:59:45'),(28,2,'employee 19','employee19','employee19@gmail.com','981886204',NULL,'adresse employee19',NULL,'$2y$10$LSLYWEzGsJtsN/Y4U/GdBOBfRLbiZBi4/BW6SXHh4l9/J3Fmb9iD6',1,1,NULL,NULL,'2020-09-03 21:56:26','2020-11-13 18:22:41'),(29,1,'employee 20','employee20','employee20@gmail.com','918191626',NULL,'adresse employee20',NULL,'$2y$10$I7GnaKwUc291VWh92UoFueP9IpINVH.bAsecx63Kc8A66LY6T1UWe',1,1,NULL,NULL,'2020-09-03 21:56:26',NULL),(30,2,'employee 21','employee21','employee21@gmail.com','941106881',NULL,'adresse employee21',NULL,'$2y$10$endln1uZBsLOoZKxfxw1jOD3Nk6gAKPFGc5OchLv4s7gtQCAvtvXG',1,1,NULL,NULL,'2020-09-03 21:56:27','2020-11-13 18:22:42'),(31,4,'employee 22','employee22','employee22@gmail.com','889767756',NULL,'adresse employee22',NULL,'$2y$10$8jONMS2UfrLQfF50OTsDTeq8hu9FfY4U4hOJjD9GCYEqo6UY9an4S',1,1,NULL,NULL,'2020-09-03 21:56:27',NULL),(32,2,'employee 23','employee23','employee23@gmail.com','925287883',NULL,'adresse employee23',NULL,'$2y$10$iemEOdxtHxvghqWbOfPkHeupjwIemKcZzEMVqYPjicsPhTjhb57gq',1,1,NULL,NULL,'2020-09-03 21:56:27',NULL),(33,5,'employee 24','employee24','employee24@gmail.com','779663990',NULL,'adresse employee24',NULL,'$2y$10$glXYrSa/zvgQjuihZTRtMOIFdRxi6wn6odqTniscKkKBHubwrh4Sm',1,1,NULL,NULL,'2020-09-03 21:56:28','2020-11-04 18:59:45'),(34,5,'employee 25','employee25','employee25@gmail.com','999625629',NULL,'adresse employee25',NULL,'$2y$10$wJc3HZy4XGU4h2e1qi5yWOOjUC1rnUh0ONX0mEzQadQryYMTEeq82',1,1,NULL,NULL,'2020-09-03 21:56:28','2020-11-04 19:00:08'),(35,2,'employee 26','employee26','employee26@gmail.com','821458970',NULL,'adresse employee26',NULL,'$2y$10$DqbRtbte5vvTdfVdc/qft.GqJOM6aW0GJQxSys9bXk11yOe1yqzmy',1,1,NULL,NULL,'2020-09-03 21:56:28',NULL),(36,1,'employee 27','employee27','employee27@gmail.com','965274693',NULL,'adresse employee27',NULL,'$2y$10$PMXfmPwiUfTVEGHXhcDjXOEcfy8Vt2cUeZ8Le5znKqHl1EoGs1QH6',1,1,NULL,NULL,'2020-09-03 21:56:29',NULL),(37,2,'employee 28','employee28','employee28@gmail.com','791640496',NULL,'adresse employee28',NULL,'$2y$10$VjzLcBs4XPgc5UEyTAnzEuKtvAaSgTKYNoudU6pYHfK2lvX9ahQce',1,1,NULL,NULL,'2020-09-03 21:56:29',NULL),(38,1,'employee 29','employee29','employee29@gmail.com','801246658',NULL,'adresse employee29',NULL,'$2y$10$T4KLnGHbCD8Kkenm/iSzdey86dXRT.PYub8C4z9ObR31po1iVVGmu',1,1,NULL,NULL,'2020-09-03 21:56:29',NULL),(39,1,'employee 30','employee30','employee30@gmail.com','864587076',NULL,'adresse employee30',NULL,'$2y$10$z/HD6OVa9GdRnq6rbzXQmumvLl60w/kdiAEF2pHmsKtO5HXz1rn2K',1,1,NULL,NULL,'2020-09-03 21:56:30','2020-11-04 19:00:08'),(40,4,'employee 31','employee31','employee31@gmail.com','990248415',NULL,'adresse employee31',NULL,'$2y$10$lLRimyLpc5roi9udxk.vn.x0mnMFSZVI.Cwl/Lwexa5yxYuZ5xMsy',1,1,NULL,NULL,'2020-09-03 21:56:30',NULL),(41,2,'employee 32','employee32','employee32@gmail.com','818271208',NULL,'adresse employee32',NULL,'$2y$10$SpwrCsdNgwBJyVRu7bZ8SOvdZz2rl1pVYZ8GN.DT2yPBX1gyAUEGG',1,1,NULL,NULL,'2020-09-03 21:56:30','2020-11-13 18:22:42'),(42,3,'employee 33','employee33','employee33@gmail.com','966471020',NULL,'adresse employee33',NULL,'$2y$10$9AUAdsTKiLxffJxsAhmZwetOgoJwvCmbBkdUFcolSlcr/3zHOMwtG',1,1,NULL,NULL,'2020-09-03 21:56:31',NULL),(43,4,'employee 34','employee34','employee34@gmail.com','997122094',NULL,'adresse employee34',NULL,'$2y$10$nPrZUGp3iVwK/vcHC4eVbOPS24oOlSZTSgfL34jXkpKBGPVKK4G2.',1,1,NULL,NULL,'2020-09-03 21:56:31','2020-11-03 16:35:40'),(44,1,'employee 35','employee35','employee35@gmail.com','874767667',NULL,'adresse employee35',NULL,'$2y$10$2Fx/KMYlpB3t.IcDC1m5qO3WqgmXSKA0fMNuikiXl5zZOriaotSRi',1,1,NULL,NULL,'2020-09-03 21:56:31','2020-11-04 19:00:08'),(45,1,'employee 36','employee36','employee36@gmail.com','789865988',NULL,'adresse employee36',NULL,'$2y$10$E3HPdqSLM2pCv7FB1QAmqexr8.whsmHgpZxzfRWlEJp4yi3EFNaxK',1,1,NULL,NULL,'2020-09-03 21:56:32','2020-11-04 19:00:08'),(46,3,'employee 37','employee37','employee37@gmail.com','886769055',NULL,'adresse employee37',NULL,'$2y$10$LRmpivPo1JmzJT6GO5acHuphjhOJjqTTAfoeuvhz9f7ownXmlH5wu',1,1,NULL,NULL,'2020-09-03 21:56:32','2020-11-04 18:59:46'),(47,1,'employee 38','employee38','employee38@gmail.com','982032361',NULL,'adresse employee38',NULL,'$2y$10$YJKy0hqSYGA0XfgwMDBaJe7s/9vCocWyq9yQbhnyrMJzhEC32WPXq',1,1,NULL,NULL,'2020-09-03 21:56:32','2020-11-04 18:59:46'),(48,5,'employee 39','employee39','employee39@gmail.com','804531076',NULL,'adresse employee39',NULL,'$2y$10$uKgyvfjjAS7njbmv5yiaFeW4tEaSLD/HTvmZst0Z3rBZfvGp3./7C',1,1,NULL,NULL,'2020-09-03 21:56:33','2020-11-04 19:00:09'),(49,5,'john Larry','johnlarry','test@gmail.com','696926144',NULL,'Ekoumdoum',NULL,'$2y$10$lieFT4UYbJZIRdBlQq/EqetreYBIJjyQv4Tn7amk5DvKVJBACGfPm',1,2,NULL,NULL,'2020-09-04 12:25:01',NULL),(50,1,'Alger Marceline','algermarceline','alger@gmail.com','696926145',NULL,'Ekoumdoum chéfferie','En charge des encaissements','$2y$10$RtoqPPSVDBV1paEQPYYCmukQT0DyEx/WpKebLpi.SpAkns9uoUcHS',1,1,NULL,NULL,'2020-09-04 12:50:04',NULL),(51,2,'Alger Daisy','daisyalger','daisy@gmail.com','696926143',NULL,'Ekoumdoum','service client','$2y$10$66pCoW1f9CEmKHT64T3HNO9HfPWNBCuR4l1L40SjmnbfitTgzZwGK',1,1,NULL,NULL,'2020-09-04 12:52:58',NULL),(52,2,'Diana Alger','dianaalger','diana@gmail.com','696926142',NULL,'Ekoumdoum chéfferie','service client','$2y$10$fe8XjNP8PqH0SW7PiCwMl.DpqgXZk8SgTr4mAf/jnZVdCRhWj6FvC',1,1,NULL,NULL,'2020-09-04 12:55:05',NULL),(53,2,'Ahmed sylla','ahmedsylla','ahmed@gmail.com','696926140',NULL,'kondengui','Top management','$2y$10$S6MLl3ITUzB/gpW9ftCLIeZGZaRmi/GmMCHkbLGV8CU0Zk0qgv7je',1,1,NULL,NULL,'2020-09-04 12:57:09',NULL),(54,5,'Hamidou','hamid','ipem_laure@yahoo.fr','652656083',NULL,'Yaoundé',NULL,'$2y$10$2m2Z7cgF9jIaJVIeCkENxOw1.P4MtKIWB0/Qal3y5D4KGX867c.HO',1,2,NULL,NULL,'2020-09-06 09:52:00',NULL),(55,5,'Dikosso Sarah','Sarah','belibistephanie@gmail.com','699712102',NULL,'Yaoundé mimboman',NULL,'$2y$10$FCP69Sjgb0fd.sIy5EPez.0ehdlN1uHb1T.MzCUXyyUoMLH/sVLue',1,2,NULL,NULL,'2020-09-06 10:52:39',NULL),(56,2,'Samuel Misse','sammisse','sam@gmail.com','696926147',NULL,'ekoumdoum',NULL,'$2y$10$38jknlLrVp93bqdyNZOeuO0FkvRuYSz3oDs8dvHnMS4walMLY1xla',1,1,NULL,NULL,'2020-09-14 16:04:55',NULL),(57,5,'dsfjalj','skls','fkldjgsjl@jkfsjg.vom','685968656',NULL,'jdkalfja',NULL,'$2y$10$tNLuRvnb4zQGPSsBRr9xWODFKacQ8Lx.G91i0IeBp7CepfZeCVzJu',1,2,NULL,NULL,'2020-09-15 14:51:54',NULL),(58,5,'Chokote','Chokote','chokote@gmail.com','657980923',NULL,'yaounde',NULL,'$2y$10$iNZHsRsxWfJDUQ6MFNpAt.jssXIL4h/IQ7X0Bdbs8p.LWYEyBlDba',1,2,NULL,NULL,'2020-09-24 17:50:39',NULL),(59,2,'Estelle Belinga','grayce','belinga@gmail.com','657892345',NULL,'yaounde',NULL,'$2y$10$en19cVRTLMPq1NhRVrcVjOB2RguossX3OwwsdlroMjaB7wIQiDd/a',1,1,NULL,NULL,'2020-09-24 17:54:59',NULL),(60,2,'Denise','Denise','sarah@gmail.com','653456789',NULL,'yaounde',NULL,'$2y$10$Bd4oJnrIO5C73fq/YNT4meLYBoXe2rz76lXnoXn9FIvAneT6O8.JC',1,1,NULL,NULL,'2020-09-24 18:04:07',NULL),(61,1,'Dylan junior','dylan','dylan@gmail.com','654678901',NULL,'ahala',NULL,'$2y$10$DegnMDOKjr2hmqfIS08P..D1ewY.RKH6fOHsGqNDPgbDh0eH4e8ny',1,1,NULL,NULL,'2020-09-24 18:06:05',NULL),(62,1,'test','test','test2@gmail.com','657891234',NULL,'ahala',NULL,'$2y$10$Sn1L9u3wsxm8XgA2gKobI.rRIJ3/YwOPINJyqBHIJt.hOIz/HRfqq',1,1,NULL,NULL,'2020-10-09 09:59:32',NULL),(63,1,'test2','test2','test3@gmail.com','657123456',NULL,'hskckjs',NULL,'$2y$10$xEzZA9dO3uorub1xaB0NBOJRwuJzTF8Eknjw6PzQiLLtdNu/GM/dW',1,1,NULL,NULL,'2020-10-09 10:12:38',NULL),(64,1,'ngiongboung andre nloutsiri','andre','andre@gmail.com','678564312',NULL,'ahala',NULL,'$2y$10$SiYnHt/Ljq66sKPbRTpT5OKxHIczhgDODGZEp3ZuWZmDqaP.ggK7W',1,1,NULL,NULL,'2020-10-09 10:22:10',NULL),(65,5,'Joanie Alger','jojo','dianaaalger@gmail.com','695385099',NULL,'odja',NULL,'$2y$10$xUnZOgM0eFaSCEinjMfJJOj1rcufeDSyu1uWAXoz3TqlyeFZQbYiu',1,2,NULL,NULL,'2020-10-10 21:09:47',NULL),(66,1,'Frédérica alger','Freda','dianaaallger@gmail.com','699999999',NULL,'odja',NULL,'$2y$10$gi43MziH5yBgg5Q1cY5jOenXBoFKlWYBwubUFAhckOloQjBIFfQTa',1,1,NULL,NULL,'2020-10-10 22:48:04',NULL),(67,5,'TATSI KETCHAPA YVAN','YvanTatsi','yvan.tatsiketchapa@gmail.com','699177985',NULL,'Yaounde',NULL,'$2y$10$czxsqCsQ6UNsYgJ.OUPCCOQloDoUL1FD.ANgVKAtZCiYMBWnWDqGS',1,2,NULL,NULL,'2020-10-11 13:53:19',NULL),(68,1,'Yvan','Yvan19','yvan@gmail1.com','675648574',NULL,'BIyem-assi',NULL,'$2y$10$qzL9n/V8WE61ppd/ZOFoyu5K7nwPkPGOoIYJAJ9JckyksdeqwhUy.',1,1,NULL,NULL,'2020-10-11 14:59:39',NULL),(69,3,'Adrien Tamdjokoue','adrientkat','adrienkta@gmail.com','694589535',NULL,'Yaounde',NULL,'$2y$10$8fAcsjBw0g5pv7Dz4oeggu7qUWVWwIE1AwDilbXPuiUYeDlYrO1Pq',1,1,NULL,NULL,'2020-10-11 16:03:25',NULL),(70,5,'kingue soppo','kingue','kinguedominique294@gmail.com','697214611',NULL,'yaounde',NULL,'$2y$10$5cST4bOD8/nSfkG4k2yDx.II9ZLY0ZilCBLQQceFbHdDPUJZgPmGC',1,2,NULL,NULL,'2020-11-02 17:12:24',NULL),(71,3,'123456','alice12','tchingaalice@yahoo.fr','675816225',NULL,'yad&é',NULL,'$2y$10$CDEhaKQk0z0p5j7YA33..eRQoyg2/Irtd3Poc4GuL8OUcukTUNS2m',1,1,NULL,NULL,'2020-11-02 17:25:18','2020-11-03 16:57:37'),(72,1,'ALICE','alice1','tchingaalice1@yahoo.fr','675816224',NULL,'12345',NULL,'$2y$10$E61smpSuNSaC8aM7sk62dOZcakQMrEEWYpwi8DB6wDZrE29HO2OT6',1,1,NULL,NULL,'2020-11-02 17:33:25','2020-11-04 19:01:40'),(73,5,'KAPE Raïssa1','raissa','rkape01@gmai.com','656299612',NULL,'Ekoumdoum_Yaoundé_CAMEROUN',NULL,'$2y$10$bxy3RyrYg9o/HMllX2hlLuEcWYXcR2ybaYc5imIZn3DuiCmnSgNqK',1,2,NULL,NULL,'2020-11-02 18:03:16',NULL),(74,1,'Estelle','Grace','belingaaestelle@gmail.com','697738197','template/assets/static/users/easytech/easytech/Grace.jpeg','yaounde-123',NULL,'$2y$10$PqWzZFn6LCByddLBml.AluKd3Y5VFOCpC0nsDlFxEfvmF6SBQX2si',1,1,NULL,NULL,'2020-11-02 18:07:07','2020-11-04 19:01:40'),(75,2,'Levis','levis','levis@yahoo.fr','693131314',NULL,'yaounde',NULL,'$2y$10$p2/WlWctHorGqbivcVfbqeW6OFIle/QHFg8I2FgJMkpm.G.7Ilo7.',1,1,NULL,NULL,'2020-11-02 19:10:36','2020-11-04 19:01:40'),(76,1,'Ludo','ludo','ludo@gmail.com','691414141',NULL,'yaounde',NULL,'$2y$10$UG.UPnt.2jeRrlkIbRe/N.fwwtDFD/3SiVKOdPipMrPRGpvpo1AdW',1,1,NULL,NULL,'2020-11-02 19:34:01','2020-11-04 19:01:40'),(77,4,'Eko','Eko','eko@gmail.com','697738198',NULL,'yaounde',NULL,'$2y$10$d7IqD.3j8TvIBELpKUVlrOxCtMe7NtiWCPcKrNReG2ngQDPY8XGZS',1,1,NULL,NULL,'2020-11-02 19:38:58','2020-11-04 19:01:40'),(78,2,'Raissa','Raissah','raissa@gmail.com','697738190',NULL,'yaounde',NULL,'$2y$10$nhW5eGousWdB0h2LtFZRC.YOxjHeHOu0OkUg7tQFKjd24yLH3HiQ6',1,1,NULL,NULL,'2020-11-02 19:56:03','2020-11-04 19:01:41'),(79,1,'Armel','Armel','armel@gmail.com','675826225',NULL,'yaounde',NULL,'$2y$10$gNGD6Xz2pfXKhMslnmngROgGgnRLlgK1Oq0uCfUDY0AilyqjMQiKC',1,1,NULL,NULL,'2020-11-03 16:57:13','2020-11-04 19:01:41'),(80,4,'kesnel davy','kesnel','armelfopa6@gmail.com','691966122','template/assets/static/users/easytech/easytech/kesnel.png','biyem-assi lycée','dynamique','$2y$10$fkjVLznLlcJNI4vnJt8GueVTXeOSETYNQ5qdkRaomdGbcuHyLMEY6',1,1,NULL,NULL,'2020-11-03 18:24:22','2020-11-03 18:59:24'),(81,5,'Tatsi ketchapa Yvan','yvanuser','adrien@gmail.com','655236595',NULL,'Yaounde',NULL,'$2y$10$jO.ZRK46hO94sJ6DBnPf2.A9HwaB8dTsROxLMjTH6SnPIDGcTsGm.',1,2,NULL,NULL,'2020-11-04 17:27:37',NULL),(82,5,'Essai','usernamename','yvan1999@gmail.com','653696565',NULL,'essaie',NULL,'$2y$10$uEI7yUwddsazdg0wi57PxuCxxNCRVUjsUM8NrSxpiiRUtJzJj1nqm',1,2,NULL,NULL,'2020-11-04 18:36:31',NULL),(83,5,'Alice','king','kingue@dominigo','699967145',NULL,'yaounde',NULL,'$2y$10$bpbDR.znR3gpZB6AkiuI1utLsNyR65ZpdukwcfANK0zita4IovVIO',1,2,NULL,NULL,'2020-11-04 19:28:06',NULL),(84,1,'Raissa','Rai','raissa1@gmail.com','675816226',NULL,'nkomo',NULL,'$2y$10$u20kp5snmC9RzbsJXcYzWOZSYn9EHQyG8tn1CTyI2bzjGpW3e/Vlu',1,1,NULL,NULL,'2020-11-06 17:33:35','2020-11-11 17:08:32'),(85,2,'Kadal','Kadal','kadal@gmail.com','675816227',NULL,'awae',NULL,'$2y$10$XEzitazK/kiy.YE0MUIX9uPYmJiM61TVa32vYA8LB1NYefBgLxEWy',1,1,NULL,NULL,'2020-11-06 17:39:44','2020-11-06 17:55:04'),(86,3,'Christiana','Christiana','christiana@gmail.com','675816228',NULL,'ekoudoum',NULL,'$2y$10$PL6bvO1W2OZ5sL6cRBFV3uebSmyI.TPihT5yRMLS1FcvrnI2pE.j6',1,1,NULL,NULL,'2020-11-06 17:41:34','2020-11-11 18:30:51'),(87,3,'zeeeee','lqksjfl','wjkxvhijk@gmail.com','549414996',NULL,'lkcwjv','lmjgmoishvsodvj','$2y$10$uInyV.jcL4WTqAscaSMg6OmNqVRDhxjmUhwQaec5yyYLOTWXUI9Lm',1,1,NULL,NULL,'2020-11-06 17:55:43','2020-11-09 16:31:49'),(88,2,'raissah','raissana','rkape01@gmail.com','671546291',NULL,'ekoumdoum-yaounde',NULL,'$2y$10$l6bjnaChE7OMnWWNN2oLQ.lJGE8P2Nm2qFNm3muLrKGpqgRDorgLu',1,1,NULL,NULL,'2020-11-06 19:12:34','2020-11-13 15:48:30'),(89,5,'daniel','danipro','danielndam9@gmail.com','693468041',NULL,'awai',NULL,'$2y$10$fm1ngJ0g9p9UpzP/Rj7AOeG1I0h/tLYP6Plkt2leWqKUs0USEpJ9S',1,2,NULL,NULL,'2020-11-09 11:36:48',NULL),(90,2,'sopking','kingsop','kingu.yann@yahoo.com','697214610',NULL,'yaounde',NULL,'$2y$10$cngCEeSpW6i3kg01gFQBOuVi/tvExJddkunEZZL5N2M3P.P/X7eAu',1,1,NULL,NULL,'2020-11-09 16:38:24','2020-11-13 15:48:30'),(91,4,'TOTO','TOTO','TOTO@GMAIL.COM','333333225',NULL,'999777777','LKNJOIUHBGUYBU','$2y$10$W/r91o4ACb7a9xalx6winOeEsObtn7.qs2/FXMnxIN0N9BNK0Gvei',1,1,NULL,NULL,'2020-11-09 16:38:55',NULL),(92,4,'kevie','keke','rkevie@gmail.com','600000000',NULL,'ngousso',NULL,'$2y$10$Uk8J18uXQ0h.Xrs4fAsmX.QtRn/ueGPW7swhft9aAu7wt514rsWwW',1,1,NULL,NULL,'2020-11-09 16:51:07','2020-11-13 15:48:31'),(93,1,'armel','game','armel6@gmail.com','636336895',NULL,'636336256','ELSKDHVIO','$2y$10$6lTpHF.QE/biXYWSvGHEJOIN0hSLz646vGB0bONG./lNynhTiWL2q',1,1,NULL,NULL,'2020-11-09 17:15:58','2020-11-11 17:09:15'),(94,2,'KESNEL','PAPOU','K@GMAIL.COM','698782862',NULL,'698782852','LL','$2y$10$psinQw/fifXG1fmBP8XQr.KUgRddPMoKyhdQVXcDaKkRLQ98UARBa',1,1,NULL,NULL,'2020-11-09 17:27:39',NULL),(95,1,'POP','pop','pop@yahoo.com','655669900',NULL,'yaounde',NULL,'$2y$10$3y6pyaSP/KAkJkYpsy4E1.dNm8wfaCIoasa7SGAoVjZFwSammXlK2',1,1,NULL,NULL,'2020-11-10 18:12:18','2020-11-13 15:48:31'),(96,1,'popi','popi','popi@yahoo.com','654620024',NULL,'yaounde',NULL,'$2y$10$QFUHqVKi/Pw4E6JKfAYMj.6JvVJO7N4ui5aJv6aCUmhm.wBVSSUb.',1,1,NULL,NULL,'2020-11-10 18:15:43',NULL),(97,2,'RAISSA','RAISSA2','RAISSA2@GMAIL.COM','677777777',NULL,'666666666','DIFGPS','$2y$10$qB3yvuQfccA9qeG1BUMLzuT1KluNqvAPxn02plsTowNccB4PUMv6m',1,1,NULL,NULL,'2020-11-11 17:13:35','2020-11-13 15:48:31'),(98,2,'DOMINIQUE','DOMI','DOM@GMAIL.COM','677772777',NULL,'666666669','DIFGPSCLQ','$2y$10$VCKk/jPyRhjKoQJ6ZYRgS.7LRwEyaxLUZZ4Jd4GX2zLjy4wVyY4Ei',1,1,NULL,NULL,'2020-11-11 17:15:33','2020-11-13 15:48:31'),(99,4,'ARMEL','ARMI','ARM@GMAIL.COM','677772770',NULL,'666666660','DIFGPSCLQS','$2y$10$6F4zZ451d2eEwvRnlIBpMeC8t7tBGhxQC7FQyyp.LRGqSvqNj5BIK',1,1,NULL,NULL,'2020-11-11 17:16:56','2020-11-13 15:48:31'),(100,3,'ALICE','ALI','ALI@GMAIL.COM','677772723',NULL,'666666689','DIFGPSCLQS','$2y$10$1kAZEqKIcePBhFfYd/2gkegWyIBlX7RWRbZx8IaCwfx5jw5pqW8Ia',1,1,NULL,NULL,'2020-11-11 17:18:17','2020-11-13 15:48:32'),(101,2,'EBENYE Vanessa','ladyvans','ladyvans90@yahoo.fr','697022565',NULL,'Yaounde-Ekoumdoum',NULL,'$2y$10$28bbhAsa0Itf1nhcxgYtfutrNqYA3HZWMdNSgQp7VZaOxtbvZqPrO',1,1,NULL,NULL,'2020-11-13 12:21:16','2020-11-13 13:01:35'),(102,1,'Ebenye','vans','vans@gmail.com','657431289',NULL,'ekoumdoum',NULL,'$2y$10$bqhhuhmqAEKfBZUCFEjdw.LkcxXrOggMco7we0OY3Cf/cvXZqYtue',1,1,NULL,NULL,'2020-11-13 13:02:31',NULL),(103,2,'lol','lol','lol@gmail.com','632589178',NULL,'619896369','DSV','$2y$10$DmhPQw3fLIOAiZ1YPwQa7uUvrs5ppDIFyEExtKPf/4BefS7a3Lcwu',1,1,NULL,NULL,'2020-11-13 17:56:36',NULL),(104,2,'yvan','yvanyvan','yvanxc@gmail.com','652365896',NULL,'jouvence',NULL,'$2y$10$4WkVkTuSBlvULDezTFI6Au.Wo1f9LLwd/3cbOrtVaDdet3AWwZ0dK',1,1,NULL,NULL,'2020-11-13 18:24:53','2020-11-13 19:52:13'),(105,1,'essai','essaixc','essaixv@gmail.com','655256398',NULL,'jouvence',NULL,'$2y$10$lB4WPMxht/uY3IicvnKHkePhPT3XOlWY1eyZHmsv60v71K04VJ8t2',1,1,NULL,NULL,'2020-11-13 20:12:24','2020-11-19 01:53:00'),(106,3,'essai2','gmilnb','gmlinb@gmail.com','698754636',NULL,'akwa',NULL,'$2y$10$MryXFgHh8eVLciwm0d9abOFOl30oc9n0PgFP/80oMtfG1aur.XK3e',1,1,NULL,NULL,'2020-11-13 20:13:45',NULL),(107,4,'employée0','jamnb','ynan@gmail.com','675486986',NULL,'njam',NULL,'$2y$10$XZ9dHnpDj9vWnPVGfx2P5uAkNpaIHiLFsoqheXQCmkqsZp3e0LkkW',1,1,NULL,NULL,'2020-11-13 20:14:28','2020-11-19 01:53:55'),(108,5,'nouveau compte','nouveaucompte','nouveaucompte@gmail.com','675757463',NULL,'Yaounde',NULL,'$2y$10$VlybJnCrKls5OuHkxzHcjO6UENleT5Q3T8uddTP9RnOb/qThogDfG',1,2,NULL,NULL,'2020-11-19 21:56:00',NULL),(109,5,'nouveau compte','nouveaucompte1','nouveaucompte1@gmail.com','675767463',NULL,'Yaounde',NULL,'$2y$10$f3T8.f7tKTzblqmDf0xGC.z1QCOTXy2j6Td575dncy6LP7xxCZw32',1,2,NULL,NULL,'2020-11-19 21:57:26',NULL),(110,2,'ipem Arlette','Lauriestie','ipem_laure4@yahoo.fr','699071569',NULL,'complex BEAC',NULL,'$2y$10$G4P5oMgEx/qvtAi4gXJeN.ItbeSS.W41onwG2lZHXUpC1knfxRJJ2',1,1,NULL,NULL,'2020-11-30 08:54:07',NULL),(111,5,'onguene marwin','marwin','onguenemar@gmail.com','695555555',NULL,'Ekoumdoum',NULL,'$2y$10$Tki984BYgDca2TqCYKjSCupSaYE4I5S6v.L8teqDi2hQenBm8xP.q',1,1,NULL,NULL,'2020-11-30 09:17:29',NULL),(112,2,'Alice','alice','tchingaalice@gmail.com','676816227',NULL,'yaounde',NULL,'$2y$10$K6LfqpCd/LzBGDYPDbccg.BL5IBv0ZIXkASdqJ1URhM.6oTwfHQPe',1,1,NULL,NULL,'2020-12-01 08:22:31',NULL),(113,1,'Ladouce','Ladouce','ladouce@gmail.com','690000001',NULL,'awae',NULL,'$2y$10$VB/Z1OulknHhaWk5ZpWe/OK7TBf3fs2HNLWmWc963ynZYpOO4Qeom',1,1,NULL,NULL,'2020-12-01 09:07:53',NULL),(114,2,'Béeatrice Etoua','bea2020','bea@gmail.com','675047779',NULL,'Odza','Nouvel employé','$2y$10$XCDp2RzBo8K1UEhPljkYwuFA1ZN9rJgHI.4p9L.5mKm0JPnr8Y4x2',1,1,NULL,NULL,'2020-12-02 17:36:51',NULL),(115,2,'levis','levi','levis@gmail.com','677816225',NULL,'yaounde',NULL,'$2y$10$1vAEWViRZnD54/leMy6QBOJLEnqfkFHCJjyGOGwTuCdBCTted8cNK',1,1,NULL,NULL,'2020-12-02 18:47:04',NULL),(116,5,'manga angounda','chico','josephyvesmanga@yahoo.fr','695002777',NULL,'Ekoumdoum - Youndé',NULL,'$2y$10$6xPx6GrX9cxriQ53WI5YJ.mlPWhZdnyEFJbVQTHU..vwZIzC069DK',1,2,NULL,NULL,'2020-12-07 10:20:05',NULL),(117,1,'Valentine','Valentine2020','test2020@gmail.com','677907865',NULL,'Ekoumdoum',NULL,'$2y$10$Y.zlDK9xemRBvwViriOhCuZHD.XU0cFuf.vCrjHgVZbOAIF3v2vB2',1,1,NULL,NULL,'2020-12-07 11:18:35',NULL),(118,1,'Valentine','valentine20','valentine20@gmail.com','887788778',NULL,'Yaoundé - cradate',NULL,'$2y$10$gse64oYUx7K1yH5jfR0fhuxv85oIGC4anrCjJEMz9.Wf1VDrkq4h.',1,1,NULL,NULL,'2020-12-07 11:55:06',NULL),(119,2,'essai','essai22','essai21@gmail.com','698741255',NULL,'jouvence',NULL,'$2y$10$mYiBZXtqfB9qpQnpb.1/ROldATcqDIpAx.9EZ2EYgJkMgkqwiji9C',1,1,NULL,NULL,'2020-12-07 18:32:48',NULL);
/*!40000 ALTER TABLE `users` ENABLE KEYS */;
UNLOCK TABLES;

--
-- Table structure for table `vexpenses`
--

DROP TABLE IF EXISTS `vexpenses`;
/*!40101 SET @saved_cs_client     = @@character_set_client */;
/*!50503 SET character_set_client = utf8mb4 */;
CREATE TABLE `vexpenses` (
  `id` int(10) unsigned NOT NULL AUTO_INCREMENT,
  `site_id` int(11) DEFAULT NULL,
  `name` varchar(191) COLLATE utf8mb4_unicode_ci NOT NULL,
  `amount` double NOT NULL,
  `is_active` int(11) NOT NULL DEFAULT '1',
  `description` text COLLATE utf8mb4_unicode_ci,
  `created_at` datetime NOT NULL DEFAULT CURRENT_TIMESTAMP,
  `deleted_at` timestamp NULL DEFAULT NULL,
  PRIMARY KEY (`id`)
) ENGINE=InnoDB AUTO_INCREMENT=3 DEFAULT CHARSET=utf8mb4 COLLATE=utf8mb4_unicode_ci;
/*!40101 SET character_set_client = @saved_cs_client */;

--
-- Dumping data for table `vexpenses`
--

LOCK TABLES `vexpenses` WRITE;
/*!40000 ALTER TABLE `vexpenses` DISABLE KEYS */;
INSERT INTO `vexpenses` VALUES (1,53,'Eau',22000,1,'Charge d\'eau du mois de Octobre 2020','2020-12-02 17:56:26',NULL),(2,56,'Eau',15700,1,'Eau du mois de novembre','2020-12-02 18:09:26',NULL);
/*!40000 ALTER TABLE `vexpenses` ENABLE KEYS */;
UNLOCK TABLES;

--
-- Dumping routines for database 'easytrackdatabase'
--
/*!40103 SET TIME_ZONE=@OLD_TIME_ZONE */;

/*!40101 SET SQL_MODE=@OLD_SQL_MODE */;
/*!40014 SET FOREIGN_KEY_CHECKS=@OLD_FOREIGN_KEY_CHECKS */;
/*!40014 SET UNIQUE_CHECKS=@OLD_UNIQUE_CHECKS */;
/*!40101 SET CHARACTER_SET_CLIENT=@OLD_CHARACTER_SET_CLIENT */;
/*!40101 SET CHARACTER_SET_RESULTS=@OLD_CHARACTER_SET_RESULTS */;
/*!40101 SET COLLATION_CONNECTION=@OLD_COLLATION_CONNECTION */;
/*!40111 SET SQL_NOTES=@OLD_SQL_NOTES */;

-- Dump completed on 2020-12-07 19:44:15
